group_id,associate_field_code,associate_field_name,bachelor_program_name,bachelor_field_code,score_type
1,1101,Acil Bakım Teknikerliği,Acil Yardım ve Afet Yönetimi,8342,SAY
1,1101,Acil Bakım Teknikerliği,Hemşirelik,3204,SAY
1,1101,Acil Bakım Teknikerliği,Sağlık Yönetimi,6298,EA
1,1101,Acil Bakım Teknikerliği,Sosyal Hizmet,6318,EA
1,4201,Acil Yardım,Acil Yardım ve Afet Yönetimi,8342,SAY
1,4201,Acil Yardım,Hemşirelik,3204,SAY
1,4201,Acil Yardım,Sağlık Yönetimi,6298,EA
1,4201,Acil Yardım,Sosyal Hizmet,6318,EA
1,8585,Acil Yardım Teknikerliği,Acil Yardım ve Afet Yönetimi,8342,SAY
1,8585,Acil Yardım Teknikerliği,Hemşirelik,3204,SAY
1,8585,Acil Yardım Teknikerliği,Sağlık Yönetimi,6298,EA
1,8585,Acil Yardım Teknikerliği,Sosyal Hizmet,6318,EA
1,4202,Adli Tıp,Acil Yardım ve Afet Yönetimi,8342,SAY
1,4202,Adli Tıp,Hemşirelik,3204,SAY
1,4202,Adli Tıp,Sağlık Yönetimi,6298,EA
1,4202,Adli Tıp,Sosyal Hizmet,6318,EA
1,8589,Adli Tıp Teknikerliği,Acil Yardım ve Afet Yönetimi,8342,SAY
1,8589,Adli Tıp Teknikerliği,Hemşirelik,3204,SAY
1,8589,Adli Tıp Teknikerliği,Sağlık Yönetimi,6298,EA
1,8589,Adli Tıp Teknikerliği,Sosyal Hizmet,6318,EA
1,1103,Ağız Diş Sağlığı,Acil Yardım ve Afet Yönetimi,8342,SAY
1,1103,Ağız Diş Sağlığı,Hemşirelik,3204,SAY
1,1103,Ağız Diş Sağlığı,Sağlık Yönetimi,6298,EA
1,1103,Ağız Diş Sağlığı,Sosyal Hizmet,6318,EA
1,1104,Ağız ve Diş Sağlığı,Acil Yardım ve Afet Yönetimi,8342,SAY
1,1104,Ağız ve Diş Sağlığı,Hemşirelik,3204,SAY
1,1104,Ağız ve Diş Sağlığı,Sağlık Yönetimi,6298,EA
1,1104,Ağız ve Diş Sağlığı,Sosyal Hizmet,6318,EA
1,9178,Ambulans ve Acil Bakım,Acil Yardım ve Afet Yönetimi,8342,SAY
1,9178,Ambulans ve Acil Bakım,Hemşirelik,3204,SAY
1,9178,Ambulans ve Acil Bakım,Sağlık Yönetimi,6298,EA
1,9178,Ambulans ve Acil Bakım,Sosyal Hizmet,6318,EA
1,1105,Ambulans ve Acil Bakım Teknikerliği,Acil Yardım ve Afet Yönetimi,8342,SAY
1,1105,Ambulans ve Acil Bakım Teknikerliği,Hemşirelik,3204,SAY
1,1105,Ambulans ve Acil Bakım Teknikerliği,Sağlık Yönetimi,6298,EA
1,1105,Ambulans ve Acil Bakım Teknikerliği,Sosyal Hizmet,6318,EA
1,4205,Ameliyathane Hizmetleri,Acil Yardım ve Afet Yönetimi,8342,SAY
1,4205,Ameliyathane Hizmetleri,Hemşirelik,3204,SAY
1,4205,Ameliyathane Hizmetleri,Sağlık Yönetimi,6298,EA
1,4205,Ameliyathane Hizmetleri,Sosyal Hizmet,6318,EA
1,5302,Ameliyathane Teknikerliği,Acil Yardım ve Afet Yönetimi,8342,SAY
1,5302,Ameliyathane Teknikerliği,Hemşirelik,3204,SAY
1,5302,Ameliyathane Teknikerliği,Sağlık Yönetimi,6298,EA
1,5302,Ameliyathane Teknikerliği,Sosyal Hizmet,6318,EA
1,1106,Anestezi,Acil Yardım ve Afet Yönetimi,8342,SAY
1,1106,Anestezi,Hemşirelik,3204,SAY
1,1106,Anestezi,Sağlık Yönetimi,6298,EA
1,1106,Anestezi,Sosyal Hizmet,6318,EA
1,6107,Anestezi Teknikerliği,Acil Yardım ve Afet Yönetimi,8342,SAY
1,6107,Anestezi Teknikerliği,Hemşirelik,3204,SAY
1,6107,Anestezi Teknikerliği,Sağlık Yönetimi,6298,EA
1,6107,Anestezi Teknikerliği,Sosyal Hizmet,6318,EA
1,8512,Cerrahi Teknikerliği,Acil Yardım ve Afet Yönetimi,8342,SAY
1,8512,Cerrahi Teknikerliği,Hemşirelik,3204,SAY
1,8512,Cerrahi Teknikerliği,Sağlık Yönetimi,6298,EA
1,8512,Cerrahi Teknikerliği,Sosyal Hizmet,6318,EA
1,1147,Diyaliz,Acil Yardım ve Afet Yönetimi,8342,SAY
1,1147,Diyaliz,Hemşirelik,3204,SAY
1,1147,Diyaliz,Sağlık Yönetimi,6298,EA
1,1147,Diyaliz,Sosyal Hizmet,6318,EA
1,9196,İlk ve Acil Yardım (Myo/Yo),Acil Yardım ve Afet Yönetimi,8342,SAY
1,9196,İlk ve Acil Yardım (Myo/Yo),Hemşirelik,3204,SAY
1,9196,İlk ve Acil Yardım (Myo/Yo),Sağlık Yönetimi,6298,EA
1,9196,İlk ve Acil Yardım (Myo/Yo),Sosyal Hizmet,6318,EA
1,9579,İlk ve Acil Yardım (Tıp),Acil Yardım ve Afet Yönetimi,8342,SAY
1,9579,İlk ve Acil Yardım (Tıp),Hemşirelik,3204,SAY
1,9579,İlk ve Acil Yardım (Tıp),Sağlık Yönetimi,6298,EA
1,9579,İlk ve Acil Yardım (Tıp),Sosyal Hizmet,6318,EA
1,9096,Otopsi Yardımcılığı,Acil Yardım ve Afet Yönetimi,8342,SAY
1,9096,Otopsi Yardımcılığı,Hemşirelik,3204,SAY
1,9096,Otopsi Yardımcılığı,Sağlık Yönetimi,6298,EA
1,9096,Otopsi Yardımcılığı,Sosyal Hizmet,6318,EA
1,9082,Paramedik,Acil Yardım ve Afet Yönetimi,8342,SAY
1,9082,Paramedik,Hemşirelik,3204,SAY
1,9082,Paramedik,Sağlık Yönetimi,6298,EA
1,9082,Paramedik,Sosyal Hizmet,6318,EA
2,9132,Acil Durum ve Afet Yönetimi,Acil Yardım ve Afet Yönetimi,8342,SAY
2,4280,Hava Savunma,Acil Yardım ve Afet Yönetimi,8342,SAY
3,1446,Açık Deniz Sondaj Teknolojisi,Jeoloji Mühendisliği,6235,SAY
3,1446,Açık Deniz Sondaj Teknolojisi,Petrol ve Doğalgaz Mühendisliği,3281,SAY
3,1447,Açık Deniz Tabanı Uygulamaları Teknolojisi,Jeoloji Mühendisliği,6235,SAY
3,1447,Açık Deniz Tabanı Uygulamaları Teknolojisi,Petrol ve Doğalgaz Mühendisliği,3281,SAY
3,9373,Petrol Arama,Jeoloji Mühendisliği,6235,SAY
3,9373,Petrol Arama,Petrol ve Doğalgaz Mühendisliği,3281,SAY
3,1272,Petrol Sondajı ve Üretimi,Jeoloji Mühendisliği,6235,SAY
3,1272,Petrol Sondajı ve Üretimi,Petrol ve Doğalgaz Mühendisliği,3281,SAY
3,9031,Sondaj Teknolojisi,Jeoloji Mühendisliği,6235,SAY
3,9031,Sondaj Teknolojisi,Petrol ve Doğalgaz Mühendisliği,3281,SAY
3,6306,Sondajcılık,Jeoloji Mühendisliği,6235,SAY
3,6306,Sondajcılık,Petrol ve Doğalgaz Mühendisliği,3281,SAY
4,8587,Açıkhava Reklam Ürünleri ve Serigrafi,Grafik,7160,EA
4,8587,Açıkhava Reklam Ürünleri ve Serigrafi,Grafik Sanatlar,7145,EA
4,8587,Açıkhava Reklam Ürünleri ve Serigrafi,Grafik Tasarımı,7162,EA
4,1299,Serigrafi,Grafik,7160,EA
4,1299,Serigrafi,Grafik Sanatlar,7145,EA
4,1299,Serigrafi,Grafik Tasarımı,7162,EA
5,1102,Adalet,Hukuk,3209,EA
5,9339,Adalet Meslek Eğitimi,Hukuk,3209,EA
5,6352,Adalet Meslek Yüksekokulu,Hukuk,3209,EA
6,5301,Ağaç İşleri,Ağaç İşleri Endüstri Mühendisliği,3101,SAY
6,5301,Ağaç İşleri,Orman Endüstrisi Mühendisliği,3276,SAY
6,5301,Ağaç İşleri,Orman Mühendisliği,6277,SAY
6,1253,Orman İşletmeciliği,Ağaç İşleri Endüstri Mühendisliği,3101,SAY
6,1253,Orman İşletmeciliği,Orman Endüstrisi Mühendisliği,3276,SAY
6,1253,Orman İşletmeciliği,Orman Mühendisliği,6277,SAY
6,8548,Orman Ürünleri,Ağaç İşleri Endüstri Mühendisliği,3101,SAY
6,8548,Orman Ürünleri,Orman Endüstrisi Mühendisliği,3276,SAY
6,8548,Orman Ürünleri,Orman Mühendisliği,6277,SAY
6,8619,Ormancılık,Ağaç İşleri Endüstri Mühendisliği,3101,SAY
6,8619,Ormancılık,Orman Endüstrisi Mühendisliği,3276,SAY
6,8619,Ormancılık,Orman Mühendisliği,6277,SAY
6,9071,Ormancılık ve Orman Ürünleri,Ağaç İşleri Endüstri Mühendisliği,3101,SAY
6,9071,Ormancılık ve Orman Ürünleri,Orman Endüstrisi Mühendisliği,3276,SAY
6,9071,Ormancılık ve Orman Ürünleri,Orman Mühendisliği,6277,SAY
7,9077,Ağırlama Hizmetleri,İşletme,3226,EA
7,9077,Ağırlama Hizmetleri,Lojistik Yönetimi,8222,EA
7,9077,Ağırlama Hizmetleri,Turizm İşletmeciliği,3337,EA
7,9077,Ağırlama Hizmetleri,Uluslararası İşletme Yönetimi,4391,EA
7,1255,Otel Yöneticiliği,İşletme,3226,EA
7,1255,Otel Yöneticiliği,Lojistik Yönetimi,8222,EA
7,1255,Otel Yöneticiliği,Turizm İşletmeciliği,3337,EA
7,1255,Otel Yöneticiliği,Uluslararası İşletme Yönetimi,4391,EA
8,3102,Aile Ekonomisi ve Beslenme Öğretmenliği,Beslenme ve Diyetetik,3122,SAY
8,3102,Aile Ekonomisi ve Beslenme Öğretmenliği,Çevre Mühendisliği,3142,SAY
8,3102,Aile Ekonomisi ve Beslenme Öğretmenliği,İnşaat Mühendisliği,3221,SAY
8,1489,AKILLI ALTYAPILAR TEKNİKERLİĞİ,Beslenme ve Diyetetik,3122,SAY
8,1489,AKILLI ALTYAPILAR TEKNİKERLİĞİ,Çevre Mühendisliği,3142,SAY
8,1489,AKILLI ALTYAPILAR TEKNİKERLİĞİ,İnşaat Mühendisliği,3221,SAY
8,9554,Altyapı,Beslenme ve Diyetetik,3122,SAY
8,9554,Altyapı,Çevre Mühendisliği,3142,SAY
8,9554,Altyapı,İnşaat Mühendisliği,3221,SAY
8,5309,Beton Teknolojisi,Beslenme ve Diyetetik,3122,SAY
8,5309,Beton Teknolojisi,Çevre Mühendisliği,3142,SAY
8,5309,Beton Teknolojisi,İnşaat Mühendisliği,3221,SAY
8,8515,Demiryolu İnşaatı ve İşletmeciliği,Beslenme ve Diyetetik,3122,SAY
8,8515,Demiryolu İnşaatı ve İşletmeciliği,Çevre Mühendisliği,3142,SAY
8,8515,Demiryolu İnşaatı ve İşletmeciliği,İnşaat Mühendisliği,3221,SAY
8,1194,Hazır Beton Teknolojisi,Beslenme ve Diyetetik,3122,SAY
8,1194,Hazır Beton Teknolojisi,Çevre Mühendisliği,3142,SAY
8,1194,Hazır Beton Teknolojisi,İnşaat Mühendisliği,3221,SAY
8,4293,İstihkam,Beslenme ve Diyetetik,3122,SAY
8,4293,İstihkam,Çevre Mühendisliği,3142,SAY
8,4293,İstihkam,İnşaat Mühendisliği,3221,SAY
8,9244,Raylı Sistemler,Beslenme ve Diyetetik,3122,SAY
8,9244,Raylı Sistemler,Çevre Mühendisliği,3142,SAY
8,9244,Raylı Sistemler,İnşaat Mühendisliği,3221,SAY
8,1288,Raylı Sistemler Teknolojisi,Beslenme ve Diyetetik,3122,SAY
8,1288,Raylı Sistemler Teknolojisi,Çevre Mühendisliği,3142,SAY
8,1288,Raylı Sistemler Teknolojisi,İnşaat Mühendisliği,3221,SAY
8,8627,Raylı Sistemler Yol,Beslenme ve Diyetetik,3122,SAY
8,8627,Raylı Sistemler Yol,Çevre Mühendisliği,3142,SAY
8,8627,Raylı Sistemler Yol,İnşaat Mühendisliği,3221,SAY
8,9055,Raylı Sistemler Yol Teknolojisi,Beslenme ve Diyetetik,3122,SAY
8,9055,Raylı Sistemler Yol Teknolojisi,Çevre Mühendisliği,3142,SAY
8,9055,Raylı Sistemler Yol Teknolojisi,İnşaat Mühendisliği,3221,SAY
8,4400,Yapı,Beslenme ve Diyetetik,3122,SAY
8,4400,Yapı,Çevre Mühendisliği,3142,SAY
8,4400,Yapı,İnşaat Mühendisliği,3221,SAY
8,8645,Yapı Denetim Yardımcılığı,Beslenme ve Diyetetik,3122,SAY
8,8645,Yapı Denetim Yardımcılığı,Çevre Mühendisliği,3142,SAY
8,8645,Yapı Denetim Yardımcılığı,İnşaat Mühendisliği,3221,SAY
8,9039,Yapı Denetimi,Beslenme ve Diyetetik,3122,SAY
8,9039,Yapı Denetimi,Çevre Mühendisliği,3142,SAY
8,9039,Yapı Denetimi,İnşaat Mühendisliği,3221,SAY
8,9491,Yapı İnşaat,Beslenme ve Diyetetik,3122,SAY
8,9491,Yapı İnşaat,Çevre Mühendisliği,3142,SAY
8,9491,Yapı İnşaat,İnşaat Mühendisliği,3221,SAY
8,4401,Yapı Teknolojisi,Beslenme ve Diyetetik,3122,SAY
8,4401,Yapı Teknolojisi,Çevre Mühendisliği,3142,SAY
8,4401,Yapı Teknolojisi,İnşaat Mühendisliği,3221,SAY
9,1490,AKILLI SERA TEKNOLOJİLERİ,Bahçe Bitkileri,8147,SAY
9,1490,AKILLI SERA TEKNOLOJİLERİ,Bitki Koruma,8158,SAY
9,1490,AKILLI SERA TEKNOLOJİLERİ,Bitkisel Üretim ve Teknolojileri,9269,SAY
9,1490,AKILLI SERA TEKNOLOJİLERİ,Biyosistem Mühendisliği,9114,SAY
9,1490,AKILLI SERA TEKNOLOJİLERİ,Gıda Mühendisliği,3191,SAY
9,1490,AKILLI SERA TEKNOLOJİLERİ,Hayvansal Üretim ve Teknolojileri,9455,SAY
9,1490,AKILLI SERA TEKNOLOJİLERİ,Organik Tarım İşletmeciliği,9333,EA
9,1490,AKILLI SERA TEKNOLOJİLERİ,Orman Mühendisliği,6277,SAY
9,1490,AKILLI SERA TEKNOLOJİLERİ,Tarım Ekonomisi,3382,EA
9,1490,AKILLI SERA TEKNOLOJİLERİ,Tarım Makineleri ve Teknolojileri Mühendisliği,9423,SAY
9,1490,AKILLI SERA TEKNOLOJİLERİ,Tarımsal Biyoteknoloji,9106,SAY
9,1490,AKILLI SERA TEKNOLOJİLERİ,Tarımsal Genetik Mühendisliği,9351,SAY
9,1490,AKILLI SERA TEKNOLOJİLERİ,Tarımsal Yapılar ve Sulama,3384,SAY
9,1490,AKILLI SERA TEKNOLOJİLERİ,Tarla Bitkileri,3385,SAY
9,1490,AKILLI SERA TEKNOLOJİLERİ,Toprak Bilimi ve Bitki Besleme,9048,SAY
9,1490,AKILLI SERA TEKNOLOJİLERİ,Tütün Eksperliği,6345,SAY
9,1491,AKILLI TARIM VE GIDA YÖNETİMİ,Bahçe Bitkileri,8147,SAY
9,1491,AKILLI TARIM VE GIDA YÖNETİMİ,Bitki Koruma,8158,SAY
9,1491,AKILLI TARIM VE GIDA YÖNETİMİ,Bitkisel Üretim ve Teknolojileri,9269,SAY
9,1491,AKILLI TARIM VE GIDA YÖNETİMİ,Biyosistem Mühendisliği,9114,SAY
9,1491,AKILLI TARIM VE GIDA YÖNETİMİ,Gıda Mühendisliği,3191,SAY
9,1491,AKILLI TARIM VE GIDA YÖNETİMİ,Hayvansal Üretim ve Teknolojileri,9455,SAY
9,1491,AKILLI TARIM VE GIDA YÖNETİMİ,Organik Tarım İşletmeciliği,9333,EA
9,1491,AKILLI TARIM VE GIDA YÖNETİMİ,Orman Mühendisliği,6277,SAY
9,1491,AKILLI TARIM VE GIDA YÖNETİMİ,Tarım Ekonomisi,3382,EA
9,1491,AKILLI TARIM VE GIDA YÖNETİMİ,Tarım Makineleri ve Teknolojileri Mühendisliği,9423,SAY
9,1491,AKILLI TARIM VE GIDA YÖNETİMİ,Tarımsal Biyoteknoloji,9106,SAY
9,1491,AKILLI TARIM VE GIDA YÖNETİMİ,Tarımsal Genetik Mühendisliği,9351,SAY
9,1491,AKILLI TARIM VE GIDA YÖNETİMİ,Tarımsal Yapılar ve Sulama,3384,SAY
9,1491,AKILLI TARIM VE GIDA YÖNETİMİ,Tarla Bitkileri,3385,SAY
9,1491,AKILLI TARIM VE GIDA YÖNETİMİ,Toprak Bilimi ve Bitki Besleme,9048,SAY
9,1491,AKILLI TARIM VE GIDA YÖNETİMİ,Tütün Eksperliği,6345,SAY
9,1497,DİJİTAL TARIM TEKNOLOJİLERİ,Bahçe Bitkileri,8147,SAY
9,1497,DİJİTAL TARIM TEKNOLOJİLERİ,Bitki Koruma,8158,SAY
9,1497,DİJİTAL TARIM TEKNOLOJİLERİ,Bitkisel Üretim ve Teknolojileri,9269,SAY
9,1497,DİJİTAL TARIM TEKNOLOJİLERİ,Biyosistem Mühendisliği,9114,SAY
9,1497,DİJİTAL TARIM TEKNOLOJİLERİ,Gıda Mühendisliği,3191,SAY
9,1497,DİJİTAL TARIM TEKNOLOJİLERİ,Hayvansal Üretim ve Teknolojileri,9455,SAY
9,1497,DİJİTAL TARIM TEKNOLOJİLERİ,Organik Tarım İşletmeciliği,9333,EA
9,1497,DİJİTAL TARIM TEKNOLOJİLERİ,Orman Mühendisliği,6277,SAY
9,1497,DİJİTAL TARIM TEKNOLOJİLERİ,Tarım Ekonomisi,3382,EA
9,1497,DİJİTAL TARIM TEKNOLOJİLERİ,Tarım Makineleri ve Teknolojileri Mühendisliği,9423,SAY
9,1497,DİJİTAL TARIM TEKNOLOJİLERİ,Tarımsal Biyoteknoloji,9106,SAY
9,1497,DİJİTAL TARIM TEKNOLOJİLERİ,Tarımsal Genetik Mühendisliği,9351,SAY
9,1497,DİJİTAL TARIM TEKNOLOJİLERİ,Tarımsal Yapılar ve Sulama,3384,SAY
9,1497,DİJİTAL TARIM TEKNOLOJİLERİ,Tarla Bitkileri,3385,SAY
9,1497,DİJİTAL TARIM TEKNOLOJİLERİ,Toprak Bilimi ve Bitki Besleme,9048,SAY
9,1497,DİJİTAL TARIM TEKNOLOJİLERİ,Tütün Eksperliği,6345,SAY
9,5363,Tarım,Bahçe Bitkileri,8147,SAY
9,5363,Tarım,Bitki Koruma,8158,SAY
9,5363,Tarım,Bitkisel Üretim ve Teknolojileri,9269,SAY
9,5363,Tarım,Biyosistem Mühendisliği,9114,SAY
9,5363,Tarım,Gıda Mühendisliği,3191,SAY
9,5363,Tarım,Hayvansal Üretim ve Teknolojileri,9455,SAY
9,5363,Tarım,Organik Tarım İşletmeciliği,9333,EA
9,5363,Tarım,Orman Mühendisliği,6277,SAY
9,5363,Tarım,Tarım Ekonomisi,3382,EA
9,5363,Tarım,Tarım Makineleri ve Teknolojileri Mühendisliği,9423,SAY
9,5363,Tarım,Tarımsal Biyoteknoloji,9106,SAY
9,5363,Tarım,Tarımsal Genetik Mühendisliği,9351,SAY
9,5363,Tarım,Tarımsal Yapılar ve Sulama,3384,SAY
9,5363,Tarım,Tarla Bitkileri,3385,SAY
9,5363,Tarım,Toprak Bilimi ve Bitki Besleme,9048,SAY
9,5363,Tarım,Tütün Eksperliği,6345,SAY
9,1510,TARIM MAKİNELERİ VE TEKNOLOJİLERİ,Bahçe Bitkileri,8147,SAY
9,1510,TARIM MAKİNELERİ VE TEKNOLOJİLERİ,Bitki Koruma,8158,SAY
9,1510,TARIM MAKİNELERİ VE TEKNOLOJİLERİ,Bitkisel Üretim ve Teknolojileri,9269,SAY
9,1510,TARIM MAKİNELERİ VE TEKNOLOJİLERİ,Biyosistem Mühendisliği,9114,SAY
9,1510,TARIM MAKİNELERİ VE TEKNOLOJİLERİ,Gıda Mühendisliği,3191,SAY
9,1510,TARIM MAKİNELERİ VE TEKNOLOJİLERİ,Hayvansal Üretim ve Teknolojileri,9455,SAY
9,1510,TARIM MAKİNELERİ VE TEKNOLOJİLERİ,Organik Tarım İşletmeciliği,9333,EA
9,1510,TARIM MAKİNELERİ VE TEKNOLOJİLERİ,Orman Mühendisliği,6277,SAY
9,1510,TARIM MAKİNELERİ VE TEKNOLOJİLERİ,Tarım Ekonomisi,3382,EA
9,1510,TARIM MAKİNELERİ VE TEKNOLOJİLERİ,Tarım Makineleri ve Teknolojileri Mühendisliği,9423,SAY
9,1510,TARIM MAKİNELERİ VE TEKNOLOJİLERİ,Tarımsal Biyoteknoloji,9106,SAY
9,1510,TARIM MAKİNELERİ VE TEKNOLOJİLERİ,Tarımsal Genetik Mühendisliği,9351,SAY
9,1510,TARIM MAKİNELERİ VE TEKNOLOJİLERİ,Tarımsal Yapılar ve Sulama,3384,SAY
9,1510,TARIM MAKİNELERİ VE TEKNOLOJİLERİ,Tarla Bitkileri,3385,SAY
9,1510,TARIM MAKİNELERİ VE TEKNOLOJİLERİ,Toprak Bilimi ve Bitki Besleme,9048,SAY
9,1510,TARIM MAKİNELERİ VE TEKNOLOJİLERİ,Tütün Eksperliği,6345,SAY
9,9478,Tarım Teknolojisi,Bahçe Bitkileri,8147,SAY
9,9478,Tarım Teknolojisi,Bitki Koruma,8158,SAY
9,9478,Tarım Teknolojisi,Bitkisel Üretim ve Teknolojileri,9269,SAY
9,9478,Tarım Teknolojisi,Biyosistem Mühendisliği,9114,SAY
9,9478,Tarım Teknolojisi,Gıda Mühendisliği,3191,SAY
9,9478,Tarım Teknolojisi,Hayvansal Üretim ve Teknolojileri,9455,SAY
9,9478,Tarım Teknolojisi,Organik Tarım İşletmeciliği,9333,EA
9,9478,Tarım Teknolojisi,Orman Mühendisliği,6277,SAY
9,9478,Tarım Teknolojisi,Tarım Ekonomisi,3382,EA
9,9478,Tarım Teknolojisi,Tarım Makineleri ve Teknolojileri Mühendisliği,9423,SAY
9,9478,Tarım Teknolojisi,Tarımsal Biyoteknoloji,9106,SAY
9,9478,Tarım Teknolojisi,Tarımsal Genetik Mühendisliği,9351,SAY
9,9478,Tarım Teknolojisi,Tarımsal Yapılar ve Sulama,3384,SAY
9,9478,Tarım Teknolojisi,Tarla Bitkileri,3385,SAY
9,9478,Tarım Teknolojisi,Toprak Bilimi ve Bitki Besleme,9048,SAY
9,9478,Tarım Teknolojisi,Tütün Eksperliği,6345,SAY
10,9149,Alternatif Enerji Kaynakları Teknolojisi,Elektrik Mühendisliği,3160,SAY
10,9149,Alternatif Enerji Kaynakları Teknolojisi,Elektrik-Elektronik Mühendisliği,3162,SAY
10,9149,Alternatif Enerji Kaynakları Teknolojisi,Enerji Sistemleri Mühendisliği,8319,SAY
10,9149,Alternatif Enerji Kaynakları Teknolojisi,Makine Mühendisliği,3252,SAY
10,1515,YENİLENEBİLİR ENERJİ TEKNİKERLİĞİ,Elektrik Mühendisliği,3160,SAY
10,1515,YENİLENEBİLİR ENERJİ TEKNİKERLİĞİ,Elektrik-Elektronik Mühendisliği,3162,SAY
10,1515,YENİLENEBİLİR ENERJİ TEKNİKERLİĞİ,Enerji Sistemleri Mühendisliği,8319,SAY
10,1515,YENİLENEBİLİR ENERJİ TEKNİKERLİĞİ,Makine Mühendisliği,3252,SAY
11,1412,Ambalaj Tasarımı,Fotoğraf,7158,SÖZ
11,1412,Ambalaj Tasarımı,Fotoğraf ve Video,7211,SÖZ
11,1412,Ambalaj Tasarımı,Görsel İletişim Tasarımı,5109,SÖZ
11,1412,Ambalaj Tasarımı,Görsel Sanatlar,9162,SÖZ
11,1412,Ambalaj Tasarımı,Grafik,7160,EA
11,1412,Ambalaj Tasarımı,Grafik Sanatlar,7145,EA
11,1412,Ambalaj Tasarımı,Grafik Tasarımı,7162,EA
11,1412,Ambalaj Tasarımı,İletişim ve Tasarımı,1428,SÖZ
11,9179,Grafik,Fotoğraf,7158,SÖZ
11,9179,Grafik,Fotoğraf ve Video,7211,SÖZ
11,9179,Grafik,Görsel İletişim Tasarımı,5109,SÖZ
11,9179,Grafik,Görsel Sanatlar,9162,SÖZ
11,9179,Grafik,Grafik,7160,EA
11,9179,Grafik,Grafik Sanatlar,7145,EA
11,9179,Grafik,Grafik Tasarımı,7162,EA
11,9179,Grafik,İletişim ve Tasarımı,1428,SÖZ
11,9180,Grafik Tasarımı,Fotoğraf,7158,SÖZ
11,9180,Grafik Tasarımı,Fotoğraf ve Video,7211,SÖZ
11,9180,Grafik Tasarımı,Görsel İletişim Tasarımı,5109,SÖZ
11,9180,Grafik Tasarımı,Görsel Sanatlar,9162,SÖZ
11,9180,Grafik Tasarımı,Grafik,7160,EA
11,9180,Grafik Tasarımı,Grafik Sanatlar,7145,EA
11,9180,Grafik Tasarımı,Grafik Tasarımı,7162,EA
11,9180,Grafik Tasarımı,İletişim ve Tasarımı,1428,SÖZ
11,8502,Grafik-Grafik Tasarımı,Fotoğraf,7158,SÖZ
11,8502,Grafik-Grafik Tasarımı,Fotoğraf ve Video,7211,SÖZ
11,8502,Grafik-Grafik Tasarımı,Görsel İletişim Tasarımı,5109,SÖZ
11,8502,Grafik-Grafik Tasarımı,Görsel Sanatlar,9162,SÖZ
11,8502,Grafik-Grafik Tasarımı,Grafik,7160,EA
11,8502,Grafik-Grafik Tasarımı,Grafik Sanatlar,7145,EA
11,8502,Grafik-Grafik Tasarımı,Grafik Tasarımı,7162,EA
11,8502,Grafik-Grafik Tasarımı,İletişim ve Tasarımı,1428,SÖZ
12,4206,Ana Çocuk Sağlığı,Çocuk Gelişimi,4235,EA
12,4206,Ana Çocuk Sağlığı,Ebelik,3155,SAY
12,4206,Ana Çocuk Sağlığı,Hemşirelik,3204,SAY
13,4207,Anaokulu Öğretmenliği,Çocuk Gelişimi,4235,EA
13,4207,Anaokulu Öğretmenliği,Okul Öncesi Öğretmenliği,3275,SÖZ
14,1108,Antep Fıstığı Tarımı ve Teknolojisi,Bitkisel Üretim ve Teknolojileri,9269,SAY
14,1108,Antep Fıstığı Tarımı ve Teknolojisi,Gıda Mühendisliği,3191,SAY
14,1108,Antep Fıstığı Tarımı ve Teknolojisi,Gıda Teknolojisi,4271,SAY
14,1108,Antep Fıstığı Tarımı ve Teknolojisi,Zootekni,8289,SAY
14,9186,"Antep Fıstığı, Tarımı ve İşleme Teknolojisi",Bitkisel Üretim ve Teknolojileri,9269,SAY
14,9186,"Antep Fıstığı, Tarımı ve İşleme Teknolojisi",Gıda Mühendisliği,3191,SAY
14,9186,"Antep Fıstığı, Tarımı ve İşleme Teknolojisi",Gıda Teknolojisi,4271,SAY
14,9186,"Antep Fıstığı, Tarımı ve İşleme Teknolojisi",Zootekni,8289,SAY
14,9278,Kuruyemiş Üretimi ve Teknolojisi,Bitkisel Üretim ve Teknolojileri,9269,SAY
14,9278,Kuruyemiş Üretimi ve Teknolojisi,Gıda Mühendisliği,3191,SAY
14,9278,Kuruyemiş Üretimi ve Teknolojisi,Gıda Teknolojisi,4271,SAY
14,9278,Kuruyemiş Üretimi ve Teknolojisi,Zootekni,8289,SAY
14,5303,Antrenörlük ve Seyislik,Bitkisel Üretim ve Teknolojileri,9269,SAY
14,5303,Antrenörlük ve Seyislik,Gıda Mühendisliği,3191,SAY
14,5303,Antrenörlük ve Seyislik,Gıda Teknolojisi,4271,SAY
14,5303,Antrenörlük ve Seyislik,Zootekni,8289,SAY
14,1109,Arıcılık,Bitkisel Üretim ve Teknolojileri,9269,SAY
14,1109,Arıcılık,Gıda Mühendisliği,3191,SAY
14,1109,Arıcılık,Gıda Teknolojisi,4271,SAY
14,1109,Arıcılık,Zootekni,8289,SAY
14,5304,At Antrenörlüğü,Bitkisel Üretim ve Teknolojileri,9269,SAY
14,5304,At Antrenörlüğü,Gıda Mühendisliği,3191,SAY
14,5304,At Antrenörlüğü,Gıda Teknolojisi,4271,SAY
14,5304,At Antrenörlüğü,Zootekni,8289,SAY
14,5305,Atçılık İşletmeciliği,Bitkisel Üretim ve Teknolojileri,9269,SAY
14,5305,Atçılık İşletmeciliği,Gıda Mühendisliği,3191,SAY
14,5305,Atçılık İşletmeciliği,Gıda Teknolojisi,4271,SAY
14,5305,Atçılık İşletmeciliği,Zootekni,8289,SAY
14,9062,Atçılık ve Antrenörlüğü,Bitkisel Üretim ve Teknolojileri,9269,SAY
14,9062,Atçılık ve Antrenörlüğü,Gıda Mühendisliği,3191,SAY
14,9062,Atçılık ve Antrenörlüğü,Gıda Teknolojisi,4271,SAY
14,9062,Atçılık ve Antrenörlüğü,Zootekni,8289,SAY
14,9107,Ev ve Deney Hayvanları Yetiştiriciliği,Bitkisel Üretim ve Teknolojileri,9269,SAY
14,9107,Ev ve Deney Hayvanları Yetiştiriciliği,Gıda Mühendisliği,3191,SAY
14,9107,Ev ve Deney Hayvanları Yetiştiriciliği,Gıda Teknolojisi,4271,SAY
14,9107,Ev ve Deney Hayvanları Yetiştiriciliği,Zootekni,8289,SAY
14,1203,İpek Böcekçiliği,Bitkisel Üretim ve Teknolojileri,9269,SAY
14,1203,İpek Böcekçiliği,Gıda Mühendisliği,3191,SAY
14,1203,İpek Böcekçiliği,Gıda Teknolojisi,4271,SAY
14,1203,İpek Böcekçiliği,Zootekni,8289,SAY
15,1459,ARKA-YÜZ YAZILIM GELİŞTİRME,Bilgisayar Bilimleri,8143,SAY
15,1459,ARKA-YÜZ YAZILIM GELİŞTİRME,Bilgisayar Mühendisliği,3124,SAY
15,1459,ARKA-YÜZ YAZILIM GELİŞTİRME,Bilgisayar ve Öğretim Teknolojileri Öğretmenliği,3129,SAY
15,1459,ARKA-YÜZ YAZILIM GELİŞTİRME,Bilişim Sistemleri Mühendisliği,5103,SAY
15,1459,ARKA-YÜZ YAZILIM GELİŞTİRME,Bilişim Sistemleri ve Teknolojileri,3130,SAY
15,1459,ARKA-YÜZ YAZILIM GELİŞTİRME,İstatistik,3223,SAY
15,1459,ARKA-YÜZ YAZILIM GELİŞTİRME,İstatistik ve Bilgisayar Bilimleri,3224,SAY
15,1459,ARKA-YÜZ YAZILIM GELİŞTİRME,Matematik ve Bilgisayar Bilimleri,3256,SAY
15,1459,ARKA-YÜZ YAZILIM GELİŞTİRME,Yazılım Mühendisliği,5134,SAY
15,1459,ARKA-YÜZ YAZILIM GELİŞTİRME,Yönetim Bilişim Sistemleri,3361,EA
15,9104,Bilgi Güvenliği Teknolojisi,Bilgisayar Bilimleri,8143,SAY
15,9104,Bilgi Güvenliği Teknolojisi,Bilgisayar Mühendisliği,3124,SAY
15,9104,Bilgi Güvenliği Teknolojisi,Bilgisayar ve Öğretim Teknolojileri Öğretmenliği,3129,SAY
15,9104,Bilgi Güvenliği Teknolojisi,Bilişim Sistemleri Mühendisliği,5103,SAY
15,9104,Bilgi Güvenliği Teknolojisi,Bilişim Sistemleri ve Teknolojileri,3130,SAY
15,9104,Bilgi Güvenliği Teknolojisi,İstatistik,3223,SAY
15,9104,Bilgi Güvenliği Teknolojisi,İstatistik ve Bilgisayar Bilimleri,3224,SAY
15,9104,Bilgi Güvenliği Teknolojisi,Matematik ve Bilgisayar Bilimleri,3256,SAY
15,9104,Bilgi Güvenliği Teknolojisi,Yazılım Mühendisliği,5134,SAY
15,9104,Bilgi Güvenliği Teknolojisi,Yönetim Bilişim Sistemleri,3361,EA
15,4217,Bilgi Teknolojileri,Bilgisayar Bilimleri,8143,SAY
15,4217,Bilgi Teknolojileri,Bilgisayar Mühendisliği,3124,SAY
15,4217,Bilgi Teknolojileri,Bilgisayar ve Öğretim Teknolojileri Öğretmenliği,3129,SAY
15,4217,Bilgi Teknolojileri,Bilişim Sistemleri Mühendisliği,5103,SAY
15,4217,Bilgi Teknolojileri,Bilişim Sistemleri ve Teknolojileri,3130,SAY
15,4217,Bilgi Teknolojileri,İstatistik,3223,SAY
15,4217,Bilgi Teknolojileri,İstatistik ve Bilgisayar Bilimleri,3224,SAY
15,4217,Bilgi Teknolojileri,Matematik ve Bilgisayar Bilimleri,3256,SAY
15,4217,Bilgi Teknolojileri,Yazılım Mühendisliği,5134,SAY
15,4217,Bilgi Teknolojileri,Yönetim Bilişim Sistemleri,3361,EA
15,9214,Bilgi ve İletişim Teknolojileri/Bilgisayar,Bilgisayar Bilimleri,8143,SAY
15,9214,Bilgi ve İletişim Teknolojileri/Bilgisayar,Bilgisayar Mühendisliği,3124,SAY
15,9214,Bilgi ve İletişim Teknolojileri/Bilgisayar,Bilgisayar ve Öğretim Teknolojileri Öğretmenliği,3129,SAY
15,9214,Bilgi ve İletişim Teknolojileri/Bilgisayar,Bilişim Sistemleri Mühendisliği,5103,SAY
15,9214,Bilgi ve İletişim Teknolojileri/Bilgisayar,Bilişim Sistemleri ve Teknolojileri,3130,SAY
15,9214,Bilgi ve İletişim Teknolojileri/Bilgisayar,İstatistik,3223,SAY
15,9214,Bilgi ve İletişim Teknolojileri/Bilgisayar,İstatistik ve Bilgisayar Bilimleri,3224,SAY
15,9214,Bilgi ve İletişim Teknolojileri/Bilgisayar,Matematik ve Bilgisayar Bilimleri,3256,SAY
15,9214,Bilgi ve İletişim Teknolojileri/Bilgisayar,Yazılım Mühendisliği,5134,SAY
15,9214,Bilgi ve İletişim Teknolojileri/Bilgisayar,Yönetim Bilişim Sistemleri,3361,EA
15,4218,Bilgisayar,Bilgisayar Bilimleri,8143,SAY
15,4218,Bilgisayar,Bilgisayar Mühendisliği,3124,SAY
15,4218,Bilgisayar,Bilgisayar ve Öğretim Teknolojileri Öğretmenliği,3129,SAY
15,4218,Bilgisayar,Bilişim Sistemleri Mühendisliği,5103,SAY
15,4218,Bilgisayar,Bilişim Sistemleri ve Teknolojileri,3130,SAY
15,4218,Bilgisayar,İstatistik,3223,SAY
15,4218,Bilgisayar,İstatistik ve Bilgisayar Bilimleri,3224,SAY
15,4218,Bilgisayar,Matematik ve Bilgisayar Bilimleri,3256,SAY
15,4218,Bilgisayar,Yazılım Mühendisliği,5134,SAY
15,4218,Bilgisayar,Yönetim Bilişim Sistemleri,3361,EA
15,1119,Bilgisayar Donanımı,Bilgisayar Bilimleri,8143,SAY
15,1119,Bilgisayar Donanımı,Bilgisayar Mühendisliği,3124,SAY
15,1119,Bilgisayar Donanımı,Bilgisayar ve Öğretim Teknolojileri Öğretmenliği,3129,SAY
15,1119,Bilgisayar Donanımı,Bilişim Sistemleri Mühendisliği,5103,SAY
15,1119,Bilgisayar Donanımı,Bilişim Sistemleri ve Teknolojileri,3130,SAY
15,1119,Bilgisayar Donanımı,İstatistik,3223,SAY
15,1119,Bilgisayar Donanımı,İstatistik ve Bilgisayar Bilimleri,3224,SAY
15,1119,Bilgisayar Donanımı,Matematik ve Bilgisayar Bilimleri,3256,SAY
15,1119,Bilgisayar Donanımı,Yazılım Mühendisliği,5134,SAY
15,1119,Bilgisayar Donanımı,Yönetim Bilişim Sistemleri,3361,EA
15,8501,Bilgisayar Operatörlüğü,Bilgisayar Bilimleri,8143,SAY
15,8501,Bilgisayar Operatörlüğü,Bilgisayar Mühendisliği,3124,SAY
15,8501,Bilgisayar Operatörlüğü,Bilgisayar ve Öğretim Teknolojileri Öğretmenliği,3129,SAY
15,8501,Bilgisayar Operatörlüğü,Bilişim Sistemleri Mühendisliği,5103,SAY
15,8501,Bilgisayar Operatörlüğü,Bilişim Sistemleri ve Teknolojileri,3130,SAY
15,8501,Bilgisayar Operatörlüğü,İstatistik,3223,SAY
15,8501,Bilgisayar Operatörlüğü,İstatistik ve Bilgisayar Bilimleri,3224,SAY
15,8501,Bilgisayar Operatörlüğü,Matematik ve Bilgisayar Bilimleri,3256,SAY
15,8501,Bilgisayar Operatörlüğü,Yazılım Mühendisliği,5134,SAY
15,8501,Bilgisayar Operatörlüğü,Yönetim Bilişim Sistemleri,3361,EA
15,1120,Bilgisayar Operatörlüğü ve Teknikerliği,Bilgisayar Bilimleri,8143,SAY
15,1120,Bilgisayar Operatörlüğü ve Teknikerliği,Bilgisayar Mühendisliği,3124,SAY
15,1120,Bilgisayar Operatörlüğü ve Teknikerliği,Bilgisayar ve Öğretim Teknolojileri Öğretmenliği,3129,SAY
15,1120,Bilgisayar Operatörlüğü ve Teknikerliği,Bilişim Sistemleri Mühendisliği,5103,SAY
15,1120,Bilgisayar Operatörlüğü ve Teknikerliği,Bilişim Sistemleri ve Teknolojileri,3130,SAY
15,1120,Bilgisayar Operatörlüğü ve Teknikerliği,İstatistik,3223,SAY
15,1120,Bilgisayar Operatörlüğü ve Teknikerliği,İstatistik ve Bilgisayar Bilimleri,3224,SAY
15,1120,Bilgisayar Operatörlüğü ve Teknikerliği,Matematik ve Bilgisayar Bilimleri,3256,SAY
15,1120,Bilgisayar Operatörlüğü ve Teknikerliği,Yazılım Mühendisliği,5134,SAY
15,1120,Bilgisayar Operatörlüğü ve Teknikerliği,Yönetim Bilişim Sistemleri,3361,EA
15,1121,Bilgisayar Programcılığı,Bilgisayar Bilimleri,8143,SAY
15,1121,Bilgisayar Programcılığı,Bilgisayar Mühendisliği,3124,SAY
15,1121,Bilgisayar Programcılığı,Bilgisayar ve Öğretim Teknolojileri Öğretmenliği,3129,SAY
15,1121,Bilgisayar Programcılığı,Bilişim Sistemleri Mühendisliği,5103,SAY
15,1121,Bilgisayar Programcılığı,Bilişim Sistemleri ve Teknolojileri,3130,SAY
15,1121,Bilgisayar Programcılığı,İstatistik,3223,SAY
15,1121,Bilgisayar Programcılığı,İstatistik ve Bilgisayar Bilimleri,3224,SAY
15,1121,Bilgisayar Programcılığı,Matematik ve Bilgisayar Bilimleri,3256,SAY
15,1121,Bilgisayar Programcılığı,Yazılım Mühendisliği,5134,SAY
15,1121,Bilgisayar Programcılığı,Yönetim Bilişim Sistemleri,3361,EA
15,1353,Bilgisayar Programcılığı (İnternet),Bilgisayar Bilimleri,8143,SAY
15,1353,Bilgisayar Programcılığı (İnternet),Bilgisayar Mühendisliği,3124,SAY
15,1353,Bilgisayar Programcılığı (İnternet),Bilgisayar ve Öğretim Teknolojileri Öğretmenliği,3129,SAY
15,1353,Bilgisayar Programcılığı (İnternet),Bilişim Sistemleri Mühendisliği,5103,SAY
15,1353,Bilgisayar Programcılığı (İnternet),Bilişim Sistemleri ve Teknolojileri,3130,SAY
15,1353,Bilgisayar Programcılığı (İnternet),İstatistik,3223,SAY
15,1353,Bilgisayar Programcılığı (İnternet),İstatistik ve Bilgisayar Bilimleri,3224,SAY
15,1353,Bilgisayar Programcılığı (İnternet),Matematik ve Bilgisayar Bilimleri,3256,SAY
15,1353,Bilgisayar Programcılığı (İnternet),Yazılım Mühendisliği,5134,SAY
15,1353,Bilgisayar Programcılığı (İnternet),Yönetim Bilişim Sistemleri,3361,EA
15,8506,Bilgisayar Programlama,Bilgisayar Bilimleri,8143,SAY
15,8506,Bilgisayar Programlama,Bilgisayar Mühendisliği,3124,SAY
15,8506,Bilgisayar Programlama,Bilgisayar ve Öğretim Teknolojileri Öğretmenliği,3129,SAY
15,8506,Bilgisayar Programlama,Bilişim Sistemleri Mühendisliği,5103,SAY
15,8506,Bilgisayar Programlama,Bilişim Sistemleri ve Teknolojileri,3130,SAY
15,8506,Bilgisayar Programlama,İstatistik,3223,SAY
15,8506,Bilgisayar Programlama,İstatistik ve Bilgisayar Bilimleri,3224,SAY
15,8506,Bilgisayar Programlama,Matematik ve Bilgisayar Bilimleri,3256,SAY
15,8506,Bilgisayar Programlama,Yazılım Mühendisliği,5134,SAY
15,8506,Bilgisayar Programlama,Yönetim Bilişim Sistemleri,3361,EA
15,4221,Bilgisayar Teknolojileri ve Bilişim Sistemleri,Bilgisayar Bilimleri,8143,SAY
15,4221,Bilgisayar Teknolojileri ve Bilişim Sistemleri,Bilgisayar Mühendisliği,3124,SAY
15,4221,Bilgisayar Teknolojileri ve Bilişim Sistemleri,Bilgisayar ve Öğretim Teknolojileri Öğretmenliği,3129,SAY
15,4221,Bilgisayar Teknolojileri ve Bilişim Sistemleri,Bilişim Sistemleri Mühendisliği,5103,SAY
15,4221,Bilgisayar Teknolojileri ve Bilişim Sistemleri,Bilişim Sistemleri ve Teknolojileri,3130,SAY
15,4221,Bilgisayar Teknolojileri ve Bilişim Sistemleri,İstatistik,3223,SAY
15,4221,Bilgisayar Teknolojileri ve Bilişim Sistemleri,İstatistik ve Bilgisayar Bilimleri,3224,SAY
15,4221,Bilgisayar Teknolojileri ve Bilişim Sistemleri,Matematik ve Bilgisayar Bilimleri,3256,SAY
15,4221,Bilgisayar Teknolojileri ve Bilişim Sistemleri,Yazılım Mühendisliği,5134,SAY
15,4221,Bilgisayar Teknolojileri ve Bilişim Sistemleri,Yönetim Bilişim Sistemleri,3361,EA
15,8507,Bilgisayar Teknolojileri ve Yönetimi,Bilgisayar Bilimleri,8143,SAY
15,8507,Bilgisayar Teknolojileri ve Yönetimi,Bilgisayar Mühendisliği,3124,SAY
15,8507,Bilgisayar Teknolojileri ve Yönetimi,Bilgisayar ve Öğretim Teknolojileri Öğretmenliği,3129,SAY
15,8507,Bilgisayar Teknolojileri ve Yönetimi,Bilişim Sistemleri Mühendisliği,5103,SAY
15,8507,Bilgisayar Teknolojileri ve Yönetimi,Bilişim Sistemleri ve Teknolojileri,3130,SAY
15,8507,Bilgisayar Teknolojileri ve Yönetimi,İstatistik,3223,SAY
15,8507,Bilgisayar Teknolojileri ve Yönetimi,İstatistik ve Bilgisayar Bilimleri,3224,SAY
15,8507,Bilgisayar Teknolojileri ve Yönetimi,Matematik ve Bilgisayar Bilimleri,3256,SAY
15,8507,Bilgisayar Teknolojileri ve Yönetimi,Yazılım Mühendisliği,5134,SAY
15,8507,Bilgisayar Teknolojileri ve Yönetimi,Yönetim Bilişim Sistemleri,3361,EA
15,9075,Bilgisayar Teknolojisi,Bilgisayar Bilimleri,8143,SAY
15,9075,Bilgisayar Teknolojisi,Bilgisayar Mühendisliği,3124,SAY
15,9075,Bilgisayar Teknolojisi,Bilgisayar ve Öğretim Teknolojileri Öğretmenliği,3129,SAY
15,9075,Bilgisayar Teknolojisi,Bilişim Sistemleri Mühendisliği,5103,SAY
15,9075,Bilgisayar Teknolojisi,Bilişim Sistemleri ve Teknolojileri,3130,SAY
15,9075,Bilgisayar Teknolojisi,İstatistik,3223,SAY
15,9075,Bilgisayar Teknolojisi,İstatistik ve Bilgisayar Bilimleri,3224,SAY
15,9075,Bilgisayar Teknolojisi,Matematik ve Bilgisayar Bilimleri,3256,SAY
15,9075,Bilgisayar Teknolojisi,Yazılım Mühendisliği,5134,SAY
15,9075,Bilgisayar Teknolojisi,Yönetim Bilişim Sistemleri,3361,EA
15,1122,Bilgisayar Teknolojisi ve Programlama,Bilgisayar Bilimleri,8143,SAY
15,1122,Bilgisayar Teknolojisi ve Programlama,Bilgisayar Mühendisliği,3124,SAY
15,1122,Bilgisayar Teknolojisi ve Programlama,Bilgisayar ve Öğretim Teknolojileri Öğretmenliği,3129,SAY
15,1122,Bilgisayar Teknolojisi ve Programlama,Bilişim Sistemleri Mühendisliği,5103,SAY
15,1122,Bilgisayar Teknolojisi ve Programlama,Bilişim Sistemleri ve Teknolojileri,3130,SAY
15,1122,Bilgisayar Teknolojisi ve Programlama,İstatistik,3223,SAY
15,1122,Bilgisayar Teknolojisi ve Programlama,İstatistik ve Bilgisayar Bilimleri,3224,SAY
15,1122,Bilgisayar Teknolojisi ve Programlama,Matematik ve Bilgisayar Bilimleri,3256,SAY
15,1122,Bilgisayar Teknolojisi ve Programlama,Yazılım Mühendisliği,5134,SAY
15,1122,Bilgisayar Teknolojisi ve Programlama,Yönetim Bilişim Sistemleri,3361,EA
15,1123,Bilgisayar ve Enformasyon Sistemleri,Bilgisayar Bilimleri,8143,SAY
15,1123,Bilgisayar ve Enformasyon Sistemleri,Bilgisayar Mühendisliği,3124,SAY
15,1123,Bilgisayar ve Enformasyon Sistemleri,Bilgisayar ve Öğretim Teknolojileri Öğretmenliği,3129,SAY
15,1123,Bilgisayar ve Enformasyon Sistemleri,Bilişim Sistemleri Mühendisliği,5103,SAY
15,1123,Bilgisayar ve Enformasyon Sistemleri,Bilişim Sistemleri ve Teknolojileri,3130,SAY
15,1123,Bilgisayar ve Enformasyon Sistemleri,İstatistik,3223,SAY
15,1123,Bilgisayar ve Enformasyon Sistemleri,İstatistik ve Bilgisayar Bilimleri,3224,SAY
15,1123,Bilgisayar ve Enformasyon Sistemleri,Matematik ve Bilgisayar Bilimleri,3256,SAY
15,1123,Bilgisayar ve Enformasyon Sistemleri,Yazılım Mühendisliği,5134,SAY
15,1123,Bilgisayar ve Enformasyon Sistemleri,Yönetim Bilişim Sistemleri,3361,EA
15,1369,Bilişim Güvenliği Teknolojisi,Bilgisayar Bilimleri,8143,SAY
15,1369,Bilişim Güvenliği Teknolojisi,Bilgisayar Mühendisliği,3124,SAY
15,1369,Bilişim Güvenliği Teknolojisi,Bilgisayar ve Öğretim Teknolojileri Öğretmenliği,3129,SAY
15,1369,Bilişim Güvenliği Teknolojisi,Bilişim Sistemleri Mühendisliği,5103,SAY
15,1369,Bilişim Güvenliği Teknolojisi,Bilişim Sistemleri ve Teknolojileri,3130,SAY
15,1369,Bilişim Güvenliği Teknolojisi,İstatistik,3223,SAY
15,1369,Bilişim Güvenliği Teknolojisi,İstatistik ve Bilgisayar Bilimleri,3224,SAY
15,1369,Bilişim Güvenliği Teknolojisi,Matematik ve Bilgisayar Bilimleri,3256,SAY
15,1369,Bilişim Güvenliği Teknolojisi,Yazılım Mühendisliği,5134,SAY
15,1369,Bilişim Güvenliği Teknolojisi,Yönetim Bilişim Sistemleri,3361,EA
15,4223,Bilişim Sistemleri ve Teknolojileri,Bilgisayar Bilimleri,8143,SAY
15,4223,Bilişim Sistemleri ve Teknolojileri,Bilgisayar Mühendisliği,3124,SAY
15,4223,Bilişim Sistemleri ve Teknolojileri,Bilgisayar ve Öğretim Teknolojileri Öğretmenliği,3129,SAY
15,4223,Bilişim Sistemleri ve Teknolojileri,Bilişim Sistemleri Mühendisliği,5103,SAY
15,4223,Bilişim Sistemleri ve Teknolojileri,Bilişim Sistemleri ve Teknolojileri,3130,SAY
15,4223,Bilişim Sistemleri ve Teknolojileri,İstatistik,3223,SAY
15,4223,Bilişim Sistemleri ve Teknolojileri,İstatistik ve Bilgisayar Bilimleri,3224,SAY
15,4223,Bilişim Sistemleri ve Teknolojileri,Matematik ve Bilgisayar Bilimleri,3256,SAY
15,4223,Bilişim Sistemleri ve Teknolojileri,Yazılım Mühendisliği,5134,SAY
15,4223,Bilişim Sistemleri ve Teknolojileri,Yönetim Bilişim Sistemleri,3361,EA
15,4224,Bilişim ve İletişim Teknolojisi,Bilgisayar Bilimleri,8143,SAY
15,4224,Bilişim ve İletişim Teknolojisi,Bilgisayar Mühendisliği,3124,SAY
15,4224,Bilişim ve İletişim Teknolojisi,Bilgisayar ve Öğretim Teknolojileri Öğretmenliği,3129,SAY
15,4224,Bilişim ve İletişim Teknolojisi,Bilişim Sistemleri Mühendisliği,5103,SAY
15,4224,Bilişim ve İletişim Teknolojisi,Bilişim Sistemleri ve Teknolojileri,3130,SAY
15,4224,Bilişim ve İletişim Teknolojisi,İstatistik,3223,SAY
15,4224,Bilişim ve İletişim Teknolojisi,İstatistik ve Bilgisayar Bilimleri,3224,SAY
15,4224,Bilişim ve İletişim Teknolojisi,Matematik ve Bilgisayar Bilimleri,3256,SAY
15,4224,Bilişim ve İletişim Teknolojisi,Yazılım Mühendisliği,5134,SAY
15,4224,Bilişim ve İletişim Teknolojisi,Yönetim Bilişim Sistemleri,3361,EA
15,1470,Bulut Bilişim Operatörlüğü,Bilgisayar Bilimleri,8143,SAY
15,1470,Bulut Bilişim Operatörlüğü,Bilgisayar Mühendisliği,3124,SAY
15,1470,Bulut Bilişim Operatörlüğü,Bilgisayar ve Öğretim Teknolojileri Öğretmenliği,3129,SAY
15,1470,Bulut Bilişim Operatörlüğü,Bilişim Sistemleri Mühendisliği,5103,SAY
15,1470,Bulut Bilişim Operatörlüğü,Bilişim Sistemleri ve Teknolojileri,3130,SAY
15,1470,Bulut Bilişim Operatörlüğü,İstatistik,3223,SAY
15,1470,Bulut Bilişim Operatörlüğü,İstatistik ve Bilgisayar Bilimleri,3224,SAY
15,1470,Bulut Bilişim Operatörlüğü,Matematik ve Bilgisayar Bilimleri,3256,SAY
15,1470,Bulut Bilişim Operatörlüğü,Yazılım Mühendisliği,5134,SAY
15,1470,Bulut Bilişim Operatörlüğü,Yönetim Bilişim Sistemleri,3361,EA
15,1460,BÜYÜK VERİ ANALİSTLİĞİ,Bilgisayar Bilimleri,8143,SAY
15,1460,BÜYÜK VERİ ANALİSTLİĞİ,Bilgisayar Mühendisliği,3124,SAY
15,1460,BÜYÜK VERİ ANALİSTLİĞİ,Bilgisayar ve Öğretim Teknolojileri Öğretmenliği,3129,SAY
15,1460,BÜYÜK VERİ ANALİSTLİĞİ,Bilişim Sistemleri Mühendisliği,5103,SAY
15,1460,BÜYÜK VERİ ANALİSTLİĞİ,Bilişim Sistemleri ve Teknolojileri,3130,SAY
15,1460,BÜYÜK VERİ ANALİSTLİĞİ,İstatistik,3223,SAY
15,1460,BÜYÜK VERİ ANALİSTLİĞİ,İstatistik ve Bilgisayar Bilimleri,3224,SAY
15,1460,BÜYÜK VERİ ANALİSTLİĞİ,Matematik ve Bilgisayar Bilimleri,3256,SAY
15,1460,BÜYÜK VERİ ANALİSTLİĞİ,Yazılım Mühendisliği,5134,SAY
15,1460,BÜYÜK VERİ ANALİSTLİĞİ,Yönetim Bilişim Sistemleri,3361,EA
15,1464,KURUMSAL BİLİŞİM UZMANLIĞI,Bilgisayar Bilimleri,8143,SAY
15,1464,KURUMSAL BİLİŞİM UZMANLIĞI,Bilgisayar Mühendisliği,3124,SAY
15,1464,KURUMSAL BİLİŞİM UZMANLIĞI,Bilgisayar ve Öğretim Teknolojileri Öğretmenliği,3129,SAY
15,1464,KURUMSAL BİLİŞİM UZMANLIĞI,Bilişim Sistemleri Mühendisliği,5103,SAY
15,1464,KURUMSAL BİLİŞİM UZMANLIĞI,Bilişim Sistemleri ve Teknolojileri,3130,SAY
15,1464,KURUMSAL BİLİŞİM UZMANLIĞI,İstatistik,3223,SAY
15,1464,KURUMSAL BİLİŞİM UZMANLIĞI,İstatistik ve Bilgisayar Bilimleri,3224,SAY
15,1464,KURUMSAL BİLİŞİM UZMANLIĞI,Matematik ve Bilgisayar Bilimleri,3256,SAY
15,1464,KURUMSAL BİLİŞİM UZMANLIĞI,Yazılım Mühendisliği,5134,SAY
15,1464,KURUMSAL BİLİŞİM UZMANLIĞI,Yönetim Bilişim Sistemleri,3361,EA
15,9306,Mobil Teknolojileri,Bilgisayar Bilimleri,8143,SAY
15,9306,Mobil Teknolojileri,Bilgisayar Mühendisliği,3124,SAY
15,9306,Mobil Teknolojileri,Bilgisayar ve Öğretim Teknolojileri Öğretmenliği,3129,SAY
15,9306,Mobil Teknolojileri,Bilişim Sistemleri Mühendisliği,5103,SAY
15,9306,Mobil Teknolojileri,Bilişim Sistemleri ve Teknolojileri,3130,SAY
15,9306,Mobil Teknolojileri,İstatistik,3223,SAY
15,9306,Mobil Teknolojileri,İstatistik ve Bilgisayar Bilimleri,3224,SAY
15,9306,Mobil Teknolojileri,Matematik ve Bilgisayar Bilimleri,3256,SAY
15,9306,Mobil Teknolojileri,Yazılım Mühendisliği,5134,SAY
15,9306,Mobil Teknolojileri,Yönetim Bilişim Sistemleri,3361,EA
15,9527,Operatörlük,Bilgisayar Bilimleri,8143,SAY
15,9527,Operatörlük,Bilgisayar Mühendisliği,3124,SAY
15,9527,Operatörlük,Bilgisayar ve Öğretim Teknolojileri Öğretmenliği,3129,SAY
15,9527,Operatörlük,Bilişim Sistemleri Mühendisliği,5103,SAY
15,9527,Operatörlük,Bilişim Sistemleri ve Teknolojileri,3130,SAY
15,9527,Operatörlük,İstatistik,3223,SAY
15,9527,Operatörlük,İstatistik ve Bilgisayar Bilimleri,3224,SAY
15,9527,Operatörlük,Matematik ve Bilgisayar Bilimleri,3256,SAY
15,9527,Operatörlük,Yazılım Mühendisliği,5134,SAY
15,9527,Operatörlük,Yönetim Bilişim Sistemleri,3361,EA
15,1467,ÖN-YÜZ YAZILIM GELİŞTİRME,Bilgisayar Bilimleri,8143,SAY
15,1467,ÖN-YÜZ YAZILIM GELİŞTİRME,Bilgisayar Mühendisliği,3124,SAY
15,1467,ÖN-YÜZ YAZILIM GELİŞTİRME,Bilgisayar ve Öğretim Teknolojileri Öğretmenliği,3129,SAY
15,1467,ÖN-YÜZ YAZILIM GELİŞTİRME,Bilişim Sistemleri Mühendisliği,5103,SAY
15,1467,ÖN-YÜZ YAZILIM GELİŞTİRME,Bilişim Sistemleri ve Teknolojileri,3130,SAY
15,1467,ÖN-YÜZ YAZILIM GELİŞTİRME,İstatistik,3223,SAY
15,1467,ÖN-YÜZ YAZILIM GELİŞTİRME,İstatistik ve Bilgisayar Bilimleri,3224,SAY
15,1467,ÖN-YÜZ YAZILIM GELİŞTİRME,Matematik ve Bilgisayar Bilimleri,3256,SAY
15,1467,ÖN-YÜZ YAZILIM GELİŞTİRME,Yazılım Mühendisliği,5134,SAY
15,1467,ÖN-YÜZ YAZILIM GELİŞTİRME,Yönetim Bilişim Sistemleri,3361,EA
15,1449,Siber Güvenlik,Bilgisayar Bilimleri,8143,SAY
15,1449,Siber Güvenlik,Bilgisayar Mühendisliği,3124,SAY
15,1449,Siber Güvenlik,Bilgisayar ve Öğretim Teknolojileri Öğretmenliği,3129,SAY
15,1449,Siber Güvenlik,Bilişim Sistemleri Mühendisliği,5103,SAY
15,1449,Siber Güvenlik,Bilişim Sistemleri ve Teknolojileri,3130,SAY
15,1449,Siber Güvenlik,İstatistik,3223,SAY
15,1449,Siber Güvenlik,İstatistik ve Bilgisayar Bilimleri,3224,SAY
15,1449,Siber Güvenlik,Matematik ve Bilgisayar Bilimleri,3256,SAY
15,1449,Siber Güvenlik,Yazılım Mühendisliği,5134,SAY
15,1449,Siber Güvenlik,Yönetim Bilişim Sistemleri,3361,EA
15,1451,SİBER GÜVENLİK ANALİSTLİĞİ VE OPERATÖRLÜĞÜ,Bilgisayar Bilimleri,8143,SAY
15,1451,SİBER GÜVENLİK ANALİSTLİĞİ VE OPERATÖRLÜĞÜ,Bilgisayar Mühendisliği,3124,SAY
15,1451,SİBER GÜVENLİK ANALİSTLİĞİ VE OPERATÖRLÜĞÜ,Bilgisayar ve Öğretim Teknolojileri Öğretmenliği,3129,SAY
15,1451,SİBER GÜVENLİK ANALİSTLİĞİ VE OPERATÖRLÜĞÜ,Bilişim Sistemleri Mühendisliği,5103,SAY
15,1451,SİBER GÜVENLİK ANALİSTLİĞİ VE OPERATÖRLÜĞÜ,Bilişim Sistemleri ve Teknolojileri,3130,SAY
15,1451,SİBER GÜVENLİK ANALİSTLİĞİ VE OPERATÖRLÜĞÜ,İstatistik,3223,SAY
15,1451,SİBER GÜVENLİK ANALİSTLİĞİ VE OPERATÖRLÜĞÜ,İstatistik ve Bilgisayar Bilimleri,3224,SAY
15,1451,SİBER GÜVENLİK ANALİSTLİĞİ VE OPERATÖRLÜĞÜ,Matematik ve Bilgisayar Bilimleri,3256,SAY
15,1451,SİBER GÜVENLİK ANALİSTLİĞİ VE OPERATÖRLÜĞÜ,Yazılım Mühendisliği,5134,SAY
15,1451,SİBER GÜVENLİK ANALİSTLİĞİ VE OPERATÖRLÜĞÜ,Yönetim Bilişim Sistemleri,3361,EA
15,9457,Web Tasarımı ve Kodlama,Bilgisayar Bilimleri,8143,SAY
15,9457,Web Tasarımı ve Kodlama,Bilgisayar Mühendisliği,3124,SAY
15,9457,Web Tasarımı ve Kodlama,Bilgisayar ve Öğretim Teknolojileri Öğretmenliği,3129,SAY
15,9457,Web Tasarımı ve Kodlama,Bilişim Sistemleri Mühendisliği,5103,SAY
15,9457,Web Tasarımı ve Kodlama,Bilişim Sistemleri ve Teknolojileri,3130,SAY
15,9457,Web Tasarımı ve Kodlama,İstatistik,3223,SAY
15,9457,Web Tasarımı ve Kodlama,İstatistik ve Bilgisayar Bilimleri,3224,SAY
15,9457,Web Tasarımı ve Kodlama,Matematik ve Bilgisayar Bilimleri,3256,SAY
15,9457,Web Tasarımı ve Kodlama,Yazılım Mühendisliği,5134,SAY
15,9457,Web Tasarımı ve Kodlama,Yönetim Bilişim Sistemleri,3361,EA
15,1469,YAPAY ZEKA OPERATÖRLÜĞÜ,Bilgisayar Bilimleri,8143,SAY
15,1469,YAPAY ZEKA OPERATÖRLÜĞÜ,Bilgisayar Mühendisliği,3124,SAY
15,1469,YAPAY ZEKA OPERATÖRLÜĞÜ,Bilgisayar ve Öğretim Teknolojileri Öğretmenliği,3129,SAY
15,1469,YAPAY ZEKA OPERATÖRLÜĞÜ,Bilişim Sistemleri Mühendisliği,5103,SAY
15,1469,YAPAY ZEKA OPERATÖRLÜĞÜ,Bilişim Sistemleri ve Teknolojileri,3130,SAY
15,1469,YAPAY ZEKA OPERATÖRLÜĞÜ,İstatistik,3223,SAY
15,1469,YAPAY ZEKA OPERATÖRLÜĞÜ,İstatistik ve Bilgisayar Bilimleri,3224,SAY
15,1469,YAPAY ZEKA OPERATÖRLÜĞÜ,Matematik ve Bilgisayar Bilimleri,3256,SAY
15,1469,YAPAY ZEKA OPERATÖRLÜĞÜ,Yazılım Mühendisliği,5134,SAY
15,1469,YAPAY ZEKA OPERATÖRLÜĞÜ,Yönetim Bilişim Sistemleri,3361,EA
16,1110,Aşçılık,Beslenme ve Diyetetik,3122,SAY
16,1110,Aşçılık,Gastronomi ve Mutfak Sanatları,5108,SÖZ
16,1110,Aşçılık,Yiyecek ve İçecek İşletmeciliği,8288,EA
16,9501,Gemi Aşçılığı,Beslenme ve Diyetetik,3122,SAY
16,9501,Gemi Aşçılığı,Gastronomi ve Mutfak Sanatları,5108,SÖZ
16,9501,Gemi Aşçılığı,Yiyecek ve İçecek İşletmeciliği,8288,EA
16,9076,İkram Hizmetleri,Beslenme ve Diyetetik,3122,SAY
16,9076,İkram Hizmetleri,Gastronomi ve Mutfak Sanatları,5108,SÖZ
16,9076,İkram Hizmetleri,Yiyecek ve İçecek İşletmeciliği,8288,EA
16,8578,Yemek Pişirme Teknikleri,Beslenme ve Diyetetik,3122,SAY
16,8578,Yemek Pişirme Teknikleri,Gastronomi ve Mutfak Sanatları,5108,SÖZ
16,8578,Yemek Pişirme Teknikleri,Yiyecek ve İçecek İşletmeciliği,8288,EA
16,1350,Yiyecek İçecek İşletmeciliği / Yiyecek ve İçecek İşletmeciliği,Beslenme ve Diyetetik,3122,SAY
16,1350,Yiyecek İçecek İşletmeciliği / Yiyecek ve İçecek İşletmeciliği,Gastronomi ve Mutfak Sanatları,5108,SÖZ
16,1350,Yiyecek İçecek İşletmeciliği / Yiyecek ve İçecek İşletmeciliği,Yiyecek ve İçecek İşletmeciliği,8288,EA
17,9594,Atık Yönetimi,Biyoloji,3133,SAY
17,9594,Atık Yönetimi,Çevre Mühendisliği,3142,SAY
17,9594,Atık Yönetimi,Kimya,3240,SAY
17,9594,Atık Yönetimi,Kimya Mühendisliği,6241,SAY
17,1133,Çevre,Biyoloji,3133,SAY
17,1133,Çevre,Çevre Mühendisliği,3142,SAY
17,1133,Çevre,Kimya,3240,SAY
17,1133,Çevre,Kimya Mühendisliği,6241,SAY
17,6134,Çevre Kirlenmesi ve Kontrolü,Biyoloji,3133,SAY
17,6134,Çevre Kirlenmesi ve Kontrolü,Çevre Mühendisliği,3142,SAY
17,6134,Çevre Kirlenmesi ve Kontrolü,Kimya,3240,SAY
17,6134,Çevre Kirlenmesi ve Kontrolü,Kimya Mühendisliği,6241,SAY
17,1135,Çevre Koruma,Biyoloji,3133,SAY
17,1135,Çevre Koruma,Çevre Mühendisliği,3142,SAY
17,1135,Çevre Koruma,Kimya,3240,SAY
17,1135,Çevre Koruma,Kimya Mühendisliği,6241,SAY
17,9014,Çevre Koruma ve Kontrol,Biyoloji,3133,SAY
17,9014,Çevre Koruma ve Kontrol,Çevre Mühendisliği,3142,SAY
17,9014,Çevre Koruma ve Kontrol,Kimya,3240,SAY
17,9014,Çevre Koruma ve Kontrol,Kimya Mühendisliği,6241,SAY
17,1493,ÇEVRESEL ÖLÇÜM VE İZLEME SİSTEMLERİ TEKNİKERLİĞİ,Biyoloji,3133,SAY
17,1493,ÇEVRESEL ÖLÇÜM VE İZLEME SİSTEMLERİ TEKNİKERLİĞİ,Çevre Mühendisliği,3142,SAY
17,1493,ÇEVRESEL ÖLÇÜM VE İZLEME SİSTEMLERİ TEKNİKERLİĞİ,Kimya,3240,SAY
17,1493,ÇEVRESEL ÖLÇÜM VE İZLEME SİSTEMLERİ TEKNİKERLİĞİ,Kimya Mühendisliği,6241,SAY
17,1504,KARBON YÖNETİMİ TEKNİKERLİĞİ,Biyoloji,3133,SAY
17,1504,KARBON YÖNETİMİ TEKNİKERLİĞİ,Çevre Mühendisliği,3142,SAY
17,1504,KARBON YÖNETİMİ TEKNİKERLİĞİ,Kimya,3240,SAY
17,1504,KARBON YÖNETİMİ TEKNİKERLİĞİ,Kimya Mühendisliği,6241,SAY
17,1508,SU VE ATIK YÖNETİMİ TEKNİKERLİĞİ,Biyoloji,3133,SAY
17,1508,SU VE ATIK YÖNETİMİ TEKNİKERLİĞİ,Çevre Mühendisliği,3142,SAY
17,1508,SU VE ATIK YÖNETİMİ TEKNİKERLİĞİ,Kimya,3240,SAY
17,1508,SU VE ATIK YÖNETİMİ TEKNİKERLİĞİ,Kimya Mühendisliği,6241,SAY
18,5306,Av ve Yaban Hayatı,Orman Mühendisliği,6277,SAY
18,5306,Av ve Yaban Hayatı,Yaban Hayatı Ekolojisi ve Yönetimi,9313,SAY
18,5306,Av ve Yaban Hayatı,Kamu Yönetimi,3237,EA
18,5306,Av ve Yaban Hayatı,Siyaset Bilimi,3313,EA
18,5306,Av ve Yaban Hayatı,Siyaset Bilimi ve Kamu Yönetimi,3314,EA
18,5306,Av ve Yaban Hayatı,Siyaset Bilimi ve Uluslararası İlişkiler,3315,EA
18,5306,Av ve Yaban Hayatı,Uluslararası İlişkiler,3352,EA
18,9072,Avcılık ve Yaban Hayatı,Orman Mühendisliği,6277,SAY
18,9072,Avcılık ve Yaban Hayatı,Yaban Hayatı Ekolojisi ve Yönetimi,9313,SAY
18,9072,Avcılık ve Yaban Hayatı,Kamu Yönetimi,3237,EA
18,9072,Avcılık ve Yaban Hayatı,Siyaset Bilimi,3313,EA
18,9072,Avcılık ve Yaban Hayatı,Siyaset Bilimi ve Kamu Yönetimi,3314,EA
18,9072,Avcılık ve Yaban Hayatı,Siyaset Bilimi ve Uluslararası İlişkiler,3315,EA
18,9072,Avcılık ve Yaban Hayatı,Uluslararası İlişkiler,3352,EA
18,5307,Avrupa Topluluğu,Orman Mühendisliği,6277,SAY
18,5307,Avrupa Topluluğu,Yaban Hayatı Ekolojisi ve Yönetimi,9313,SAY
18,5307,Avrupa Topluluğu,Kamu Yönetimi,3237,EA
18,5307,Avrupa Topluluğu,Siyaset Bilimi,3313,EA
18,5307,Avrupa Topluluğu,Siyaset Bilimi ve Kamu Yönetimi,3314,EA
18,5307,Avrupa Topluluğu,Siyaset Bilimi ve Uluslararası İlişkiler,3315,EA
18,5307,Avrupa Topluluğu,Uluslararası İlişkiler,3352,EA
19,8591,Ayakkabı Tasarımı,Ayakkabı Tasarımı ve Üretimi,1306,EA
19,8591,Ayakkabı Tasarımı,Üretimi Deri Mühendisliği,3151,SAY
19,8591,Ayakkabı Tasarımı,Moda Tasarımı,3266,EA
19,8591,Ayakkabı Tasarımı,Tekstil Mühendisliği,3328,SAY
19,8591,Ayakkabı Tasarımı,Tekstil ve Moda Tasarımı,7169,EA
19,9018,Ayakkabı Tasarımı ve Üretimi / Ayakkabı Tasarım ve,Ayakkabı Tasarımı ve Üretimi,1306,EA
19,9018,Ayakkabı Tasarımı ve Üretimi / Ayakkabı Tasarım ve,Üretimi Deri Mühendisliği,3151,SAY
19,9018,Ayakkabı Tasarımı ve Üretimi / Ayakkabı Tasarım ve,Moda Tasarımı,3266,EA
19,9018,Ayakkabı Tasarımı ve Üretimi / Ayakkabı Tasarım ve,Tekstil Mühendisliği,3328,SAY
19,9018,Ayakkabı Tasarımı ve Üretimi / Ayakkabı Tasarım ve,Tekstil ve Moda Tasarımı,7169,EA
19,4210,Ayakkabı ve Saraciye Tasarımı,Ayakkabı Tasarımı ve Üretimi,1306,EA
19,4210,Ayakkabı ve Saraciye Tasarımı,Üretimi Deri Mühendisliği,3151,SAY
19,4210,Ayakkabı ve Saraciye Tasarımı,Moda Tasarımı,3266,EA
19,4210,Ayakkabı ve Saraciye Tasarımı,Tekstil Mühendisliği,3328,SAY
19,4210,Ayakkabı ve Saraciye Tasarımı,Tekstil ve Moda Tasarımı,7169,EA
20,1111,Bağcılık,Bahçe Bitkileri,8147,SAY
20,1111,Bağcılık,Bitki Koruma,8158,SAY
20,1111,Bağcılık,Bitkisel Üretim ve Teknolojileri,9269,SAY
20,1111,Bağcılık,Organik Tarım İşletmeciliği,9333,EA
20,1111,Bağcılık,Tarla Bitkileri,3385,SAY
20,1111,Bağcılık,Toprak Bilimi ve Bitki Besleme,9048,SAY
20,1452,BAĞCILIK VE BAĞ ÜRÜNLERİ TEKNOLOJİSİ,Bahçe Bitkileri,8147,SAY
20,1452,BAĞCILIK VE BAĞ ÜRÜNLERİ TEKNOLOJİSİ,Bitki Koruma,8158,SAY
20,1452,BAĞCILIK VE BAĞ ÜRÜNLERİ TEKNOLOJİSİ,Bitkisel Üretim ve Teknolojileri,9269,SAY
20,1452,BAĞCILIK VE BAĞ ÜRÜNLERİ TEKNOLOJİSİ,Organik Tarım İşletmeciliği,9333,EA
20,1452,BAĞCILIK VE BAĞ ÜRÜNLERİ TEKNOLOJİSİ,Tarla Bitkileri,3385,SAY
20,1452,BAĞCILIK VE BAĞ ÜRÜNLERİ TEKNOLOJİSİ,Toprak Bilimi ve Bitki Besleme,9048,SAY
20,9056,Bahçe Tarımı,Bahçe Bitkileri,8147,SAY
20,9056,Bahçe Tarımı,Bitki Koruma,8158,SAY
20,9056,Bahçe Tarımı,Bitkisel Üretim ve Teknolojileri,9269,SAY
20,9056,Bahçe Tarımı,Organik Tarım İşletmeciliği,9333,EA
20,9056,Bahçe Tarımı,Tarla Bitkileri,3385,SAY
20,9056,Bahçe Tarımı,Toprak Bilimi ve Bitki Besleme,9048,SAY
20,1112,Bahçe Ziraatı,Bahçe Bitkileri,8147,SAY
20,1112,Bahçe Ziraatı,Bitki Koruma,8158,SAY
20,1112,Bahçe Ziraatı,Bitkisel Üretim ve Teknolojileri,9269,SAY
20,1112,Bahçe Ziraatı,Organik Tarım İşletmeciliği,9333,EA
20,1112,Bahçe Ziraatı,Tarla Bitkileri,3385,SAY
20,1112,Bahçe Ziraatı,Toprak Bilimi ve Bitki Besleme,9048,SAY
20,1318,Tarla Bitkileri,Bahçe Bitkileri,8147,SAY
20,1318,Tarla Bitkileri,Bitki Koruma,8158,SAY
20,1318,Tarla Bitkileri,Bitkisel Üretim ve Teknolojileri,9269,SAY
20,1318,Tarla Bitkileri,Organik Tarım İşletmeciliği,9333,EA
20,1318,Tarla Bitkileri,Tarla Bitkileri,3385,SAY
20,1318,Tarla Bitkileri,Toprak Bilimi ve Bitki Besleme,9048,SAY
21,4213,Bakır Çalgılar,Üflemeli ve Vurmalı Çalgılar,8280,SÖZ
21,4300,Kamışlı Çalgılar,Üflemeli ve Vurmalı Çalgılar,8280,SÖZ
21,9516,Üflemeli ve Vurmalı Çalgılar,Üflemeli ve Vurmalı Çalgılar,8280,SÖZ
21,4398,Vurmalı Çalgılar,Üflemeli ve Vurmalı Çalgılar,8280,SÖZ
22,6113,Balık Yetiştiriciliği,Balıkçılık Teknolojisi Mühendisliği,3116,SAY
22,6113,Balık Yetiştiriciliği,Hayvansal Üretim ve Teknolojileri,9455,SAY
22,6113,Balık Yetiştiriciliği,Su Ürünleri Mühendisliği,8337,SAY
22,6113,Balık Yetiştiriciliği,Zootekni,8289,SAY
23,9285,Balon Pilotluğu,Havacılık Yönetimi,9428,EA
23,4281,Hava Trafik,Havacılık Yönetimi,9428,EA
23,9243,Hava Trafik Kontrolörü,Havacılık Yönetimi,9428,EA
23,9440,Uçuş Harekat Yöneticiliği,Havacılık Yönetimi,9428,EA
24,5308,Banka ve Sigorta Yönetimi,Aktüerya Bilimleri,5102,SAY
24,5308,Banka ve Sigorta Yönetimi,Bankacılık,3117,EA
24,5308,Banka ve Sigorta Yönetimi,Bankacılık ve Sigortacılık,3120,EA
24,5308,Banka ve Sigorta Yönetimi,Ekonometri,3158,EA
24,5308,Banka ve Sigorta Yönetimi,Ekonomi,3159,EA
24,5308,Banka ve Sigorta Yönetimi,Ekonomi ve Finans,5105,EA
24,5308,Banka ve Sigorta Yönetimi,Finans ve Bankacılık,9371,EA
24,5308,Banka ve Sigorta Yönetimi,İktisat,3213,EA
24,5308,Banka ve Sigorta Yönetimi,İSLAM İKTİSADI VE FİNANS,1425,EA
24,5308,Banka ve Sigorta Yönetimi,İşletme,3226,EA
24,5308,Banka ve Sigorta Yönetimi,Lojistik Yönetimi,8222,EA
24,5308,Banka ve Sigorta Yönetimi,Sermaye Piyasası,3302,EA
24,5308,Banka ve Sigorta Yönetimi,Sigortacılık,3306,EA
24,5308,Banka ve Sigorta Yönetimi,Sigortacılık ve Risk Yönetimi,5127,EA
24,5308,Banka ve Sigorta Yönetimi,Sigortacılık ve Sosyal Güvenlik,9360,EA
24,5308,Banka ve Sigorta Yönetimi,Uluslararası Finans,6351,EA
24,5308,Banka ve Sigorta Yönetimi,Uluslararası Finans ve Bankacılık,9353,EA
24,5308,Banka ve Sigorta Yönetimi,Uluslararası İşletme Yönetimi,4391,EA
24,5308,Banka ve Sigorta Yönetimi,Uluslararası Ticaret,3355,EA
24,5308,Banka ve Sigorta Yönetimi,Uluslararası Ticaret ve Finansman,5131,EA
24,5308,Banka ve Sigorta Yönetimi,Uluslararası Ticaret ve İşletmecilik,3356,EA
24,5308,Banka ve Sigorta Yönetimi,Uluslararası Ticaret ve Lojistik,9009,EA
24,1115,Bankacılık ve Sigortacılık,Aktüerya Bilimleri,5102,SAY
24,1115,Bankacılık ve Sigortacılık,Bankacılık,3117,EA
24,1115,Bankacılık ve Sigortacılık,Bankacılık ve Sigortacılık,3120,EA
24,1115,Bankacılık ve Sigortacılık,Ekonometri,3158,EA
24,1115,Bankacılık ve Sigortacılık,Ekonomi,3159,EA
24,1115,Bankacılık ve Sigortacılık,Ekonomi ve Finans,5105,EA
24,1115,Bankacılık ve Sigortacılık,Finans ve Bankacılık,9371,EA
24,1115,Bankacılık ve Sigortacılık,İktisat,3213,EA
24,1115,Bankacılık ve Sigortacılık,İSLAM İKTİSADI VE FİNANS,1425,EA
24,1115,Bankacılık ve Sigortacılık,İşletme,3226,EA
24,1115,Bankacılık ve Sigortacılık,Lojistik Yönetimi,8222,EA
24,1115,Bankacılık ve Sigortacılık,Sermaye Piyasası,3302,EA
24,1115,Bankacılık ve Sigortacılık,Sigortacılık,3306,EA
24,1115,Bankacılık ve Sigortacılık,Sigortacılık ve Risk Yönetimi,5127,EA
24,1115,Bankacılık ve Sigortacılık,Sigortacılık ve Sosyal Güvenlik,9360,EA
24,1115,Bankacılık ve Sigortacılık,Uluslararası Finans,6351,EA
24,1115,Bankacılık ve Sigortacılık,Uluslararası Finans ve Bankacılık,9353,EA
24,1115,Bankacılık ve Sigortacılık,Uluslararası İşletme Yönetimi,4391,EA
24,1115,Bankacılık ve Sigortacılık,Uluslararası Ticaret,3355,EA
24,1115,Bankacılık ve Sigortacılık,Uluslararası Ticaret ve Finansman,5131,EA
24,1115,Bankacılık ve Sigortacılık,Uluslararası Ticaret ve İşletmecilik,3356,EA
24,1115,Bankacılık ve Sigortacılık,Uluslararası Ticaret ve Lojistik,9009,EA
25,1114,Bankacılık,Bankacılık,3117,EA
25,1114,Bankacılık,Bankacılık ve Sigortacılık,3120,EA
25,1114,Bankacılık,Ekonometri,3158,EA
25,1114,Bankacılık,Ekonomi,3159,EA
25,1114,Bankacılık,Ekonomi ve Finans,5105,EA
25,1114,Bankacılık,Finans ve Bankacılık,9371,EA
25,1114,Bankacılık,İktisat,3213,EA
25,1114,Bankacılık,İSLAM İKTİSADI VE FİNANS,1425,EA
25,1114,Bankacılık,İşletme,3226,EA
25,1114,Bankacılık,Lojistik Yönetimi,8222,EA
25,1114,Bankacılık,Sermaye Piyasası,3302,EA
25,1114,Bankacılık,Uluslararası Finans,6351,EA
25,1114,Bankacılık,Uluslararası Finans ve Bankacılık,9353,EA
25,1114,Bankacılık,Uluslararası İşletme Yönetimi,4391,EA
25,1114,Bankacılık,Uluslararası Ticaret,3355,EA
25,1114,Bankacılık,Uluslararası Ticaret ve Finansman,5131,EA
25,1114,Bankacılık,Uluslararası Ticaret ve İşletmecilik,3356,EA
25,1114,Bankacılık,Uluslararası Ticaret ve Lojistik,9009,EA
25,5317,Borsa ve Finans,Bankacılık,3117,EA
25,5317,Borsa ve Finans,Bankacılık ve Sigortacılık,3120,EA
25,5317,Borsa ve Finans,Ekonometri,3158,EA
25,5317,Borsa ve Finans,Ekonomi,3159,EA
25,5317,Borsa ve Finans,Ekonomi ve Finans,5105,EA
25,5317,Borsa ve Finans,Finans ve Bankacılık,9371,EA
25,5317,Borsa ve Finans,İktisat,3213,EA
25,5317,Borsa ve Finans,İSLAM İKTİSADI VE FİNANS,1425,EA
25,5317,Borsa ve Finans,İşletme,3226,EA
25,5317,Borsa ve Finans,Lojistik Yönetimi,8222,EA
25,5317,Borsa ve Finans,Sermaye Piyasası,3302,EA
25,5317,Borsa ve Finans,Uluslararası Finans,6351,EA
25,5317,Borsa ve Finans,Uluslararası Finans ve Bankacılık,9353,EA
25,5317,Borsa ve Finans,Uluslararası İşletme Yönetimi,4391,EA
25,5317,Borsa ve Finans,Uluslararası Ticaret,3355,EA
25,5317,Borsa ve Finans,Uluslararası Ticaret ve Finansman,5131,EA
25,5317,Borsa ve Finans,Uluslararası Ticaret ve İşletmecilik,3356,EA
25,5317,Borsa ve Finans,Uluslararası Ticaret ve Lojistik,9009,EA
26,1368,Basım ve Yayım Teknolojileri,Basım Teknolojileri,9391,SAY
26,1368,Basım ve Yayım Teknolojileri,Basın ve Yayın,3121,SÖZ
26,1368,Basım ve Yayım Teknolojileri,Fotoğraf,7158,SÖZ
26,1368,Basım ve Yayım Teknolojileri,Fotoğraf ve Video,7211,SÖZ
26,1368,Basım ve Yayım Teknolojileri,Gazetecilik,6188,SÖZ
26,1368,Basım ve Yayım Teknolojileri,Görsel İletişim Tasarımı,5109,SÖZ
26,1368,Basım ve Yayım Teknolojileri,Görsel Sanatlar,9162,SÖZ
26,1368,Basım ve Yayım Teknolojileri,Grafik,7160,EA
26,1368,Basım ve Yayım Teknolojileri,Grafik Sanatlar,7145,EA
26,1368,Basım ve Yayım Teknolojileri,Grafik Tasarımı,7162,EA
26,1368,Basım ve Yayım Teknolojileri,Halkla İlişkiler ve Reklamcılık,5111,SÖZ
26,1368,Basım ve Yayım Teknolojileri,İletişim,3215,SÖZ
26,1368,Basım ve Yayım Teknolojileri,İletişim Bilimleri,8327,SÖZ
26,1368,Basım ve Yayım Teknolojileri,İletişim Tasarımı ve Yönetimi,9281,SÖZ
26,1368,Basım ve Yayım Teknolojileri,İletişim ve Tasarımı,1428,SÖZ
26,1368,Basım ve Yayım Teknolojileri,Medya ve İletişim,8244,SÖZ
26,1368,Basım ve Yayım Teknolojileri,Reklam Tasarımı ve İletişimi,8249,SÖZ
26,1368,Basım ve Yayım Teknolojileri,Reklamcılık,3291,SÖZ
26,1368,Basım ve Yayım Teknolojileri,Yeni Medya,9142,SÖZ
26,1368,Basım ve Yayım Teknolojileri,Yeni Medya ve İletişim,9471,SÖZ
26,9010,Basım ve Yayın Teknolojileri,Basım Teknolojileri,9391,SAY
26,9010,Basım ve Yayın Teknolojileri,Basın ve Yayın,3121,SÖZ
26,9010,Basım ve Yayın Teknolojileri,Fotoğraf,7158,SÖZ
26,9010,Basım ve Yayın Teknolojileri,Fotoğraf ve Video,7211,SÖZ
26,9010,Basım ve Yayın Teknolojileri,Gazetecilik,6188,SÖZ
26,9010,Basım ve Yayın Teknolojileri,Görsel İletişim Tasarımı,5109,SÖZ
26,9010,Basım ve Yayın Teknolojileri,Görsel Sanatlar,9162,SÖZ
26,9010,Basım ve Yayın Teknolojileri,Grafik,7160,EA
26,9010,Basım ve Yayın Teknolojileri,Grafik Sanatlar,7145,EA
26,9010,Basım ve Yayın Teknolojileri,Grafik Tasarımı,7162,EA
26,9010,Basım ve Yayın Teknolojileri,Halkla İlişkiler ve Reklamcılık,5111,SÖZ
26,9010,Basım ve Yayın Teknolojileri,İletişim,3215,SÖZ
26,9010,Basım ve Yayın Teknolojileri,İletişim Bilimleri,8327,SÖZ
26,9010,Basım ve Yayın Teknolojileri,İletişim Tasarımı ve Yönetimi,9281,SÖZ
26,9010,Basım ve Yayın Teknolojileri,İletişim ve Tasarımı,1428,SÖZ
26,9010,Basım ve Yayın Teknolojileri,Medya ve İletişim,8244,SÖZ
26,9010,Basım ve Yayın Teknolojileri,Reklam Tasarımı ve İletişimi,8249,SÖZ
26,9010,Basım ve Yayın Teknolojileri,Reklamcılık,3291,SÖZ
26,9010,Basım ve Yayın Teknolojileri,Yeni Medya,9142,SÖZ
26,9010,Basım ve Yayın Teknolojileri,Yeni Medya ve İletişim,9471,SÖZ
26,4214,Basın ve Yayıncılık,Basım Teknolojileri,9391,SAY
26,4214,Basın ve Yayıncılık,Basın ve Yayın,3121,SÖZ
26,4214,Basın ve Yayıncılık,Fotoğraf,7158,SÖZ
26,4214,Basın ve Yayıncılık,Fotoğraf ve Video,7211,SÖZ
26,4214,Basın ve Yayıncılık,Gazetecilik,6188,SÖZ
26,4214,Basın ve Yayıncılık,Görsel İletişim Tasarımı,5109,SÖZ
26,4214,Basın ve Yayıncılık,Görsel Sanatlar,9162,SÖZ
26,4214,Basın ve Yayıncılık,Grafik,7160,EA
26,4214,Basın ve Yayıncılık,Grafik Sanatlar,7145,EA
26,4214,Basın ve Yayıncılık,Grafik Tasarımı,7162,EA
26,4214,Basın ve Yayıncılık,Halkla İlişkiler ve Reklamcılık,5111,SÖZ
26,4214,Basın ve Yayıncılık,İletişim,3215,SÖZ
26,4214,Basın ve Yayıncılık,İletişim Bilimleri,8327,SÖZ
26,4214,Basın ve Yayıncılık,İletişim Tasarımı ve Yönetimi,9281,SÖZ
26,4214,Basın ve Yayıncılık,İletişim ve Tasarımı,1428,SÖZ
26,4214,Basın ve Yayıncılık,Medya ve İletişim,8244,SÖZ
26,4214,Basın ve Yayıncılık,Reklam Tasarımı ve İletişimi,8249,SÖZ
26,4214,Basın ve Yayıncılık,Reklamcılık,3291,SÖZ
26,4214,Basın ve Yayıncılık,Yeni Medya,9142,SÖZ
26,4214,Basın ve Yayıncılık,Yeni Medya ve İletişim,9471,SÖZ
26,9564,Yeni Medya ve Gazetecilik,Basım Teknolojileri,9391,SAY
26,9564,Yeni Medya ve Gazetecilik,Basın ve Yayın,3121,SÖZ
26,9564,Yeni Medya ve Gazetecilik,Fotoğraf,7158,SÖZ
26,9564,Yeni Medya ve Gazetecilik,Fotoğraf ve Video,7211,SÖZ
26,9564,Yeni Medya ve Gazetecilik,Gazetecilik,6188,SÖZ
26,9564,Yeni Medya ve Gazetecilik,Görsel İletişim Tasarımı,5109,SÖZ
26,9564,Yeni Medya ve Gazetecilik,Görsel Sanatlar,9162,SÖZ
26,9564,Yeni Medya ve Gazetecilik,Grafik,7160,EA
26,9564,Yeni Medya ve Gazetecilik,Grafik Sanatlar,7145,EA
26,9564,Yeni Medya ve Gazetecilik,Grafik Tasarımı,7162,EA
26,9564,Yeni Medya ve Gazetecilik,Halkla İlişkiler ve Reklamcılık,5111,SÖZ
26,9564,Yeni Medya ve Gazetecilik,İletişim,3215,SÖZ
26,9564,Yeni Medya ve Gazetecilik,İletişim Bilimleri,8327,SÖZ
26,9564,Yeni Medya ve Gazetecilik,İletişim Tasarımı ve Yönetimi,9281,SÖZ
26,9564,Yeni Medya ve Gazetecilik,İletişim ve Tasarımı,1428,SÖZ
26,9564,Yeni Medya ve Gazetecilik,Medya ve İletişim,8244,SÖZ
26,9564,Yeni Medya ve Gazetecilik,Reklam Tasarımı ve İletişimi,8249,SÖZ
26,9564,Yeni Medya ve Gazetecilik,Reklamcılık,3291,SÖZ
26,9564,Yeni Medya ve Gazetecilik,Yeni Medya,9142,SÖZ
26,9564,Yeni Medya ve Gazetecilik,Yeni Medya ve İletişim,9471,SÖZ
27,1116,Besicilik,Hayvansal Üretim ve Teknolojileri,9455,SAY
27,1116,Besicilik,Zootekni,8289,SAY
27,8562,Sığır Yetiştiriciliği ve Besiciliği,Hayvansal Üretim ve Teknolojileri,9455,SAY
27,8562,Sığır Yetiştiriciliği ve Besiciliği,Zootekni,8289,SAY
27,1321,Tavukçuluk,Hayvansal Üretim ve Teknolojileri,9455,SAY
27,1321,Tavukçuluk,Zootekni,8289,SAY
27,1349,Yem Teknolojisi ve Hayvan Besleme,Hayvansal Üretim ve Teknolojileri,9455,SAY
27,1349,Yem Teknolojisi ve Hayvan Besleme,Zootekni,8289,SAY
28,1453,BIÇAKÇILIK VE EL ALETLERİ ÜRETİM TEKNOLOJİSİ,İmalat Mühendisliği,5114,SAY
28,1453,BIÇAKÇILIK VE EL ALETLERİ ÜRETİM TEKNOLOJİSİ,Makine Mühendisliği,3252,SAY
28,5311,Bilgisayar Destekli Endüstriyel Kalıpçılık,İmalat Mühendisliği,5114,SAY
28,5311,Bilgisayar Destekli Endüstriyel Kalıpçılık,Makine Mühendisliği,3252,SAY
28,5329,Endüstriyel Kalıpçılık,İmalat Mühendisliği,5114,SAY
28,5329,Endüstriyel Kalıpçılık,Makine Mühendisliği,3252,SAY
28,1213,Kalıpçılık,İmalat Mühendisliği,5114,SAY
28,1213,Kalıpçılık,Makine Mühendisliği,3252,SAY
29,5310,Bilgi Yönetimi,Bilgi ve Belge Yönetimi,8144,EA
29,5310,Bilgi Yönetimi,Teknoloji ve Bilgi Yönetimi,9286,EA
29,5310,Bilgi Yönetimi,Gemi İnşaatı ve Gemi Makineleri Mühendisliği,8322,SAY
29,5310,Bilgi Yönetimi,İmalat Mühendisliği,5114,SAY
29,5310,Bilgi Yönetimi,Makine Mühendisliği,3252,SAY
29,5310,Bilgi Yönetimi,Otomotiv Mühendisliği,8333,SAY
29,1352,Bilgi Yönetimi (İnternet),Bilgi ve Belge Yönetimi,8144,EA
29,1352,Bilgi Yönetimi (İnternet),Teknoloji ve Bilgi Yönetimi,9286,EA
29,1352,Bilgi Yönetimi (İnternet),Gemi İnşaatı ve Gemi Makineleri Mühendisliği,8322,SAY
29,1352,Bilgi Yönetimi (İnternet),İmalat Mühendisliği,5114,SAY
29,1352,Bilgi Yönetimi (İnternet),Makine Mühendisliği,3252,SAY
29,1352,Bilgi Yönetimi (İnternet),Otomotiv Mühendisliği,8333,SAY
29,5312,Bilgisayar Destekli Makine,Bilgi ve Belge Yönetimi,8144,EA
29,5312,Bilgisayar Destekli Makine,Teknoloji ve Bilgi Yönetimi,9286,EA
29,5312,Bilgisayar Destekli Makine,Gemi İnşaatı ve Gemi Makineleri Mühendisliği,8322,SAY
29,5312,Bilgisayar Destekli Makine,İmalat Mühendisliği,5114,SAY
29,5312,Bilgisayar Destekli Makine,Makine Mühendisliği,3252,SAY
29,5312,Bilgisayar Destekli Makine,Otomotiv Mühendisliği,8333,SAY
29,5313,Bilgisayar Destekli Makine-Resim-Konstrüksiyon,Bilgi ve Belge Yönetimi,8144,EA
29,5313,Bilgisayar Destekli Makine-Resim-Konstrüksiyon,Teknoloji ve Bilgi Yönetimi,9286,EA
29,5313,Bilgisayar Destekli Makine-Resim-Konstrüksiyon,Gemi İnşaatı ve Gemi Makineleri Mühendisliği,8322,SAY
29,5313,Bilgisayar Destekli Makine-Resim-Konstrüksiyon,İmalat Mühendisliği,5114,SAY
29,5313,Bilgisayar Destekli Makine-Resim-Konstrüksiyon,Makine Mühendisliği,3252,SAY
29,5313,Bilgisayar Destekli Makine-Resim-Konstrüksiyon,Otomotiv Mühendisliği,8333,SAY
30,1117,Bilgisayar Destekli Muhasebe,Çalışma Ekonomisi ve Endüstri İlişkileri,3141,EA
30,1117,Bilgisayar Destekli Muhasebe,Ekonomi,3159,EA
30,1117,Bilgisayar Destekli Muhasebe,Ekonomi ve Finans,5105,EA
30,1117,Bilgisayar Destekli Muhasebe,İktisat,3213,EA
30,1117,Bilgisayar Destekli Muhasebe,İSLAM İKTİSADI VE FİNANS,1425,EA
30,1117,Bilgisayar Destekli Muhasebe,İşletme,3226,EA
30,1117,Bilgisayar Destekli Muhasebe,Lojistik Yönetimi,8222,EA
30,1117,Bilgisayar Destekli Muhasebe,Maliye,3254,EA
30,1117,Bilgisayar Destekli Muhasebe,Muhasebe ve Finans Yönetimi,5123,EA
30,1117,Bilgisayar Destekli Muhasebe,Uluslararası Finans,6351,EA
30,1117,Bilgisayar Destekli Muhasebe,Uluslararası Finans ve Bankacılık,9353,EA
30,1117,Bilgisayar Destekli Muhasebe,Uluslararası İşletme Yönetimi,4391,EA
30,1117,Bilgisayar Destekli Muhasebe,Uluslararası Ticaret,3355,EA
30,1117,Bilgisayar Destekli Muhasebe,Uluslararası Ticaret ve Finansman,5131,EA
30,1117,Bilgisayar Destekli Muhasebe,Uluslararası Ticaret ve İşletmecilik,3356,EA
30,1117,Bilgisayar Destekli Muhasebe,Uluslararası Ticaret ve Lojistik,9009,EA
30,1124,Bilgisayarlı Muhasebe ve Vergi Uygulama,Çalışma Ekonomisi ve Endüstri İlişkileri,3141,EA
30,1124,Bilgisayarlı Muhasebe ve Vergi Uygulama,Ekonomi,3159,EA
30,1124,Bilgisayarlı Muhasebe ve Vergi Uygulama,Ekonomi ve Finans,5105,EA
30,1124,Bilgisayarlı Muhasebe ve Vergi Uygulama,İktisat,3213,EA
30,1124,Bilgisayarlı Muhasebe ve Vergi Uygulama,İSLAM İKTİSADI VE FİNANS,1425,EA
30,1124,Bilgisayarlı Muhasebe ve Vergi Uygulama,İşletme,3226,EA
30,1124,Bilgisayarlı Muhasebe ve Vergi Uygulama,Lojistik Yönetimi,8222,EA
30,1124,Bilgisayarlı Muhasebe ve Vergi Uygulama,Maliye,3254,EA
30,1124,Bilgisayarlı Muhasebe ve Vergi Uygulama,Muhasebe ve Finans Yönetimi,5123,EA
30,1124,Bilgisayarlı Muhasebe ve Vergi Uygulama,Uluslararası Finans,6351,EA
30,1124,Bilgisayarlı Muhasebe ve Vergi Uygulama,Uluslararası Finans ve Bankacılık,9353,EA
30,1124,Bilgisayarlı Muhasebe ve Vergi Uygulama,Uluslararası İşletme Yönetimi,4391,EA
30,1124,Bilgisayarlı Muhasebe ve Vergi Uygulama,Uluslararası Ticaret,3355,EA
30,1124,Bilgisayarlı Muhasebe ve Vergi Uygulama,Uluslararası Ticaret ve Finansman,5131,EA
30,1124,Bilgisayarlı Muhasebe ve Vergi Uygulama,Uluslararası Ticaret ve İşletmecilik,3356,EA
30,1124,Bilgisayarlı Muhasebe ve Vergi Uygulama,Uluslararası Ticaret ve Lojistik,9009,EA
30,1249,Muhasebe,Çalışma Ekonomisi ve Endüstri İlişkileri,3141,EA
30,1249,Muhasebe,Ekonomi,3159,EA
30,1249,Muhasebe,Ekonomi ve Finans,5105,EA
30,1249,Muhasebe,İktisat,3213,EA
30,1249,Muhasebe,İSLAM İKTİSADI VE FİNANS,1425,EA
30,1249,Muhasebe,İşletme,3226,EA
30,1249,Muhasebe,Lojistik Yönetimi,8222,EA
30,1249,Muhasebe,Maliye,3254,EA
30,1249,Muhasebe,Muhasebe ve Finans Yönetimi,5123,EA
30,1249,Muhasebe,Uluslararası Finans,6351,EA
30,1249,Muhasebe,Uluslararası Finans ve Bankacılık,9353,EA
30,1249,Muhasebe,Uluslararası İşletme Yönetimi,4391,EA
30,1249,Muhasebe,Uluslararası Ticaret,3355,EA
30,1249,Muhasebe,Uluslararası Ticaret ve Finansman,5131,EA
30,1249,Muhasebe,Uluslararası Ticaret ve İşletmecilik,3356,EA
30,1249,Muhasebe,Uluslararası Ticaret ve Lojistik,9009,EA
30,9032,Muhasebe ve Vergi Uygulamaları,Çalışma Ekonomisi ve Endüstri İlişkileri,3141,EA
30,9032,Muhasebe ve Vergi Uygulamaları,Ekonomi,3159,EA
30,9032,Muhasebe ve Vergi Uygulamaları,Ekonomi ve Finans,5105,EA
30,9032,Muhasebe ve Vergi Uygulamaları,İktisat,3213,EA
30,9032,Muhasebe ve Vergi Uygulamaları,İSLAM İKTİSADI VE FİNANS,1425,EA
30,9032,Muhasebe ve Vergi Uygulamaları,İşletme,3226,EA
30,9032,Muhasebe ve Vergi Uygulamaları,Lojistik Yönetimi,8222,EA
30,9032,Muhasebe ve Vergi Uygulamaları,Maliye,3254,EA
30,9032,Muhasebe ve Vergi Uygulamaları,Muhasebe ve Finans Yönetimi,5123,EA
30,9032,Muhasebe ve Vergi Uygulamaları,Uluslararası Finans,6351,EA
30,9032,Muhasebe ve Vergi Uygulamaları,Uluslararası Finans ve Bankacılık,9353,EA
30,9032,Muhasebe ve Vergi Uygulamaları,Uluslararası İşletme Yönetimi,4391,EA
30,9032,Muhasebe ve Vergi Uygulamaları,Uluslararası Ticaret,3355,EA
30,9032,Muhasebe ve Vergi Uygulamaları,Uluslararası Ticaret ve Finansman,5131,EA
30,9032,Muhasebe ve Vergi Uygulamaları,Uluslararası Ticaret ve İşletmecilik,3356,EA
30,9032,Muhasebe ve Vergi Uygulamaları,Uluslararası Ticaret ve Lojistik,9009,EA
31,1118,Bilgisayar Destekli Tasarım,Çizgi Film ve Animasyon,7152,SÖZ
31,1118,Bilgisayar Destekli Tasarım,Endüstriyel Tasarım,3170,SAY
31,1118,Bilgisayar Destekli Tasarım,Endüstriyel Tasarım Mühendisliği,9323,SAY
31,1118,Bilgisayar Destekli Tasarım,Makine Mühendisliği,3252,SAY
31,9212,Bilgisayar Destekli Tasarım ve Üretim/Cad/Cam Teknolojileri,Çizgi Film ve Animasyon,7152,SÖZ
31,9212,Bilgisayar Destekli Tasarım ve Üretim/Cad/Cam Teknolojileri,Endüstriyel Tasarım,3170,SAY
31,9212,Bilgisayar Destekli Tasarım ve Üretim/Cad/Cam Teknolojileri,Endüstriyel Tasarım Mühendisliği,9323,SAY
31,9212,Bilgisayar Destekli Tasarım ve Üretim/Cad/Cam Teknolojileri,Makine Mühendisliği,3252,SAY
31,8505,Bilgisayar Destekli Teknik Çizim,Çizgi Film ve Animasyon,7152,SÖZ
31,8505,Bilgisayar Destekli Teknik Çizim,Endüstriyel Tasarım,3170,SAY
31,8505,Bilgisayar Destekli Teknik Çizim,Endüstriyel Tasarım Mühendisliği,9323,SAY
31,8505,Bilgisayar Destekli Teknik Çizim,Makine Mühendisliği,3252,SAY
32,4219,Bilgisayar Destekli Tasarım ve Animasyon,Çizgi Film ve Animasyon,7152,SÖZ
32,4219,Bilgisayar Destekli Tasarım ve Animasyon,Fotoğraf,7158,SÖZ
32,4219,Bilgisayar Destekli Tasarım ve Animasyon,Fotoğraf ve Video,7211,SÖZ
32,4219,Bilgisayar Destekli Tasarım ve Animasyon,Görsel İletişim Tasarımı,5109,SÖZ
32,4219,Bilgisayar Destekli Tasarım ve Animasyon,Görsel Sanatlar,9162,SÖZ
32,4219,Bilgisayar Destekli Tasarım ve Animasyon,Grafik,7160,EA
32,4219,Bilgisayar Destekli Tasarım ve Animasyon,Grafik Sanatlar,7145,EA
32,4219,Bilgisayar Destekli Tasarım ve Animasyon,Grafik Tasarımı,7162,EA
32,4219,Bilgisayar Destekli Tasarım ve Animasyon,İletişim ve Tasarımı,1428,SÖZ
32,4219,Bilgisayar Destekli Tasarım ve Animasyon,Medya ve İletişim,8244,SÖZ
32,4219,Bilgisayar Destekli Tasarım ve Animasyon,Reklam Tasarımı ve İletişimi,8249,SÖZ
32,4219,Bilgisayar Destekli Tasarım ve Animasyon,Reklamcılık,3291,SÖZ
32,4219,Bilgisayar Destekli Tasarım ve Animasyon,Yeni Medya,9142,SÖZ
32,4219,Bilgisayar Destekli Tasarım ve Animasyon,Yeni Medya ve İletişim,9471,SÖZ
32,1370,Çok Boyutlu Modelleme ve Animasyon,Çizgi Film ve Animasyon,7152,SÖZ
32,1370,Çok Boyutlu Modelleme ve Animasyon,Fotoğraf,7158,SÖZ
32,1370,Çok Boyutlu Modelleme ve Animasyon,Fotoğraf ve Video,7211,SÖZ
32,1370,Çok Boyutlu Modelleme ve Animasyon,Görsel İletişim Tasarımı,5109,SÖZ
32,1370,Çok Boyutlu Modelleme ve Animasyon,Görsel Sanatlar,9162,SÖZ
32,1370,Çok Boyutlu Modelleme ve Animasyon,Grafik,7160,EA
32,1370,Çok Boyutlu Modelleme ve Animasyon,Grafik Sanatlar,7145,EA
32,1370,Çok Boyutlu Modelleme ve Animasyon,Grafik Tasarımı,7162,EA
32,1370,Çok Boyutlu Modelleme ve Animasyon,İletişim ve Tasarımı,1428,SÖZ
32,1370,Çok Boyutlu Modelleme ve Animasyon,Medya ve İletişim,8244,SÖZ
32,1370,Çok Boyutlu Modelleme ve Animasyon,Reklam Tasarımı ve İletişimi,8249,SÖZ
32,1370,Çok Boyutlu Modelleme ve Animasyon,Reklamcılık,3291,SÖZ
32,1370,Çok Boyutlu Modelleme ve Animasyon,Yeni Medya,9142,SÖZ
32,1370,Çok Boyutlu Modelleme ve Animasyon,Yeni Medya ve İletişim,9471,SÖZ
32,1456,SANAL VE ARTIRILMIŞ GERÇEKLİK,Çizgi Film ve Animasyon,7152,SÖZ
32,1456,SANAL VE ARTIRILMIŞ GERÇEKLİK,Fotoğraf,7158,SÖZ
32,1456,SANAL VE ARTIRILMIŞ GERÇEKLİK,Fotoğraf ve Video,7211,SÖZ
32,1456,SANAL VE ARTIRILMIŞ GERÇEKLİK,Görsel İletişim Tasarımı,5109,SÖZ
32,1456,SANAL VE ARTIRILMIŞ GERÇEKLİK,Görsel Sanatlar,9162,SÖZ
32,1456,SANAL VE ARTIRILMIŞ GERÇEKLİK,Grafik,7160,EA
32,1456,SANAL VE ARTIRILMIŞ GERÇEKLİK,Grafik Sanatlar,7145,EA
32,1456,SANAL VE ARTIRILMIŞ GERÇEKLİK,Grafik Tasarımı,7162,EA
32,1456,SANAL VE ARTIRILMIŞ GERÇEKLİK,İletişim ve Tasarımı,1428,SÖZ
32,1456,SANAL VE ARTIRILMIŞ GERÇEKLİK,Medya ve İletişim,8244,SÖZ
32,1456,SANAL VE ARTIRILMIŞ GERÇEKLİK,Reklam Tasarımı ve İletişimi,8249,SÖZ
32,1456,SANAL VE ARTIRILMIŞ GERÇEKLİK,Reklamcılık,3291,SÖZ
32,1456,SANAL VE ARTIRILMIŞ GERÇEKLİK,Yeni Medya,9142,SÖZ
32,1456,SANAL VE ARTIRILMIŞ GERÇEKLİK,Yeni Medya ve İletişim,9471,SÖZ
33,5314,Bilgisayar Destekli Yayıncılık,Basım Teknolojileri,9391,SAY
33,5314,Bilgisayar Destekli Yayıncılık,Basın ve Yayın,3121,SÖZ
33,5314,Bilgisayar Destekli Yayıncılık,Fotoğraf,7158,SÖZ
33,5314,Bilgisayar Destekli Yayıncılık,Fotoğraf ve Video,7211,SÖZ
33,5314,Bilgisayar Destekli Yayıncılık,Gazetecilik,6188,SÖZ
33,5314,Bilgisayar Destekli Yayıncılık,Görsel İletişim Tasarımı,5109,SÖZ
33,5314,Bilgisayar Destekli Yayıncılık,Görsel Sanatlar,9162,SÖZ
33,5314,Bilgisayar Destekli Yayıncılık,Grafik,7160,EA
33,5314,Bilgisayar Destekli Yayıncılık,Grafik Sanatlar,7145,EA
33,5314,Bilgisayar Destekli Yayıncılık,Grafik Tasarımı,7162,EA
33,5314,Bilgisayar Destekli Yayıncılık,Halkla İlişkiler ve Reklamcılık,5111,SÖZ
33,5314,Bilgisayar Destekli Yayıncılık,İletişim,3215,SÖZ
33,5314,Bilgisayar Destekli Yayıncılık,İletişim Bilimleri,8327,SÖZ
33,5314,Bilgisayar Destekli Yayıncılık,İletişim Tasarımı ve Yönetimi,9281,SÖZ
33,5314,Bilgisayar Destekli Yayıncılık,İletişim ve Tasarımı,1428,SÖZ
33,5314,Bilgisayar Destekli Yayıncılık,Medya ve İletişim,8244,SÖZ
33,5314,Bilgisayar Destekli Yayıncılık,Reklam Tasarımı ve İletişimi,8249,SÖZ
33,5314,Bilgisayar Destekli Yayıncılık,Reklamcılık,3291,SÖZ
33,5314,Bilgisayar Destekli Yayıncılık,Televizyon Haberciliği ve Programcılığı,8351,SÖZ
33,5314,Bilgisayar Destekli Yayıncılık,Yeni Medya,9142,SÖZ
33,5314,Bilgisayar Destekli Yayıncılık,Yeni Medya ve İletişim,9471,SÖZ
34,8508,Bilişim-Yönetim,İşletme,3226,EA
34,8508,Bilişim-Yönetim,Lojistik Yönetimi,8222,EA
34,8508,Bilişim-Yönetim,Teknoloji ve Bilgi Yönetimi,9286,EA
34,8508,Bilişim-Yönetim,Yönetim Bilişim Sistemleri,3361,EA
35,4225,Bina Koruma ve Yenileme,İç Mimarlık,3211,SAY
35,4225,Bina Koruma ve Yenileme,İç Mimarlık ve Çevre Tasarımı,3212,EA
35,4225,Bina Koruma ve Yenileme,Kültür Varlıklarını Koruma ve Onarım,9141,EA
35,4225,Bina Koruma ve Yenileme,Mimarlık,3263,SAY
36,5315,Bitki Koruma,Bahçe Bitkileri,8147,SAY
36,5315,Bitki Koruma,Bitki Koruma,8158,SAY
36,5315,Bitki Koruma,Bitkisel Üretim ve Teknolojileri,9269,SAY
36,5315,Bitki Koruma,Organik Tarım İşletmeciliği,9333,EA
36,5315,Bitki Koruma,Orman Mühendisliği,6277,SAY
36,5315,Bitki Koruma,Tarla Bitkileri,3385,SAY
37,1125,Bitkisel Üretim,Bahçe Bitkileri,8147,SAY
37,1125,Bitkisel Üretim,Bitkisel Üretim ve Teknolojileri,9269,SAY
37,1125,Bitkisel Üretim,Organik Tarım İşletmeciliği,9333,EA
37,1125,Bitkisel Üretim,Tarım Ekonomisi,3382,EA
37,1125,Bitkisel Üretim,Tarla Bitkileri,3385,SAY
37,1125,Bitkisel Üretim,Toprak Bilimi ve Bitki Besleme,9048,SAY
38,5316,Bitkisel Ürünlerde Muhafaza ve Pazarlama,Bahçe Bitkileri,8147,SAY
38,5316,Bitkisel Ürünlerde Muhafaza ve Pazarlama,Bitki Koruma,8158,SAY
38,5316,Bitkisel Ürünlerde Muhafaza ve Pazarlama,Bitkisel Üretim ve Teknolojileri,9269,SAY
38,5316,Bitkisel Ürünlerde Muhafaza ve Pazarlama,Organik Tarım İşletmeciliği,9333,EA
38,5316,Bitkisel Ürünlerde Muhafaza ve Pazarlama,Pazarlama,8334,EA
38,5316,Bitkisel Ürünlerde Muhafaza ve Pazarlama,Tarım Ekonomisi,3382,EA
39,9242,Biyokimya,Biyokimya,3132,SAY
39,9242,Biyokimya,Biyoloji,3133,SAY
39,9242,Biyokimya,Biyomühendislik,3135,SAY
39,9242,Biyokimya,Biyoteknoloji,9266,SAY
39,9242,Biyokimya,Genetik ve Biyomühendislik,8195,SAY
39,9242,Biyokimya,Kimya,3240,SAY
39,9242,Biyokimya,Moleküler Biyoloji ve Genetik,3267,SAY
39,1126,Biyokimya Teknikerliği,Biyokimya,3132,SAY
39,1126,Biyokimya Teknikerliği,Biyoloji,3133,SAY
39,1126,Biyokimya Teknikerliği,Biyomühendislik,3135,SAY
39,1126,Biyokimya Teknikerliği,Biyoteknoloji,9266,SAY
39,1126,Biyokimya Teknikerliği,Genetik ve Biyomühendislik,8195,SAY
39,1126,Biyokimya Teknikerliği,Kimya,3240,SAY
39,1126,Biyokimya Teknikerliği,Moleküler Biyoloji ve Genetik,3267,SAY
40,9291,Biyomedikal Bilimler,Biyomedikal Mühendisliği,3134,SAY
40,9291,Biyomedikal Bilimler,Elektrik-Elektronik Mühendisliği,3162,SAY
40,9291,Biyomedikal Bilimler,Elektronik Mühendisliği,3163,SAY
40,9291,Biyomedikal Bilimler,Elektronik ve Haberleşme Mühendisliği,3166,SAY
40,9291,Biyomedikal Bilimler,Makine Mühendisliği,3252,SAY
40,1127,Biyomedikal Cihaz Teknolojisi,Biyomedikal Mühendisliği,3134,SAY
40,1127,Biyomedikal Cihaz Teknolojisi,Elektrik-Elektronik Mühendisliği,3162,SAY
40,1127,Biyomedikal Cihaz Teknolojisi,Elektronik Mühendisliği,3163,SAY
40,1127,Biyomedikal Cihaz Teknolojisi,Elektronik ve Haberleşme Mühendisliği,3166,SAY
40,1127,Biyomedikal Cihaz Teknolojisi,Makine Mühendisliği,3252,SAY
41,6128,Boya Teknolojisi,Kimya,3240,SAY
41,6128,Boya Teknolojisi,Kimya Mühendisliği,6241,SAY
41,6128,Boya Teknolojisi,Nanobilim ve Nanoteknoloji,9481,SAY
41,5318,Boya ve İzolasyon Uygulama Teknikleri,Kimya,3240,SAY
41,5318,Boya ve İzolasyon Uygulama Teknikleri,Kimya Mühendisliği,6241,SAY
41,5318,Boya ve İzolasyon Uygulama Teknikleri,Nanobilim ve Nanoteknoloji,9481,SAY
42,8509,Budama ve Aşılama,Bahçe Bitkileri,8147,SAY
42,8509,Budama ve Aşılama,Bitki Koruma,8158,SAY
42,8509,Budama ve Aşılama,Bitkisel Üretim ve Teknolojileri,9269,SAY
42,8509,Budama ve Aşılama,Organik Tarım İşletmeciliği,9333,EA
42,8509,Budama ve Aşılama,Tarım Ekonomisi,3382,EA
42,8509,Budama ve Aşılama,Tarım Makineleri ve Teknolojileri Mühendisliği,9423,SAY
42,8509,Budama ve Aşılama,Tarımsal Biyoteknoloji,9106,SAY
42,8509,Budama ve Aşılama,Tarımsal Yapılar ve Sulama,3384,SAY
42,8509,Budama ve Aşılama,Tarla Bitkileri,3385,SAY
42,8509,Budama ve Aşılama,Toprak Bilimi ve Bitki Besleme,9048,SAY
42,1296,Seracılık,Bahçe Bitkileri,8147,SAY
42,1296,Seracılık,Bitki Koruma,8158,SAY
42,1296,Seracılık,Bitkisel Üretim ve Teknolojileri,9269,SAY
42,1296,Seracılık,Organik Tarım İşletmeciliği,9333,EA
42,1296,Seracılık,Tarım Ekonomisi,3382,EA
42,1296,Seracılık,Tarım Makineleri ve Teknolojileri Mühendisliği,9423,SAY
42,1296,Seracılık,Tarımsal Biyoteknoloji,9106,SAY
42,1296,Seracılık,Tarımsal Yapılar ve Sulama,3384,SAY
42,1296,Seracılık,Tarla Bitkileri,3385,SAY
42,1296,Seracılık,Toprak Bilimi ve Bitki Besleme,9048,SAY
42,8561,Seracılık-Budama ve Aşılama,Bahçe Bitkileri,8147,SAY
42,8561,Seracılık-Budama ve Aşılama,Bitki Koruma,8158,SAY
42,8561,Seracılık-Budama ve Aşılama,Bitkisel Üretim ve Teknolojileri,9269,SAY
42,8561,Seracılık-Budama ve Aşılama,Organik Tarım İşletmeciliği,9333,EA
42,8561,Seracılık-Budama ve Aşılama,Tarım Ekonomisi,3382,EA
42,8561,Seracılık-Budama ve Aşılama,Tarım Makineleri ve Teknolojileri Mühendisliği,9423,SAY
42,8561,Seracılık-Budama ve Aşılama,Tarımsal Biyoteknoloji,9106,SAY
42,8561,Seracılık-Budama ve Aşılama,Tarımsal Yapılar ve Sulama,3384,SAY
42,8561,Seracılık-Budama ve Aşılama,Tarla Bitkileri,3385,SAY
42,8561,Seracılık-Budama ve Aşılama,Toprak Bilimi ve Bitki Besleme,9048,SAY
43,9074,Büro Hizmetleri ve Yönetici Asistanlığı,Halkla İlişkiler ve Reklamcılık,5111,SÖZ
43,9074,Büro Hizmetleri ve Yönetici Asistanlığı,Halkla İlişkiler ve Tanıtım,3198,SÖZ
43,9074,Büro Hizmetleri ve Yönetici Asistanlığı,Sağlık Yönetimi,6298,EA
43,1129,Büro Yönetimi,Halkla İlişkiler ve Reklamcılık,5111,SÖZ
43,1129,Büro Yönetimi,Halkla İlişkiler ve Tanıtım,3198,SÖZ
43,1129,Büro Yönetimi,Sağlık Yönetimi,6298,EA
43,1130,Büro Yönetimi ve Sekreterlik,Halkla İlişkiler ve Reklamcılık,5111,SÖZ
43,1130,Büro Yönetimi ve Sekreterlik,Halkla İlişkiler ve Tanıtım,3198,SÖZ
43,1130,Büro Yönetimi ve Sekreterlik,Sağlık Yönetimi,6298,EA
43,8510,Büro Yönetimi ve Yönetici Asistanlığı,Halkla İlişkiler ve Reklamcılık,5111,SÖZ
43,8510,Büro Yönetimi ve Yönetici Asistanlığı,Halkla İlişkiler ve Tanıtım,3198,SÖZ
43,8510,Büro Yönetimi ve Yönetici Asistanlığı,Sağlık Yönetimi,6298,EA
43,1505,OFİS TEKNOLOJİLERİ VE VERİ YÖNETİMİ,Halkla İlişkiler ve Reklamcılık,5111,SÖZ
43,1505,OFİS TEKNOLOJİLERİ VE VERİ YÖNETİMİ,Halkla İlişkiler ve Tanıtım,3198,SÖZ
43,1505,OFİS TEKNOLOJİLERİ VE VERİ YÖNETİMİ,Sağlık Yönetimi,6298,EA
43,5351,Ofis Teknolojileri ve Yönetimi,Halkla İlişkiler ve Reklamcılık,5111,SÖZ
43,5351,Ofis Teknolojileri ve Yönetimi,Halkla İlişkiler ve Tanıtım,3198,SÖZ
43,5351,Ofis Teknolojileri ve Yönetimi,Sağlık Yönetimi,6298,EA
43,8560,Sekreterlik,Halkla İlişkiler ve Reklamcılık,5111,SÖZ
43,8560,Sekreterlik,Halkla İlişkiler ve Tanıtım,3198,SÖZ
43,8560,Sekreterlik,Sağlık Yönetimi,6298,EA
44,9061,Büyük ve Küçük Baş Hayvan Yetiştiriciliği,Hayvansal Üretim ve Teknolojileri,9455,SAY
44,9061,Büyük ve Küçük Baş Hayvan Yetiştiriciliği,Veteriner,6373,SAY
44,9061,Büyük ve Küçük Baş Hayvan Yetiştiriciliği,Zootekni,8289,SAY
44,1193,Hayvansal Üretim,Hayvansal Üretim ve Teknolojileri,9455,SAY
44,1193,Hayvansal Üretim,Veteriner,6373,SAY
44,1193,Hayvansal Üretim,Zootekni,8289,SAY
45,8511,Cam / Cam Endüstrisi,Cam,8160,SÖZ
45,8511,Cam / Cam Endüstrisi,Seramik,7189,EA
45,8511,Cam / Cam Endüstrisi,Seramik ve Cam,7179,SÖZ
45,1131,Cam-Seramik,Cam,8160,SÖZ
45,1131,Cam-Seramik,Seramik,7189,EA
45,1131,Cam-Seramik,Seramik ve Cam,7179,SÖZ
45,1298,Seramik,Cam,8160,SÖZ
45,1298,Seramik,Seramik,7189,EA
45,1298,Seramik,Seramik ve Cam,7179,SÖZ
45,9314,Seramik ve Cam,Cam,8160,SÖZ
45,9314,Seramik ve Cam,Seramik,7189,EA
45,9314,Seramik ve Cam,Seramik ve Cam,7179,SÖZ
45,1379,Seramik ve Cam Tasarımı,Cam,8160,SÖZ
45,1379,Seramik ve Cam Tasarımı,Seramik,7189,EA
45,1379,Seramik ve Cam Tasarımı,Seramik ve Cam,7179,SÖZ
45,9024,"Seramik, Cam ve Çinicilik",Cam,8160,SÖZ
45,9024,"Seramik, Cam ve Çinicilik",Seramik,7189,EA
45,9024,"Seramik, Cam ve Çinicilik",Seramik ve Cam,7179,SÖZ
46,5320,Cevher Hazırlama,Maden Mühendisliği,3251,SAY
46,5320,Cevher Hazırlama,Metalurji ve Malzeme Mühendisliği,3261,SAY
47,9521,Ceza İnfaz ve Güvenlik Hizmetleri,Acil Yardım ve Afet Yönetimi,8342,SAY
47,9521,Ceza İnfaz ve Güvenlik Hizmetleri,Kamu Yönetimi,3237,EA
47,9521,Ceza İnfaz ve Güvenlik Hizmetleri,Siyaset Bilimi ve Kamu Yönetimi,3314,EA
47,9521,Ceza İnfaz ve Güvenlik Hizmetleri,Kimya,3240,SAY
47,9338,Polis Meslek Eğitimi,Acil Yardım ve Afet Yönetimi,8342,SAY
47,9338,Polis Meslek Eğitimi,Kamu Yönetimi,3237,EA
47,9338,Polis Meslek Eğitimi,Siyaset Bilimi ve Kamu Yönetimi,3314,EA
47,9338,Polis Meslek Eğitimi,Kimya,3240,SAY
47,9449,Polis Meslek Yüksekokulu,Acil Yardım ve Afet Yönetimi,8342,SAY
47,9449,Polis Meslek Yüksekokulu,Kamu Yönetimi,3237,EA
47,9449,Polis Meslek Yüksekokulu,Siyaset Bilimi ve Kamu Yönetimi,3314,EA
47,9449,Polis Meslek Yüksekokulu,Kimya,3240,SAY
47,5322,Cilt Bakımı ve Güzellik,Acil Yardım ve Afet Yönetimi,8342,SAY
47,5322,Cilt Bakımı ve Güzellik,Kamu Yönetimi,3237,EA
47,5322,Cilt Bakımı ve Güzellik,Siyaset Bilimi ve Kamu Yönetimi,3314,EA
47,5322,Cilt Bakımı ve Güzellik,Kimya,3240,SAY
47,5344,Kuaförlük,Acil Yardım ve Afet Yönetimi,8342,SAY
47,5344,Kuaförlük,Kamu Yönetimi,3237,EA
47,5344,Kuaförlük,Siyaset Bilimi ve Kamu Yönetimi,3314,EA
47,5344,Kuaförlük,Kimya,3240,SAY
47,9079,Saç Bakımı ve Güzellik Hizmetleri,Acil Yardım ve Afet Yönetimi,8342,SAY
47,9079,Saç Bakımı ve Güzellik Hizmetleri,Kamu Yönetimi,3237,EA
47,9079,Saç Bakımı ve Güzellik Hizmetleri,Siyaset Bilimi ve Kamu Yönetimi,3314,EA
47,9079,Saç Bakımı ve Güzellik Hizmetleri,Kimya,3240,SAY
48,1448,Cnc Programlama ve Operatörlüğü,Gemi İnşaatı ve Gemi Makineleri Mühendisliği,8322,SAY
48,1448,Cnc Programlama ve Operatörlüğü,Gemi Makineleri İşletme Mühendisliği,3190,SAY
48,1448,Cnc Programlama ve Operatörlüğü,İmalat Mühendisliği,5114,SAY
48,1448,Cnc Programlama ve Operatörlüğü,Makine Mühendisliği,3252,SAY
48,1448,Cnc Programlama ve Operatörlüğü,Malzeme Bilimi ve Mühendisliği,5118,SAY
48,1448,Cnc Programlama ve Operatörlüğü,Malzeme Bilimi ve Nanoteknoloji Mühendisliği,9305,SAY
48,1448,Cnc Programlama ve Operatörlüğü,Mekatronik Mühendisliği,5119,SAY
48,1448,Cnc Programlama ve Operatörlüğü,Metalurji ve Malzeme Mühendisliği,3261,SAY
48,1448,Cnc Programlama ve Operatörlüğü,Otomotiv Mühendisliği,8333,SAY
48,1448,Cnc Programlama ve Operatörlüğü,Tarım Makineleri ve Teknolojileri Mühendisliği,9423,SAY
48,1448,Cnc Programlama ve Operatörlüğü,Uçak Bakım ve Onarım,1361,SAY
48,1448,Cnc Programlama ve Operatörlüğü,Uçak Gövde ve Motor Bakımı,1417,SAY
48,1448,Cnc Programlama ve Operatörlüğü,Uçak Mühendisliği,3350,SAY
49,9101,Coğrafi Bilgi Sistemleri,Harita Mühendisliği,8324,SAY
49,9456,Coğrafi Bilgi Sistemleri ve Teknolojileri,Harita Mühendisliği,8324,SAY
50,9229,Çağrı Merkezi Hizmetleri,Halkla İlişkiler ve Reklamcılık,5111,SÖZ
50,9229,Çağrı Merkezi Hizmetleri,Halkla İlişkiler ve Tanıtım,3198,SÖZ
50,9229,Çağrı Merkezi Hizmetleri,İletişim,3215,SÖZ
50,9229,Çağrı Merkezi Hizmetleri,İletişim Bilimleri,8327,SÖZ
50,9229,Çağrı Merkezi Hizmetleri,Medya ve İletişim,8244,SÖZ
50,9229,Çağrı Merkezi Hizmetleri,Yeni Medya,9142,SÖZ
50,9229,Çağrı Merkezi Hizmetleri,Yeni Medya ve İletişim,9471,SÖZ
51,9482,Çalgı Bakım ve Onarım,Çalgı Yapımı ve Onarımı,1387,SÖZ
51,9183,Müzik Aletleri Yapım ve Onarım,Çalgı Yapımı ve Onarımı,1387,SÖZ
51,4349,Saz Tamir,Çalgı Yapımı ve Onarımı,1387,SÖZ
52,1132,Çay Eksperliği,Bahçe Bitkileri,8147,SAY
52,1132,Çay Eksperliği,Bitki Koruma,8158,SAY
52,1132,Çay Eksperliği,Tarla Bitkileri,3385,SAY
52,1132,Çay Eksperliği,Toprak Bilimi ve Bitki Besleme,9048,SAY
52,9352,Çay Tarımı ve İşleme Teknolojisi,Bahçe Bitkileri,8147,SAY
52,9352,Çay Tarımı ve İşleme Teknolojisi,Bitki Koruma,8158,SAY
52,9352,Çay Tarımı ve İşleme Teknolojisi,Tarla Bitkileri,3385,SAY
52,9352,Çay Tarımı ve İşleme Teknolojisi,Toprak Bilimi ve Bitki Besleme,9048,SAY
53,9241,Çevirmenlik,Amerikan Kültürü ve Edebiyatı,3106,SÖZ
53,9241,Çevirmenlik,Çeviribilimi (İngilizce),1420,SÖZ
53,9241,Çevirmenlik,İngiliz Dili ve Edebiyatı,3219,SÖZ
53,9241,Çevirmenlik,İngilizce Mütercim ve Tercümanlık,1400,SÖZ
53,4289,İngiliz Dili ve Edebiyatı,Amerikan Kültürü ve Edebiyatı,3106,SÖZ
53,4289,İngiliz Dili ve Edebiyatı,Çeviribilimi (İngilizce),1420,SÖZ
53,4289,İngiliz Dili ve Edebiyatı,İngiliz Dili ve Edebiyatı,3219,SÖZ
53,4289,İngiliz Dili ve Edebiyatı,İngilizce Mütercim ve Tercümanlık,1400,SÖZ
53,1380,Uygulamalı İngilizce Çevirmenlik,Amerikan Kültürü ve Edebiyatı,3106,SÖZ
53,1380,Uygulamalı İngilizce Çevirmenlik,Çeviribilimi (İngilizce),1420,SÖZ
53,1380,Uygulamalı İngilizce Çevirmenlik,İngiliz Dili ve Edebiyatı,3219,SÖZ
53,1380,Uygulamalı İngilizce Çevirmenlik,İngilizce Mütercim ve Tercümanlık,1400,SÖZ
53,9198,Uygulamalı İngilizce ve Çevirmenlik,Amerikan Kültürü ve Edebiyatı,3106,SÖZ
53,9198,Uygulamalı İngilizce ve Çevirmenlik,Çeviribilimi (İngilizce),1420,SÖZ
53,9198,Uygulamalı İngilizce ve Çevirmenlik,İngiliz Dili ve Edebiyatı,3219,SÖZ
53,9198,Uygulamalı İngilizce ve Çevirmenlik,İngilizce Mütercim ve Tercümanlık,1400,SÖZ
53,1345,Uygulamalı İngilizce-Türkçe Çevirmenlik,Amerikan Kültürü ve Edebiyatı,3106,SÖZ
53,1345,Uygulamalı İngilizce-Türkçe Çevirmenlik,Çeviribilimi (İngilizce),1420,SÖZ
53,1345,Uygulamalı İngilizce-Türkçe Çevirmenlik,İngiliz Dili ve Edebiyatı,3219,SÖZ
53,1345,Uygulamalı İngilizce-Türkçe Çevirmenlik,İngilizce Mütercim ve Tercümanlık,1400,SÖZ
54,8593,Çevre Sağlığı,Biyoloji,3133,SAY
54,8593,Çevre Sağlığı,Çevre Mühendisliği,3142,SAY
54,8593,Çevre Sağlığı,Sağlık Yönetimi,6298,EA
54,8593,Çevre Sağlığı,Sosyal Hizmet,6318,EA
55,1492,ÇEVRE SAĞLIĞI VE ÇEVRESEL RİSK YÖNETİMİ TEKNİKERLİĞİ,Acil Yardım ve Afet Yönetimi,8342,SAY
55,1492,ÇEVRE SAĞLIĞI VE ÇEVRESEL RİSK YÖNETİMİ TEKNİKERLİĞİ,Biyoloji,3133,SAY
55,1492,ÇEVRE SAĞLIĞI VE ÇEVRESEL RİSK YÖNETİMİ TEKNİKERLİĞİ,Çevre Mühendisliği,3142,SAY
55,1492,ÇEVRE SAĞLIĞI VE ÇEVRESEL RİSK YÖNETİMİ TEKNİKERLİĞİ,Sağlık Yönetimi,6298,EA
56,9021,Çevre Temizliği ve Denetimi,Çevre Mühendisliği,3142,SAY
56,9021,Çevre Temizliği ve Denetimi,Kimya Mühendisliği,6241,SAY
56,9021,Çevre Temizliği ve Denetimi,El Sanatları,9344,SÖZ
56,9021,Çevre Temizliği ve Denetimi,Geleneksel Türk Sanatları,8321,SÖZ
56,9021,Çevre Temizliği ve Denetimi,"Halı, Kilim ve Geleneksel Kumaş Desenleri",1386,SÖZ
56,9021,Çevre Temizliği ve Denetimi,Tekstil Tasarımı,7181,EA
56,9021,Çevre Temizliği ve Denetimi,Tezhip Sanatı,1414,SÖZ
56,4234,Çevre Temizlik Hizmetleri,Çevre Mühendisliği,3142,SAY
56,4234,Çevre Temizlik Hizmetleri,Kimya Mühendisliği,6241,SAY
56,4234,Çevre Temizlik Hizmetleri,El Sanatları,9344,SÖZ
56,4234,Çevre Temizlik Hizmetleri,Geleneksel Türk Sanatları,8321,SÖZ
56,4234,Çevre Temizlik Hizmetleri,"Halı, Kilim ve Geleneksel Kumaş Desenleri",1386,SÖZ
56,4234,Çevre Temizlik Hizmetleri,Tekstil Tasarımı,7181,EA
56,4234,Çevre Temizlik Hizmetleri,Tezhip Sanatı,1414,SÖZ
56,9581,"Çiçek, Örgü ve Dokuma Öğretmenliği",Çevre Mühendisliği,3142,SAY
56,9581,"Çiçek, Örgü ve Dokuma Öğretmenliği",Kimya Mühendisliği,6241,SAY
56,9581,"Çiçek, Örgü ve Dokuma Öğretmenliği",El Sanatları,9344,SÖZ
56,9581,"Çiçek, Örgü ve Dokuma Öğretmenliği",Geleneksel Türk Sanatları,8321,SÖZ
56,9581,"Çiçek, Örgü ve Dokuma Öğretmenliği","Halı, Kilim ve Geleneksel Kumaş Desenleri",1386,SÖZ
56,9581,"Çiçek, Örgü ve Dokuma Öğretmenliği",Tekstil Tasarımı,7181,EA
56,9581,"Çiçek, Örgü ve Dokuma Öğretmenliği",Tezhip Sanatı,1414,SÖZ
56,5326,Dokumacılık ve El Sanatları,Çevre Mühendisliği,3142,SAY
56,5326,Dokumacılık ve El Sanatları,Kimya Mühendisliği,6241,SAY
56,5326,Dokumacılık ve El Sanatları,El Sanatları,9344,SÖZ
56,5326,Dokumacılık ve El Sanatları,Geleneksel Türk Sanatları,8321,SÖZ
56,5326,Dokumacılık ve El Sanatları,"Halı, Kilim ve Geleneksel Kumaş Desenleri",1386,SÖZ
56,5326,Dokumacılık ve El Sanatları,Tekstil Tasarımı,7181,EA
56,5326,Dokumacılık ve El Sanatları,Tezhip Sanatı,1414,SÖZ
56,1172,Geleneksel El Sanatları,Çevre Mühendisliği,3142,SAY
56,1172,Geleneksel El Sanatları,Kimya Mühendisliği,6241,SAY
56,1172,Geleneksel El Sanatları,El Sanatları,9344,SÖZ
56,1172,Geleneksel El Sanatları,Geleneksel Türk Sanatları,8321,SÖZ
56,1172,Geleneksel El Sanatları,"Halı, Kilim ve Geleneksel Kumaş Desenleri",1386,SÖZ
56,1172,Geleneksel El Sanatları,Tekstil Tasarımı,7181,EA
56,1172,Geleneksel El Sanatları,Tezhip Sanatı,1414,SÖZ
56,9582,Nakış Öğretmenliği,Çevre Mühendisliği,3142,SAY
56,9582,Nakış Öğretmenliği,Kimya Mühendisliği,6241,SAY
56,9582,Nakış Öğretmenliği,El Sanatları,9344,SÖZ
56,9582,Nakış Öğretmenliği,Geleneksel Türk Sanatları,8321,SÖZ
56,9582,Nakış Öğretmenliği,"Halı, Kilim ve Geleneksel Kumaş Desenleri",1386,SÖZ
56,9582,Nakış Öğretmenliği,Tekstil Tasarımı,7181,EA
56,9582,Nakış Öğretmenliği,Tezhip Sanatı,1414,SÖZ
57,9348,Çim Alan Tesisi ve Yönetimi,Bahçe Bitkileri,8147,SAY
57,9348,Çim Alan Tesisi ve Yönetimi,Bitki Koruma,8158,SAY
57,9348,Çim Alan Tesisi ve Yönetimi,Peyzaj Mimarlığı,6283,SAY
57,9348,Çim Alan Tesisi ve Yönetimi,Tarla Bitkileri,3385,SAY
57,9348,Çim Alan Tesisi ve Yönetimi,Toprak Bilimi ve Bitki Besleme,9048,SAY
58,1136,Çini İşlemeciliği,Çini Tasarımı ve Onarımı,1404,SÖZ
58,1136,Çini İşlemeciliği,El Sanatları,9344,SÖZ
58,1136,Çini İşlemeciliği,Geleneksel Türk Sanatları,8321,SÖZ
58,1136,Çini İşlemeciliği,Seramik,7189,EA
58,1136,Çini İşlemeciliği,Tezhip Sanatı,1414,SÖZ
58,9559,Çini Sanatı ve Tasarımı,Çini Tasarımı ve Onarımı,1404,SÖZ
58,9559,Çini Sanatı ve Tasarımı,El Sanatları,9344,SÖZ
58,9559,Çini Sanatı ve Tasarımı,Geleneksel Türk Sanatları,8321,SÖZ
58,9559,Çini Sanatı ve Tasarımı,Seramik,7189,EA
58,9559,Çini Sanatı ve Tasarımı,Tezhip Sanatı,1414,SÖZ
59,5323,Çocuk Gelişimi,Çocuk Gelişimi,4235,EA
59,5323,Çocuk Gelişimi,Okul Öncesi Öğretmenliği,3275,SÖZ
59,5323,Çocuk Gelişimi,Özel Eğitim Öğretmenliği,8136,SÖZ
59,5323,Çocuk Gelişimi,Sağlık Yönetimi,6298,EA
59,5323,Çocuk Gelişimi,Sosyal Hizmet,6318,EA
59,9246,Çocuk Gelişimi ve Eğitimi,Çocuk Gelişimi,4235,EA
59,9246,Çocuk Gelişimi ve Eğitimi,Okul Öncesi Öğretmenliği,3275,SÖZ
59,9246,Çocuk Gelişimi ve Eğitimi,Özel Eğitim Öğretmenliği,8136,SÖZ
59,9246,Çocuk Gelişimi ve Eğitimi,Sağlık Yönetimi,6298,EA
59,9246,Çocuk Gelişimi ve Eğitimi,Sosyal Hizmet,6318,EA
59,9445,Çocuk Koruma ve Bakım Hizmetleri,Çocuk Gelişimi,4235,EA
59,9445,Çocuk Koruma ve Bakım Hizmetleri,Okul Öncesi Öğretmenliği,3275,SÖZ
59,9445,Çocuk Koruma ve Bakım Hizmetleri,Özel Eğitim Öğretmenliği,8136,SÖZ
59,9445,Çocuk Koruma ve Bakım Hizmetleri,Sağlık Yönetimi,6298,EA
59,9445,Çocuk Koruma ve Bakım Hizmetleri,Sosyal Hizmet,6318,EA
60,9276,Çorap ve Moda Tasarımı,Moda Tasarımı,3266,EA
60,9276,Çorap ve Moda Tasarımı,Tekstil Tasarımı,7181,EA
60,9276,Çorap ve Moda Tasarımı,Tekstil ve Moda Tasarımı,7169,EA
61,8513,Değirmencilik,Gıda Mühendisliği,3191,SAY
61,8513,Değirmencilik,Gıda Teknolojisi,4271,SAY
61,8522,Ekmekçilik,Gıda Mühendisliği,3191,SAY
61,8522,Ekmekçilik,Gıda Teknolojisi,4271,SAY
61,1344,Un Üretim Teknolojisi,Gıda Mühendisliği,3191,SAY
61,1344,Un Üretim Teknolojisi,Gıda Teknolojisi,4271,SAY
61,9249,Un ve Unlu Mamuller Teknolojisi,Gıda Mühendisliği,3191,SAY
61,9249,Un ve Unlu Mamuller Teknolojisi,Gıda Teknolojisi,4271,SAY
62,5324,Dekor Tasarımı,İç Mimarlık,3211,SAY
62,5324,Dekor Tasarımı,İç Mimarlık ve Çevre Tasarımı,3212,EA
63,8514,Demiryolu Araçları,İmalat Mühendisliği,5114,SAY
63,8514,Demiryolu Araçları,Makine Mühendisliği,3252,SAY
63,8514,Demiryolu Araçları,Mekatronik Mühendisliği,5119,SAY
63,8514,Demiryolu Araçları,Otomotiv Mühendisliği,8333,SAY
63,8514,Demiryolu Araçları,Denizcilik İşletmeleri Yönetimi,3150,EA
63,8514,Demiryolu Araçları,İşletme,3226,EA
63,8514,Demiryolu Araçları,Lojistik Yönetimi,8222,EA
63,8514,Demiryolu Araçları,Uluslararası Ticaret,3355,EA
63,8514,Demiryolu Araçları,Uluslararası Ticaret ve Finansman,5131,EA
63,8514,Demiryolu Araçları,Uluslararası Ticaret ve İşletmecilik,3356,EA
63,8514,Demiryolu Araçları,Uluslararası Ticaret ve Lojistik,9009,EA
63,8625,Raylı Sistemler Makine Teknolojisi,İmalat Mühendisliği,5114,SAY
63,8625,Raylı Sistemler Makine Teknolojisi,Makine Mühendisliği,3252,SAY
63,8625,Raylı Sistemler Makine Teknolojisi,Mekatronik Mühendisliği,5119,SAY
63,8625,Raylı Sistemler Makine Teknolojisi,Otomotiv Mühendisliği,8333,SAY
63,8625,Raylı Sistemler Makine Teknolojisi,Denizcilik İşletmeleri Yönetimi,3150,EA
63,8625,Raylı Sistemler Makine Teknolojisi,İşletme,3226,EA
63,8625,Raylı Sistemler Makine Teknolojisi,Lojistik Yönetimi,8222,EA
63,8625,Raylı Sistemler Makine Teknolojisi,Uluslararası Ticaret,3355,EA
63,8625,Raylı Sistemler Makine Teknolojisi,Uluslararası Ticaret ve Finansman,5131,EA
63,8625,Raylı Sistemler Makine Teknolojisi,Uluslararası Ticaret ve İşletmecilik,3356,EA
63,8625,Raylı Sistemler Makine Teknolojisi,Uluslararası Ticaret ve Lojistik,9009,EA
63,1376,Raylı Sistemler Makinistliği,İmalat Mühendisliği,5114,SAY
63,1376,Raylı Sistemler Makinistliği,Makine Mühendisliği,3252,SAY
63,1376,Raylı Sistemler Makinistliği,Mekatronik Mühendisliği,5119,SAY
63,1376,Raylı Sistemler Makinistliği,Otomotiv Mühendisliği,8333,SAY
63,1376,Raylı Sistemler Makinistliği,Denizcilik İşletmeleri Yönetimi,3150,EA
63,1376,Raylı Sistemler Makinistliği,İşletme,3226,EA
63,1376,Raylı Sistemler Makinistliği,Lojistik Yönetimi,8222,EA
63,1376,Raylı Sistemler Makinistliği,Uluslararası Ticaret,3355,EA
63,1376,Raylı Sistemler Makinistliği,Uluslararası Ticaret ve Finansman,5131,EA
63,1376,Raylı Sistemler Makinistliği,Uluslararası Ticaret ve İşletmecilik,3356,EA
63,1376,Raylı Sistemler Makinistliği,Uluslararası Ticaret ve Lojistik,9009,EA
63,9147,Raylı Sistemler Makinistlik,İmalat Mühendisliği,5114,SAY
63,9147,Raylı Sistemler Makinistlik,Makine Mühendisliği,3252,SAY
63,9147,Raylı Sistemler Makinistlik,Mekatronik Mühendisliği,5119,SAY
63,9147,Raylı Sistemler Makinistlik,Otomotiv Mühendisliği,8333,SAY
63,9147,Raylı Sistemler Makinistlik,Denizcilik İşletmeleri Yönetimi,3150,EA
63,9147,Raylı Sistemler Makinistlik,İşletme,3226,EA
63,9147,Raylı Sistemler Makinistlik,Lojistik Yönetimi,8222,EA
63,9147,Raylı Sistemler Makinistlik,Uluslararası Ticaret,3355,EA
63,9147,Raylı Sistemler Makinistlik,Uluslararası Ticaret ve Finansman,5131,EA
63,9147,Raylı Sistemler Makinistlik,Uluslararası Ticaret ve İşletmecilik,3356,EA
63,9147,Raylı Sistemler Makinistlik,Uluslararası Ticaret ve Lojistik,9009,EA
63,9464,Deniz Brokerliği,İmalat Mühendisliği,5114,SAY
63,9464,Deniz Brokerliği,Makine Mühendisliği,3252,SAY
63,9464,Deniz Brokerliği,Mekatronik Mühendisliği,5119,SAY
63,9464,Deniz Brokerliği,Otomotiv Mühendisliği,8333,SAY
63,9464,Deniz Brokerliği,Denizcilik İşletmeleri Yönetimi,3150,EA
63,9464,Deniz Brokerliği,İşletme,3226,EA
63,9464,Deniz Brokerliği,Lojistik Yönetimi,8222,EA
63,9464,Deniz Brokerliği,Uluslararası Ticaret,3355,EA
63,9464,Deniz Brokerliği,Uluslararası Ticaret ve Finansman,5131,EA
63,9464,Deniz Brokerliği,Uluslararası Ticaret ve İşletmecilik,3356,EA
63,9464,Deniz Brokerliği,Uluslararası Ticaret ve Lojistik,9009,EA
64,1137,Deniz Elektroniği,Deniz Ulaştırma İşletme Mühendisliği,3149,SAY
64,1137,Deniz Elektroniği,Elektrik-Elektronik Mühendisliği,3162,SAY
64,1137,Deniz Elektroniği,Elektronik Mühendisliği,3163,SAY
64,1137,Deniz Elektroniği,Elektronik ve Haberleşme Mühendisliği,3166,SAY
64,1137,Deniz Elektroniği,Havacılık Elektrik ve Elektroniği,3200,SAY
64,1138,Deniz Haberleşme,Deniz Ulaştırma İşletme Mühendisliği,3149,SAY
64,1138,Deniz Haberleşme,Elektrik-Elektronik Mühendisliği,3162,SAY
64,1138,Deniz Haberleşme,Elektronik Mühendisliği,3163,SAY
64,1138,Deniz Haberleşme,Elektronik ve Haberleşme Mühendisliği,3166,SAY
64,1138,Deniz Haberleşme,Havacılık Elektrik ve Elektroniği,3200,SAY
65,4236,Deniz İşletmeciliği ve Yönetimi,Deniz Ulaştırma İşletme Mühendisliği,3149,SAY
65,4236,Deniz İşletmeciliği ve Yönetimi,Denizcilik İşletmeleri Yönetimi,3150,EA
65,4236,Deniz İşletmeciliği ve Yönetimi,İşletme,3226,EA
65,4236,Deniz İşletmeciliği ve Yönetimi,Lojistik Yönetimi,8222,EA
65,4236,Deniz İşletmeciliği ve Yönetimi,Uluslararası İşletme Yönetimi,4391,EA
65,4236,Deniz İşletmeciliği ve Yönetimi,Uluslararası Ticaret,3355,EA
65,4236,Deniz İşletmeciliği ve Yönetimi,Uluslararası Ticaret ve Finansman,5131,EA
65,4236,Deniz İşletmeciliği ve Yönetimi,Uluslararası Ticaret ve İşletmecilik,3356,EA
65,4236,Deniz İşletmeciliği ve Yönetimi,Uluslararası Ticaret ve Lojistik,9009,EA
65,9137,Deniz Ulaştırma ve İşletme,Deniz Ulaştırma İşletme Mühendisliği,3149,SAY
65,9137,Deniz Ulaştırma ve İşletme,Denizcilik İşletmeleri Yönetimi,3150,EA
65,9137,Deniz Ulaştırma ve İşletme,İşletme,3226,EA
65,9137,Deniz Ulaştırma ve İşletme,Lojistik Yönetimi,8222,EA
65,9137,Deniz Ulaştırma ve İşletme,Uluslararası İşletme Yönetimi,4391,EA
65,9137,Deniz Ulaştırma ve İşletme,Uluslararası Ticaret,3355,EA
65,9137,Deniz Ulaştırma ve İşletme,Uluslararası Ticaret ve Finansman,5131,EA
65,9137,Deniz Ulaştırma ve İşletme,Uluslararası Ticaret ve İşletmecilik,3356,EA
65,9137,Deniz Ulaştırma ve İşletme,Uluslararası Ticaret ve Lojistik,9009,EA
65,1139,Deniz ve Liman İşletme,Deniz Ulaştırma İşletme Mühendisliği,3149,SAY
65,1139,Deniz ve Liman İşletme,Denizcilik İşletmeleri Yönetimi,3150,EA
65,1139,Deniz ve Liman İşletme,İşletme,3226,EA
65,1139,Deniz ve Liman İşletme,Lojistik Yönetimi,8222,EA
65,1139,Deniz ve Liman İşletme,Uluslararası İşletme Yönetimi,4391,EA
65,1139,Deniz ve Liman İşletme,Uluslararası Ticaret,3355,EA
65,1139,Deniz ve Liman İşletme,Uluslararası Ticaret ve Finansman,5131,EA
65,1139,Deniz ve Liman İşletme,Uluslararası Ticaret ve İşletmecilik,3356,EA
65,1139,Deniz ve Liman İşletme,Uluslararası Ticaret ve Lojistik,9009,EA
65,9026,Deniz ve Liman İşletmeciliği,Deniz Ulaştırma İşletme Mühendisliği,3149,SAY
65,9026,Deniz ve Liman İşletmeciliği,Denizcilik İşletmeleri Yönetimi,3150,EA
65,9026,Deniz ve Liman İşletmeciliği,İşletme,3226,EA
65,9026,Deniz ve Liman İşletmeciliği,Lojistik Yönetimi,8222,EA
65,9026,Deniz ve Liman İşletmeciliği,Uluslararası İşletme Yönetimi,4391,EA
65,9026,Deniz ve Liman İşletmeciliği,Uluslararası Ticaret,3355,EA
65,9026,Deniz ve Liman İşletmeciliği,Uluslararası Ticaret ve Finansman,5131,EA
65,9026,Deniz ve Liman İşletmeciliği,Uluslararası Ticaret ve İşletmecilik,3356,EA
65,9026,Deniz ve Liman İşletmeciliği,Uluslararası Ticaret ve Lojistik,9009,EA
65,8517,Denizcilik,Deniz Ulaştırma İşletme Mühendisliği,3149,SAY
65,8517,Denizcilik,Denizcilik İşletmeleri Yönetimi,3150,EA
65,8517,Denizcilik,İşletme,3226,EA
65,8517,Denizcilik,Lojistik Yönetimi,8222,EA
65,8517,Denizcilik,Uluslararası İşletme Yönetimi,4391,EA
65,8517,Denizcilik,Uluslararası Ticaret,3355,EA
65,8517,Denizcilik,Uluslararası Ticaret ve Finansman,5131,EA
65,8517,Denizcilik,Uluslararası Ticaret ve İşletmecilik,3356,EA
65,8517,Denizcilik,Uluslararası Ticaret ve Lojistik,9009,EA
66,9522,Denizci Sağlığı,Hemşirelik,3204,SAY
66,4319,Medikal Bakım,Hemşirelik,3204,SAY
66,4369,Toplum Sağlığı,Hemşirelik,3204,SAY
67,1140,Deri İşleme Teknolojisi,Deri Mühendisliği,3151,SAY
67,1140,Deri İşleme Teknolojisi,Tekstil Mühendisliği,3328,SAY
67,5325,Deri Teknolojisi,Deri Mühendisliği,3151,SAY
67,5325,Deri Teknolojisi,Tekstil Mühendisliği,3328,SAY
67,1142,Dericilik,Deri Mühendisliği,3151,SAY
67,1142,Dericilik,Tekstil Mühendisliği,3328,SAY
68,1141,Deri Konfeksiyon,Moda Tasarımı,3266,EA
68,1141,Deri Konfeksiyon,Tekstil ve Moda Tasarımı,7169,EA
68,1141,Deri Konfeksiyon,Acil Yardım ve Afet Yönetimi,8342,SAY
68,1141,Deri Konfeksiyon,İş Sağlığı ve Güvenliği,9324,SAY
68,1141,Deri Konfeksiyon,Sağlık Yönetimi,6298,EA
68,5343,Kostüm Tasarımı,Moda Tasarımı,3266,EA
68,5343,Kostüm Tasarımı,Tekstil ve Moda Tasarımı,7169,EA
68,5343,Kostüm Tasarımı,Acil Yardım ve Afet Yönetimi,8342,SAY
68,5343,Kostüm Tasarımı,İş Sağlığı ve Güvenliği,9324,SAY
68,5343,Kostüm Tasarımı,Sağlık Yönetimi,6298,EA
68,9598,"Dezenfeksiyon, Sterilizasyon ve Antisepsi",Moda Tasarımı,3266,EA
68,9598,"Dezenfeksiyon, Sterilizasyon ve Antisepsi",Tekstil ve Moda Tasarımı,7169,EA
68,9598,"Dezenfeksiyon, Sterilizasyon ve Antisepsi",Acil Yardım ve Afet Yönetimi,8342,SAY
68,9598,"Dezenfeksiyon, Sterilizasyon ve Antisepsi",İş Sağlığı ve Güvenliği,9324,SAY
68,9598,"Dezenfeksiyon, Sterilizasyon ve Antisepsi",Sağlık Yönetimi,6298,EA
68,1371,"Dezenfeksiyon, Sterilizasyon ve Antisepsi Teknikerliği",Moda Tasarımı,3266,EA
68,1371,"Dezenfeksiyon, Sterilizasyon ve Antisepsi Teknikerliği",Tekstil ve Moda Tasarımı,7169,EA
68,1371,"Dezenfeksiyon, Sterilizasyon ve Antisepsi Teknikerliği",Acil Yardım ve Afet Yönetimi,8342,SAY
68,1371,"Dezenfeksiyon, Sterilizasyon ve Antisepsi Teknikerliği",İş Sağlığı ve Güvenliği,9324,SAY
68,1371,"Dezenfeksiyon, Sterilizasyon ve Antisepsi Teknikerliği",Sağlık Yönetimi,6298,EA
69,1145,Dış Ticaret,Bankacılık,3117,EA
69,1145,Dış Ticaret,Bankacılık ve Sigortacılık,3120,EA
69,1145,Dış Ticaret,Çalışma Ekonomisi ve Endüstri İlişkileri,3141,EA
69,1145,Dış Ticaret,Ekonomi,3159,EA
69,1145,Dış Ticaret,Ekonomi ve Finans,5105,EA
69,1145,Dış Ticaret,Finans ve Bankacılık,9371,EA
69,1145,Dış Ticaret,İktisat,3213,EA
69,1145,Dış Ticaret,İSLAM İKTİSADI VE FİNANS,1425,EA
69,1145,Dış Ticaret,İşletme,3226,EA
69,1145,Dış Ticaret,Lojistik Yönetimi,8222,EA
69,1145,Dış Ticaret,Sermaye Piyasası,3302,EA
69,1145,Dış Ticaret,Siyaset Bilimi ve Uluslararası İlişkiler,3315,EA
69,1145,Dış Ticaret,Uluslararası Finans,6351,EA
69,1145,Dış Ticaret,Uluslararası Finans ve Bankacılık,9353,EA
69,1145,Dış Ticaret,Uluslararası İlişkiler,3352,EA
69,1145,Dış Ticaret,Uluslararası İşletme Yönetimi,4391,EA
69,1145,Dış Ticaret,Uluslararası Ticaret,3355,EA
69,1145,Dış Ticaret,Uluslararası Ticaret ve Finansman,5131,EA
69,1145,Dış Ticaret,Uluslararası Ticaret ve İşletmecilik,3356,EA
69,1145,Dış Ticaret,Uluslararası Ticaret ve Lojistik,9009,EA
69,1146,Dış Ticaret ve Avrupa Birliği,Bankacılık,3117,EA
69,1146,Dış Ticaret ve Avrupa Birliği,Bankacılık ve Sigortacılık,3120,EA
69,1146,Dış Ticaret ve Avrupa Birliği,Çalışma Ekonomisi ve Endüstri İlişkileri,3141,EA
69,1146,Dış Ticaret ve Avrupa Birliği,Ekonomi,3159,EA
69,1146,Dış Ticaret ve Avrupa Birliği,Ekonomi ve Finans,5105,EA
69,1146,Dış Ticaret ve Avrupa Birliği,Finans ve Bankacılık,9371,EA
69,1146,Dış Ticaret ve Avrupa Birliği,İktisat,3213,EA
69,1146,Dış Ticaret ve Avrupa Birliği,İSLAM İKTİSADI VE FİNANS,1425,EA
69,1146,Dış Ticaret ve Avrupa Birliği,İşletme,3226,EA
69,1146,Dış Ticaret ve Avrupa Birliği,Lojistik Yönetimi,8222,EA
69,1146,Dış Ticaret ve Avrupa Birliği,Sermaye Piyasası,3302,EA
69,1146,Dış Ticaret ve Avrupa Birliği,Siyaset Bilimi ve Uluslararası İlişkiler,3315,EA
69,1146,Dış Ticaret ve Avrupa Birliği,Uluslararası Finans,6351,EA
69,1146,Dış Ticaret ve Avrupa Birliği,Uluslararası Finans ve Bankacılık,9353,EA
69,1146,Dış Ticaret ve Avrupa Birliği,Uluslararası İlişkiler,3352,EA
69,1146,Dış Ticaret ve Avrupa Birliği,Uluslararası İşletme Yönetimi,4391,EA
69,1146,Dış Ticaret ve Avrupa Birliği,Uluslararası Ticaret,3355,EA
69,1146,Dış Ticaret ve Avrupa Birliği,Uluslararası Ticaret ve Finansman,5131,EA
69,1146,Dış Ticaret ve Avrupa Birliği,Uluslararası Ticaret ve İşletmecilik,3356,EA
69,1146,Dış Ticaret ve Avrupa Birliği,Uluslararası Ticaret ve Lojistik,9009,EA
70,1461,DİJİTAL DÖNÜŞÜM ELEKTRONİĞİ,Bilgisayar Mühendisliği,3124,SAY
70,1461,DİJİTAL DÖNÜŞÜM ELEKTRONİĞİ,Biyomedikal Mühendisliği,3134,SAY
70,1461,DİJİTAL DÖNÜŞÜM ELEKTRONİĞİ,Elektrik Mühendisliği,3160,SAY
70,1461,DİJİTAL DÖNÜŞÜM ELEKTRONİĞİ,Elektrik-Elektronik Mühendisliği,3162,SAY
70,1461,DİJİTAL DÖNÜŞÜM ELEKTRONİĞİ,Elektronik Mühendisliği,3163,SAY
70,1461,DİJİTAL DÖNÜŞÜM ELEKTRONİĞİ,Elektronik ve Haberleşme Mühendisliği,3166,SAY
70,1461,DİJİTAL DÖNÜŞÜM ELEKTRONİĞİ,Enerji Sistemleri Mühendisliği,8319,SAY
70,1461,DİJİTAL DÖNÜŞÜM ELEKTRONİĞİ,Enerji Yönetimi,9402,EA
70,1461,DİJİTAL DÖNÜŞÜM ELEKTRONİĞİ,Havacılık Elektrik ve Elektroniği,3200,SAY
70,1461,DİJİTAL DÖNÜŞÜM ELEKTRONİĞİ,Mekatronik Mühendisliği,5119,SAY
70,1461,DİJİTAL DÖNÜŞÜM ELEKTRONİĞİ,Uçak Elektrik ve Elektroniği,1418,SAY
70,1461,DİJİTAL DÖNÜŞÜM ELEKTRONİĞİ,Yazılım Mühendisliği,5134,SAY
70,1461,DİJİTAL DÖNÜŞÜM ELEKTRONİĞİ,Basın ve Yayın,3121,SÖZ
70,1461,DİJİTAL DÖNÜŞÜM ELEKTRONİĞİ,Gazetecilik,6188,SÖZ
70,1461,DİJİTAL DÖNÜŞÜM ELEKTRONİĞİ,Görsel İletişim Tasarımı,5109,SÖZ
70,1461,DİJİTAL DÖNÜŞÜM ELEKTRONİĞİ,Halkla İlişkiler ve Reklamcılık,5111,SÖZ
70,1461,DİJİTAL DÖNÜŞÜM ELEKTRONİĞİ,Halkla İlişkiler ve Tanıtım,3198,SÖZ
70,1461,DİJİTAL DÖNÜŞÜM ELEKTRONİĞİ,İletişim,3215,SÖZ
70,1461,DİJİTAL DÖNÜŞÜM ELEKTRONİĞİ,İletişim Bilimleri,8327,SÖZ
70,1461,DİJİTAL DÖNÜŞÜM ELEKTRONİĞİ,İletişim Tasarımı ve Yönetimi,9281,SÖZ
70,1461,DİJİTAL DÖNÜŞÜM ELEKTRONİĞİ,İletişim ve Tasarımı,1428,SÖZ
70,1461,DİJİTAL DÖNÜŞÜM ELEKTRONİĞİ,İşletme,3226,EA
70,1461,DİJİTAL DÖNÜŞÜM ELEKTRONİĞİ,Medya ve İletişim,8244,SÖZ
70,1461,DİJİTAL DÖNÜŞÜM ELEKTRONİĞİ,Pazarlama,8334,EA
70,1461,DİJİTAL DÖNÜŞÜM ELEKTRONİĞİ,Reklam Tasarımı ve İletişimi,8249,SÖZ
70,1461,DİJİTAL DÖNÜŞÜM ELEKTRONİĞİ,Reklamcılık,3291,SÖZ
70,1461,DİJİTAL DÖNÜŞÜM ELEKTRONİĞİ,Yeni Medya,9142,SÖZ
70,1461,DİJİTAL DÖNÜŞÜM ELEKTRONİĞİ,Yeni Medya ve İletişim,9471,SÖZ
70,1152,Elektrik,Bilgisayar Mühendisliği,3124,SAY
70,1152,Elektrik,Biyomedikal Mühendisliği,3134,SAY
70,1152,Elektrik,Elektrik Mühendisliği,3160,SAY
70,1152,Elektrik,Elektrik-Elektronik Mühendisliği,3162,SAY
70,1152,Elektrik,Elektronik Mühendisliği,3163,SAY
70,1152,Elektrik,Elektronik ve Haberleşme Mühendisliği,3166,SAY
70,1152,Elektrik,Enerji Sistemleri Mühendisliği,8319,SAY
70,1152,Elektrik,Enerji Yönetimi,9402,EA
70,1152,Elektrik,Havacılık Elektrik ve Elektroniği,3200,SAY
70,1152,Elektrik,Mekatronik Mühendisliği,5119,SAY
70,1152,Elektrik,Uçak Elektrik ve Elektroniği,1418,SAY
70,1152,Elektrik,Yazılım Mühendisliği,5134,SAY
70,1152,Elektrik,Basın ve Yayın,3121,SÖZ
70,1152,Elektrik,Gazetecilik,6188,SÖZ
70,1152,Elektrik,Görsel İletişim Tasarımı,5109,SÖZ
70,1152,Elektrik,Halkla İlişkiler ve Reklamcılık,5111,SÖZ
70,1152,Elektrik,Halkla İlişkiler ve Tanıtım,3198,SÖZ
70,1152,Elektrik,İletişim,3215,SÖZ
70,1152,Elektrik,İletişim Bilimleri,8327,SÖZ
70,1152,Elektrik,İletişim Tasarımı ve Yönetimi,9281,SÖZ
70,1152,Elektrik,İletişim ve Tasarımı,1428,SÖZ
70,1152,Elektrik,İşletme,3226,EA
70,1152,Elektrik,Medya ve İletişim,8244,SÖZ
70,1152,Elektrik,Pazarlama,8334,EA
70,1152,Elektrik,Reklam Tasarımı ve İletişimi,8249,SÖZ
70,1152,Elektrik,Reklamcılık,3291,SÖZ
70,1152,Elektrik,Yeni Medya,9142,SÖZ
70,1152,Elektrik,Yeni Medya ve İletişim,9471,SÖZ
70,9063,"Elektrik Enerjisi Üretim, İletim ve Dağıtımı",Bilgisayar Mühendisliği,3124,SAY
70,9063,"Elektrik Enerjisi Üretim, İletim ve Dağıtımı",Biyomedikal Mühendisliği,3134,SAY
70,9063,"Elektrik Enerjisi Üretim, İletim ve Dağıtımı",Elektrik Mühendisliği,3160,SAY
70,9063,"Elektrik Enerjisi Üretim, İletim ve Dağıtımı",Elektrik-Elektronik Mühendisliği,3162,SAY
70,9063,"Elektrik Enerjisi Üretim, İletim ve Dağıtımı",Elektronik Mühendisliği,3163,SAY
70,9063,"Elektrik Enerjisi Üretim, İletim ve Dağıtımı",Elektronik ve Haberleşme Mühendisliği,3166,SAY
70,9063,"Elektrik Enerjisi Üretim, İletim ve Dağıtımı",Enerji Sistemleri Mühendisliği,8319,SAY
70,9063,"Elektrik Enerjisi Üretim, İletim ve Dağıtımı",Enerji Yönetimi,9402,EA
70,9063,"Elektrik Enerjisi Üretim, İletim ve Dağıtımı",Havacılık Elektrik ve Elektroniği,3200,SAY
70,9063,"Elektrik Enerjisi Üretim, İletim ve Dağıtımı",Mekatronik Mühendisliği,5119,SAY
70,9063,"Elektrik Enerjisi Üretim, İletim ve Dağıtımı",Uçak Elektrik ve Elektroniği,1418,SAY
70,9063,"Elektrik Enerjisi Üretim, İletim ve Dağıtımı",Yazılım Mühendisliği,5134,SAY
70,9063,"Elektrik Enerjisi Üretim, İletim ve Dağıtımı",Basın ve Yayın,3121,SÖZ
70,9063,"Elektrik Enerjisi Üretim, İletim ve Dağıtımı",Gazetecilik,6188,SÖZ
70,9063,"Elektrik Enerjisi Üretim, İletim ve Dağıtımı",Görsel İletişim Tasarımı,5109,SÖZ
70,9063,"Elektrik Enerjisi Üretim, İletim ve Dağıtımı",Halkla İlişkiler ve Reklamcılık,5111,SÖZ
70,9063,"Elektrik Enerjisi Üretim, İletim ve Dağıtımı",Halkla İlişkiler ve Tanıtım,3198,SÖZ
70,9063,"Elektrik Enerjisi Üretim, İletim ve Dağıtımı",İletişim,3215,SÖZ
70,9063,"Elektrik Enerjisi Üretim, İletim ve Dağıtımı",İletişim Bilimleri,8327,SÖZ
70,9063,"Elektrik Enerjisi Üretim, İletim ve Dağıtımı",İletişim Tasarımı ve Yönetimi,9281,SÖZ
70,9063,"Elektrik Enerjisi Üretim, İletim ve Dağıtımı",İletişim ve Tasarımı,1428,SÖZ
70,9063,"Elektrik Enerjisi Üretim, İletim ve Dağıtımı",İşletme,3226,EA
70,9063,"Elektrik Enerjisi Üretim, İletim ve Dağıtımı",Medya ve İletişim,8244,SÖZ
70,9063,"Elektrik Enerjisi Üretim, İletim ve Dağıtımı",Pazarlama,8334,EA
70,9063,"Elektrik Enerjisi Üretim, İletim ve Dağıtımı",Reklam Tasarımı ve İletişimi,8249,SÖZ
70,9063,"Elektrik Enerjisi Üretim, İletim ve Dağıtımı",Reklamcılık,3291,SÖZ
70,9063,"Elektrik Enerjisi Üretim, İletim ve Dağıtımı",Yeni Medya,9142,SÖZ
70,9063,"Elektrik Enerjisi Üretim, İletim ve Dağıtımı",Yeni Medya ve İletişim,9471,SÖZ
70,9490,Elektrik Makineleri Bakım ve Onarımı,Bilgisayar Mühendisliği,3124,SAY
70,9490,Elektrik Makineleri Bakım ve Onarımı,Biyomedikal Mühendisliği,3134,SAY
70,9490,Elektrik Makineleri Bakım ve Onarımı,Elektrik Mühendisliği,3160,SAY
70,9490,Elektrik Makineleri Bakım ve Onarımı,Elektrik-Elektronik Mühendisliği,3162,SAY
70,9490,Elektrik Makineleri Bakım ve Onarımı,Elektronik Mühendisliği,3163,SAY
70,9490,Elektrik Makineleri Bakım ve Onarımı,Elektronik ve Haberleşme Mühendisliği,3166,SAY
70,9490,Elektrik Makineleri Bakım ve Onarımı,Enerji Sistemleri Mühendisliği,8319,SAY
70,9490,Elektrik Makineleri Bakım ve Onarımı,Enerji Yönetimi,9402,EA
70,9490,Elektrik Makineleri Bakım ve Onarımı,Havacılık Elektrik ve Elektroniği,3200,SAY
70,9490,Elektrik Makineleri Bakım ve Onarımı,Mekatronik Mühendisliği,5119,SAY
70,9490,Elektrik Makineleri Bakım ve Onarımı,Uçak Elektrik ve Elektroniği,1418,SAY
70,9490,Elektrik Makineleri Bakım ve Onarımı,Yazılım Mühendisliği,5134,SAY
70,9490,Elektrik Makineleri Bakım ve Onarımı,Basın ve Yayın,3121,SÖZ
70,9490,Elektrik Makineleri Bakım ve Onarımı,Gazetecilik,6188,SÖZ
70,9490,Elektrik Makineleri Bakım ve Onarımı,Görsel İletişim Tasarımı,5109,SÖZ
70,9490,Elektrik Makineleri Bakım ve Onarımı,Halkla İlişkiler ve Reklamcılık,5111,SÖZ
70,9490,Elektrik Makineleri Bakım ve Onarımı,Halkla İlişkiler ve Tanıtım,3198,SÖZ
70,9490,Elektrik Makineleri Bakım ve Onarımı,İletişim,3215,SÖZ
70,9490,Elektrik Makineleri Bakım ve Onarımı,İletişim Bilimleri,8327,SÖZ
70,9490,Elektrik Makineleri Bakım ve Onarımı,İletişim Tasarımı ve Yönetimi,9281,SÖZ
70,9490,Elektrik Makineleri Bakım ve Onarımı,İletişim ve Tasarımı,1428,SÖZ
70,9490,Elektrik Makineleri Bakım ve Onarımı,İşletme,3226,EA
70,9490,Elektrik Makineleri Bakım ve Onarımı,Medya ve İletişim,8244,SÖZ
70,9490,Elektrik Makineleri Bakım ve Onarımı,Pazarlama,8334,EA
70,9490,Elektrik Makineleri Bakım ve Onarımı,Reklam Tasarımı ve İletişimi,8249,SÖZ
70,9490,Elektrik Makineleri Bakım ve Onarımı,Reklamcılık,3291,SÖZ
70,9490,Elektrik Makineleri Bakım ve Onarımı,Yeni Medya,9142,SÖZ
70,9490,Elektrik Makineleri Bakım ve Onarımı,Yeni Medya ve İletişim,9471,SÖZ
70,9213,Elektrik Teknolojisi,Bilgisayar Mühendisliği,3124,SAY
70,9213,Elektrik Teknolojisi,Biyomedikal Mühendisliği,3134,SAY
70,9213,Elektrik Teknolojisi,Elektrik Mühendisliği,3160,SAY
70,9213,Elektrik Teknolojisi,Elektrik-Elektronik Mühendisliği,3162,SAY
70,9213,Elektrik Teknolojisi,Elektronik Mühendisliği,3163,SAY
70,9213,Elektrik Teknolojisi,Elektronik ve Haberleşme Mühendisliği,3166,SAY
70,9213,Elektrik Teknolojisi,Enerji Sistemleri Mühendisliği,8319,SAY
70,9213,Elektrik Teknolojisi,Enerji Yönetimi,9402,EA
70,9213,Elektrik Teknolojisi,Havacılık Elektrik ve Elektroniği,3200,SAY
70,9213,Elektrik Teknolojisi,Mekatronik Mühendisliği,5119,SAY
70,9213,Elektrik Teknolojisi,Uçak Elektrik ve Elektroniği,1418,SAY
70,9213,Elektrik Teknolojisi,Yazılım Mühendisliği,5134,SAY
70,9213,Elektrik Teknolojisi,Basın ve Yayın,3121,SÖZ
70,9213,Elektrik Teknolojisi,Gazetecilik,6188,SÖZ
70,9213,Elektrik Teknolojisi,Görsel İletişim Tasarımı,5109,SÖZ
70,9213,Elektrik Teknolojisi,Halkla İlişkiler ve Reklamcılık,5111,SÖZ
70,9213,Elektrik Teknolojisi,Halkla İlişkiler ve Tanıtım,3198,SÖZ
70,9213,Elektrik Teknolojisi,İletişim,3215,SÖZ
70,9213,Elektrik Teknolojisi,İletişim Bilimleri,8327,SÖZ
70,9213,Elektrik Teknolojisi,İletişim Tasarımı ve Yönetimi,9281,SÖZ
70,9213,Elektrik Teknolojisi,İletişim ve Tasarımı,1428,SÖZ
70,9213,Elektrik Teknolojisi,İşletme,3226,EA
70,9213,Elektrik Teknolojisi,Medya ve İletişim,8244,SÖZ
70,9213,Elektrik Teknolojisi,Pazarlama,8334,EA
70,9213,Elektrik Teknolojisi,Reklam Tasarımı ve İletişimi,8249,SÖZ
70,9213,Elektrik Teknolojisi,Reklamcılık,3291,SÖZ
70,9213,Elektrik Teknolojisi,Yeni Medya,9142,SÖZ
70,9213,Elektrik Teknolojisi,Yeni Medya ve İletişim,9471,SÖZ
70,9544,Elektrik ve Elektronik Teknolojisi,Bilgisayar Mühendisliği,3124,SAY
70,9544,Elektrik ve Elektronik Teknolojisi,Biyomedikal Mühendisliği,3134,SAY
70,9544,Elektrik ve Elektronik Teknolojisi,Elektrik Mühendisliği,3160,SAY
70,9544,Elektrik ve Elektronik Teknolojisi,Elektrik-Elektronik Mühendisliği,3162,SAY
70,9544,Elektrik ve Elektronik Teknolojisi,Elektronik Mühendisliği,3163,SAY
70,9544,Elektrik ve Elektronik Teknolojisi,Elektronik ve Haberleşme Mühendisliği,3166,SAY
70,9544,Elektrik ve Elektronik Teknolojisi,Enerji Sistemleri Mühendisliği,8319,SAY
70,9544,Elektrik ve Elektronik Teknolojisi,Enerji Yönetimi,9402,EA
70,9544,Elektrik ve Elektronik Teknolojisi,Havacılık Elektrik ve Elektroniği,3200,SAY
70,9544,Elektrik ve Elektronik Teknolojisi,Mekatronik Mühendisliği,5119,SAY
70,9544,Elektrik ve Elektronik Teknolojisi,Uçak Elektrik ve Elektroniği,1418,SAY
70,9544,Elektrik ve Elektronik Teknolojisi,Yazılım Mühendisliği,5134,SAY
70,9544,Elektrik ve Elektronik Teknolojisi,Basın ve Yayın,3121,SÖZ
70,9544,Elektrik ve Elektronik Teknolojisi,Gazetecilik,6188,SÖZ
70,9544,Elektrik ve Elektronik Teknolojisi,Görsel İletişim Tasarımı,5109,SÖZ
70,9544,Elektrik ve Elektronik Teknolojisi,Halkla İlişkiler ve Reklamcılık,5111,SÖZ
70,9544,Elektrik ve Elektronik Teknolojisi,Halkla İlişkiler ve Tanıtım,3198,SÖZ
70,9544,Elektrik ve Elektronik Teknolojisi,İletişim,3215,SÖZ
70,9544,Elektrik ve Elektronik Teknolojisi,İletişim Bilimleri,8327,SÖZ
70,9544,Elektrik ve Elektronik Teknolojisi,İletişim Tasarımı ve Yönetimi,9281,SÖZ
70,9544,Elektrik ve Elektronik Teknolojisi,İletişim ve Tasarımı,1428,SÖZ
70,9544,Elektrik ve Elektronik Teknolojisi,İşletme,3226,EA
70,9544,Elektrik ve Elektronik Teknolojisi,Medya ve İletişim,8244,SÖZ
70,9544,Elektrik ve Elektronik Teknolojisi,Pazarlama,8334,EA
70,9544,Elektrik ve Elektronik Teknolojisi,Reklam Tasarımı ve İletişimi,8249,SÖZ
70,9544,Elektrik ve Elektronik Teknolojisi,Reklamcılık,3291,SÖZ
70,9544,Elektrik ve Elektronik Teknolojisi,Yeni Medya,9142,SÖZ
70,9544,Elektrik ve Elektronik Teknolojisi,Yeni Medya ve İletişim,9471,SÖZ
70,1153,Elektrik-Elektronik,Bilgisayar Mühendisliği,3124,SAY
70,1153,Elektrik-Elektronik,Biyomedikal Mühendisliği,3134,SAY
70,1153,Elektrik-Elektronik,Elektrik Mühendisliği,3160,SAY
70,1153,Elektrik-Elektronik,Elektrik-Elektronik Mühendisliği,3162,SAY
70,1153,Elektrik-Elektronik,Elektronik Mühendisliği,3163,SAY
70,1153,Elektrik-Elektronik,Elektronik ve Haberleşme Mühendisliği,3166,SAY
70,1153,Elektrik-Elektronik,Enerji Sistemleri Mühendisliği,8319,SAY
70,1153,Elektrik-Elektronik,Enerji Yönetimi,9402,EA
70,1153,Elektrik-Elektronik,Havacılık Elektrik ve Elektroniği,3200,SAY
70,1153,Elektrik-Elektronik,Mekatronik Mühendisliği,5119,SAY
70,1153,Elektrik-Elektronik,Uçak Elektrik ve Elektroniği,1418,SAY
70,1153,Elektrik-Elektronik,Yazılım Mühendisliği,5134,SAY
70,1153,Elektrik-Elektronik,Basın ve Yayın,3121,SÖZ
70,1153,Elektrik-Elektronik,Gazetecilik,6188,SÖZ
70,1153,Elektrik-Elektronik,Görsel İletişim Tasarımı,5109,SÖZ
70,1153,Elektrik-Elektronik,Halkla İlişkiler ve Reklamcılık,5111,SÖZ
70,1153,Elektrik-Elektronik,Halkla İlişkiler ve Tanıtım,3198,SÖZ
70,1153,Elektrik-Elektronik,İletişim,3215,SÖZ
70,1153,Elektrik-Elektronik,İletişim Bilimleri,8327,SÖZ
70,1153,Elektrik-Elektronik,İletişim Tasarımı ve Yönetimi,9281,SÖZ
70,1153,Elektrik-Elektronik,İletişim ve Tasarımı,1428,SÖZ
70,1153,Elektrik-Elektronik,İşletme,3226,EA
70,1153,Elektrik-Elektronik,Medya ve İletişim,8244,SÖZ
70,1153,Elektrik-Elektronik,Pazarlama,8334,EA
70,1153,Elektrik-Elektronik,Reklam Tasarımı ve İletişimi,8249,SÖZ
70,1153,Elektrik-Elektronik,Reklamcılık,3291,SÖZ
70,1153,Elektrik-Elektronik,Yeni Medya,9142,SÖZ
70,1153,Elektrik-Elektronik,Yeni Medya ve İletişim,9471,SÖZ
70,8524,Elektrik-Elektronik Teknikerliği,Bilgisayar Mühendisliği,3124,SAY
70,8524,Elektrik-Elektronik Teknikerliği,Biyomedikal Mühendisliği,3134,SAY
70,8524,Elektrik-Elektronik Teknikerliği,Elektrik Mühendisliği,3160,SAY
70,8524,Elektrik-Elektronik Teknikerliği,Elektrik-Elektronik Mühendisliği,3162,SAY
70,8524,Elektrik-Elektronik Teknikerliği,Elektronik Mühendisliği,3163,SAY
70,8524,Elektrik-Elektronik Teknikerliği,Elektronik ve Haberleşme Mühendisliği,3166,SAY
70,8524,Elektrik-Elektronik Teknikerliği,Enerji Sistemleri Mühendisliği,8319,SAY
70,8524,Elektrik-Elektronik Teknikerliği,Enerji Yönetimi,9402,EA
70,8524,Elektrik-Elektronik Teknikerliği,Havacılık Elektrik ve Elektroniği,3200,SAY
70,8524,Elektrik-Elektronik Teknikerliği,Mekatronik Mühendisliği,5119,SAY
70,8524,Elektrik-Elektronik Teknikerliği,Uçak Elektrik ve Elektroniği,1418,SAY
70,8524,Elektrik-Elektronik Teknikerliği,Yazılım Mühendisliği,5134,SAY
70,8524,Elektrik-Elektronik Teknikerliği,Basın ve Yayın,3121,SÖZ
70,8524,Elektrik-Elektronik Teknikerliği,Gazetecilik,6188,SÖZ
70,8524,Elektrik-Elektronik Teknikerliği,Görsel İletişim Tasarımı,5109,SÖZ
70,8524,Elektrik-Elektronik Teknikerliği,Halkla İlişkiler ve Reklamcılık,5111,SÖZ
70,8524,Elektrik-Elektronik Teknikerliği,Halkla İlişkiler ve Tanıtım,3198,SÖZ
70,8524,Elektrik-Elektronik Teknikerliği,İletişim,3215,SÖZ
70,8524,Elektrik-Elektronik Teknikerliği,İletişim Bilimleri,8327,SÖZ
70,8524,Elektrik-Elektronik Teknikerliği,İletişim Tasarımı ve Yönetimi,9281,SÖZ
70,8524,Elektrik-Elektronik Teknikerliği,İletişim ve Tasarımı,1428,SÖZ
70,8524,Elektrik-Elektronik Teknikerliği,İşletme,3226,EA
70,8524,Elektrik-Elektronik Teknikerliği,Medya ve İletişim,8244,SÖZ
70,8524,Elektrik-Elektronik Teknikerliği,Pazarlama,8334,EA
70,8524,Elektrik-Elektronik Teknikerliği,Reklam Tasarımı ve İletişimi,8249,SÖZ
70,8524,Elektrik-Elektronik Teknikerliği,Reklamcılık,3291,SÖZ
70,8524,Elektrik-Elektronik Teknikerliği,Yeni Medya,9142,SÖZ
70,8524,Elektrik-Elektronik Teknikerliği,Yeni Medya ve İletişim,9471,SÖZ
70,1154,Elektronik,Bilgisayar Mühendisliği,3124,SAY
70,1154,Elektronik,Biyomedikal Mühendisliği,3134,SAY
70,1154,Elektronik,Elektrik Mühendisliği,3160,SAY
70,1154,Elektronik,Elektrik-Elektronik Mühendisliği,3162,SAY
70,1154,Elektronik,Elektronik Mühendisliği,3163,SAY
70,1154,Elektronik,Elektronik ve Haberleşme Mühendisliği,3166,SAY
70,1154,Elektronik,Enerji Sistemleri Mühendisliği,8319,SAY
70,1154,Elektronik,Enerji Yönetimi,9402,EA
70,1154,Elektronik,Havacılık Elektrik ve Elektroniği,3200,SAY
70,1154,Elektronik,Mekatronik Mühendisliği,5119,SAY
70,1154,Elektronik,Uçak Elektrik ve Elektroniği,1418,SAY
70,1154,Elektronik,Yazılım Mühendisliği,5134,SAY
70,1154,Elektronik,Basın ve Yayın,3121,SÖZ
70,1154,Elektronik,Gazetecilik,6188,SÖZ
70,1154,Elektronik,Görsel İletişim Tasarımı,5109,SÖZ
70,1154,Elektronik,Halkla İlişkiler ve Reklamcılık,5111,SÖZ
70,1154,Elektronik,Halkla İlişkiler ve Tanıtım,3198,SÖZ
70,1154,Elektronik,İletişim,3215,SÖZ
70,1154,Elektronik,İletişim Bilimleri,8327,SÖZ
70,1154,Elektronik,İletişim Tasarımı ve Yönetimi,9281,SÖZ
70,1154,Elektronik,İletişim ve Tasarımı,1428,SÖZ
70,1154,Elektronik,İşletme,3226,EA
70,1154,Elektronik,Medya ve İletişim,8244,SÖZ
70,1154,Elektronik,Pazarlama,8334,EA
70,1154,Elektronik,Reklam Tasarımı ve İletişimi,8249,SÖZ
70,1154,Elektronik,Reklamcılık,3291,SÖZ
70,1154,Elektronik,Yeni Medya,9142,SÖZ
70,1154,Elektronik,Yeni Medya ve İletişim,9471,SÖZ
70,6155,Elektronik Haberleşme,Bilgisayar Mühendisliği,3124,SAY
70,6155,Elektronik Haberleşme,Biyomedikal Mühendisliği,3134,SAY
70,6155,Elektronik Haberleşme,Elektrik Mühendisliği,3160,SAY
70,6155,Elektronik Haberleşme,Elektrik-Elektronik Mühendisliği,3162,SAY
70,6155,Elektronik Haberleşme,Elektronik Mühendisliği,3163,SAY
70,6155,Elektronik Haberleşme,Elektronik ve Haberleşme Mühendisliği,3166,SAY
70,6155,Elektronik Haberleşme,Enerji Sistemleri Mühendisliği,8319,SAY
70,6155,Elektronik Haberleşme,Enerji Yönetimi,9402,EA
70,6155,Elektronik Haberleşme,Havacılık Elektrik ve Elektroniği,3200,SAY
70,6155,Elektronik Haberleşme,Mekatronik Mühendisliği,5119,SAY
70,6155,Elektronik Haberleşme,Uçak Elektrik ve Elektroniği,1418,SAY
70,6155,Elektronik Haberleşme,Yazılım Mühendisliği,5134,SAY
70,6155,Elektronik Haberleşme,Basın ve Yayın,3121,SÖZ
70,6155,Elektronik Haberleşme,Gazetecilik,6188,SÖZ
70,6155,Elektronik Haberleşme,Görsel İletişim Tasarımı,5109,SÖZ
70,6155,Elektronik Haberleşme,Halkla İlişkiler ve Reklamcılık,5111,SÖZ
70,6155,Elektronik Haberleşme,Halkla İlişkiler ve Tanıtım,3198,SÖZ
70,6155,Elektronik Haberleşme,İletişim,3215,SÖZ
70,6155,Elektronik Haberleşme,İletişim Bilimleri,8327,SÖZ
70,6155,Elektronik Haberleşme,İletişim Tasarımı ve Yönetimi,9281,SÖZ
70,6155,Elektronik Haberleşme,İletişim ve Tasarımı,1428,SÖZ
70,6155,Elektronik Haberleşme,İşletme,3226,EA
70,6155,Elektronik Haberleşme,Medya ve İletişim,8244,SÖZ
70,6155,Elektronik Haberleşme,Pazarlama,8334,EA
70,6155,Elektronik Haberleşme,Reklam Tasarımı ve İletişimi,8249,SÖZ
70,6155,Elektronik Haberleşme,Reklamcılık,3291,SÖZ
70,6155,Elektronik Haberleşme,Yeni Medya,9142,SÖZ
70,6155,Elektronik Haberleşme,Yeni Medya ve İletişim,9471,SÖZ
70,9067,Elektronik Haberleşme Teknolojisi,Bilgisayar Mühendisliği,3124,SAY
70,9067,Elektronik Haberleşme Teknolojisi,Biyomedikal Mühendisliği,3134,SAY
70,9067,Elektronik Haberleşme Teknolojisi,Elektrik Mühendisliği,3160,SAY
70,9067,Elektronik Haberleşme Teknolojisi,Elektrik-Elektronik Mühendisliği,3162,SAY
70,9067,Elektronik Haberleşme Teknolojisi,Elektronik Mühendisliği,3163,SAY
70,9067,Elektronik Haberleşme Teknolojisi,Elektronik ve Haberleşme Mühendisliği,3166,SAY
70,9067,Elektronik Haberleşme Teknolojisi,Enerji Sistemleri Mühendisliği,8319,SAY
70,9067,Elektronik Haberleşme Teknolojisi,Enerji Yönetimi,9402,EA
70,9067,Elektronik Haberleşme Teknolojisi,Havacılık Elektrik ve Elektroniği,3200,SAY
70,9067,Elektronik Haberleşme Teknolojisi,Mekatronik Mühendisliği,5119,SAY
70,9067,Elektronik Haberleşme Teknolojisi,Uçak Elektrik ve Elektroniği,1418,SAY
70,9067,Elektronik Haberleşme Teknolojisi,Yazılım Mühendisliği,5134,SAY
70,9067,Elektronik Haberleşme Teknolojisi,Basın ve Yayın,3121,SÖZ
70,9067,Elektronik Haberleşme Teknolojisi,Gazetecilik,6188,SÖZ
70,9067,Elektronik Haberleşme Teknolojisi,Görsel İletişim Tasarımı,5109,SÖZ
70,9067,Elektronik Haberleşme Teknolojisi,Halkla İlişkiler ve Reklamcılık,5111,SÖZ
70,9067,Elektronik Haberleşme Teknolojisi,Halkla İlişkiler ve Tanıtım,3198,SÖZ
70,9067,Elektronik Haberleşme Teknolojisi,İletişim,3215,SÖZ
70,9067,Elektronik Haberleşme Teknolojisi,İletişim Bilimleri,8327,SÖZ
70,9067,Elektronik Haberleşme Teknolojisi,İletişim Tasarımı ve Yönetimi,9281,SÖZ
70,9067,Elektronik Haberleşme Teknolojisi,İletişim ve Tasarımı,1428,SÖZ
70,9067,Elektronik Haberleşme Teknolojisi,İşletme,3226,EA
70,9067,Elektronik Haberleşme Teknolojisi,Medya ve İletişim,8244,SÖZ
70,9067,Elektronik Haberleşme Teknolojisi,Pazarlama,8334,EA
70,9067,Elektronik Haberleşme Teknolojisi,Reklam Tasarımı ve İletişimi,8249,SÖZ
70,9067,Elektronik Haberleşme Teknolojisi,Reklamcılık,3291,SÖZ
70,9067,Elektronik Haberleşme Teknolojisi,Yeni Medya,9142,SÖZ
70,9067,Elektronik Haberleşme Teknolojisi,Yeni Medya ve İletişim,9471,SÖZ
70,9068,Elektronik Teknolojisi,Bilgisayar Mühendisliği,3124,SAY
70,9068,Elektronik Teknolojisi,Biyomedikal Mühendisliği,3134,SAY
70,9068,Elektronik Teknolojisi,Elektrik Mühendisliği,3160,SAY
70,9068,Elektronik Teknolojisi,Elektrik-Elektronik Mühendisliği,3162,SAY
70,9068,Elektronik Teknolojisi,Elektronik Mühendisliği,3163,SAY
70,9068,Elektronik Teknolojisi,Elektronik ve Haberleşme Mühendisliği,3166,SAY
70,9068,Elektronik Teknolojisi,Enerji Sistemleri Mühendisliği,8319,SAY
70,9068,Elektronik Teknolojisi,Enerji Yönetimi,9402,EA
70,9068,Elektronik Teknolojisi,Havacılık Elektrik ve Elektroniği,3200,SAY
70,9068,Elektronik Teknolojisi,Mekatronik Mühendisliği,5119,SAY
70,9068,Elektronik Teknolojisi,Uçak Elektrik ve Elektroniği,1418,SAY
70,9068,Elektronik Teknolojisi,Yazılım Mühendisliği,5134,SAY
70,9068,Elektronik Teknolojisi,Basın ve Yayın,3121,SÖZ
70,9068,Elektronik Teknolojisi,Gazetecilik,6188,SÖZ
70,9068,Elektronik Teknolojisi,Görsel İletişim Tasarımı,5109,SÖZ
70,9068,Elektronik Teknolojisi,Halkla İlişkiler ve Reklamcılık,5111,SÖZ
70,9068,Elektronik Teknolojisi,Halkla İlişkiler ve Tanıtım,3198,SÖZ
70,9068,Elektronik Teknolojisi,İletişim,3215,SÖZ
70,9068,Elektronik Teknolojisi,İletişim Bilimleri,8327,SÖZ
70,9068,Elektronik Teknolojisi,İletişim Tasarımı ve Yönetimi,9281,SÖZ
70,9068,Elektronik Teknolojisi,İletişim ve Tasarımı,1428,SÖZ
70,9068,Elektronik Teknolojisi,İşletme,3226,EA
70,9068,Elektronik Teknolojisi,Medya ve İletişim,8244,SÖZ
70,9068,Elektronik Teknolojisi,Pazarlama,8334,EA
70,9068,Elektronik Teknolojisi,Reklam Tasarımı ve İletişimi,8249,SÖZ
70,9068,Elektronik Teknolojisi,Reklamcılık,3291,SÖZ
70,9068,Elektronik Teknolojisi,Yeni Medya,9142,SÖZ
70,9068,Elektronik Teknolojisi,Yeni Medya ve İletişim,9471,SÖZ
70,1409,Dijital Fabrika Teknolojileri,Bilgisayar Mühendisliği,3124,SAY
70,1409,Dijital Fabrika Teknolojileri,Biyomedikal Mühendisliği,3134,SAY
70,1409,Dijital Fabrika Teknolojileri,Elektrik Mühendisliği,3160,SAY
70,1409,Dijital Fabrika Teknolojileri,Elektrik-Elektronik Mühendisliği,3162,SAY
70,1409,Dijital Fabrika Teknolojileri,Elektronik Mühendisliği,3163,SAY
70,1409,Dijital Fabrika Teknolojileri,Elektronik ve Haberleşme Mühendisliği,3166,SAY
70,1409,Dijital Fabrika Teknolojileri,Enerji Sistemleri Mühendisliği,8319,SAY
70,1409,Dijital Fabrika Teknolojileri,Enerji Yönetimi,9402,EA
70,1409,Dijital Fabrika Teknolojileri,Havacılık Elektrik ve Elektroniği,3200,SAY
70,1409,Dijital Fabrika Teknolojileri,Mekatronik Mühendisliği,5119,SAY
70,1409,Dijital Fabrika Teknolojileri,Uçak Elektrik ve Elektroniği,1418,SAY
70,1409,Dijital Fabrika Teknolojileri,Yazılım Mühendisliği,5134,SAY
70,1409,Dijital Fabrika Teknolojileri,Basın ve Yayın,3121,SÖZ
70,1409,Dijital Fabrika Teknolojileri,Gazetecilik,6188,SÖZ
70,1409,Dijital Fabrika Teknolojileri,Görsel İletişim Tasarımı,5109,SÖZ
70,1409,Dijital Fabrika Teknolojileri,Halkla İlişkiler ve Reklamcılık,5111,SÖZ
70,1409,Dijital Fabrika Teknolojileri,Halkla İlişkiler ve Tanıtım,3198,SÖZ
70,1409,Dijital Fabrika Teknolojileri,İletişim,3215,SÖZ
70,1409,Dijital Fabrika Teknolojileri,İletişim Bilimleri,8327,SÖZ
70,1409,Dijital Fabrika Teknolojileri,İletişim Tasarımı ve Yönetimi,9281,SÖZ
70,1409,Dijital Fabrika Teknolojileri,İletişim ve Tasarımı,1428,SÖZ
70,1409,Dijital Fabrika Teknolojileri,İşletme,3226,EA
70,1409,Dijital Fabrika Teknolojileri,Medya ve İletişim,8244,SÖZ
70,1409,Dijital Fabrika Teknolojileri,Pazarlama,8334,EA
70,1409,Dijital Fabrika Teknolojileri,Reklam Tasarımı ve İletişimi,8249,SÖZ
70,1409,Dijital Fabrika Teknolojileri,Reklamcılık,3291,SÖZ
70,1409,Dijital Fabrika Teknolojileri,Yeni Medya,9142,SÖZ
70,1409,Dijital Fabrika Teknolojileri,Yeni Medya ve İletişim,9471,SÖZ
70,1481,İMALAT YÜRÜTME SİSTEMLERİ OPERATÖRLÜĞÜ,Bilgisayar Mühendisliği,3124,SAY
70,1481,İMALAT YÜRÜTME SİSTEMLERİ OPERATÖRLÜĞÜ,Biyomedikal Mühendisliği,3134,SAY
70,1481,İMALAT YÜRÜTME SİSTEMLERİ OPERATÖRLÜĞÜ,Elektrik Mühendisliği,3160,SAY
70,1481,İMALAT YÜRÜTME SİSTEMLERİ OPERATÖRLÜĞÜ,Elektrik-Elektronik Mühendisliği,3162,SAY
70,1481,İMALAT YÜRÜTME SİSTEMLERİ OPERATÖRLÜĞÜ,Elektronik Mühendisliği,3163,SAY
70,1481,İMALAT YÜRÜTME SİSTEMLERİ OPERATÖRLÜĞÜ,Elektronik ve Haberleşme Mühendisliği,3166,SAY
70,1481,İMALAT YÜRÜTME SİSTEMLERİ OPERATÖRLÜĞÜ,Enerji Sistemleri Mühendisliği,8319,SAY
70,1481,İMALAT YÜRÜTME SİSTEMLERİ OPERATÖRLÜĞÜ,Enerji Yönetimi,9402,EA
70,1481,İMALAT YÜRÜTME SİSTEMLERİ OPERATÖRLÜĞÜ,Havacılık Elektrik ve Elektroniği,3200,SAY
70,1481,İMALAT YÜRÜTME SİSTEMLERİ OPERATÖRLÜĞÜ,Mekatronik Mühendisliği,5119,SAY
70,1481,İMALAT YÜRÜTME SİSTEMLERİ OPERATÖRLÜĞÜ,Uçak Elektrik ve Elektroniği,1418,SAY
70,1481,İMALAT YÜRÜTME SİSTEMLERİ OPERATÖRLÜĞÜ,Yazılım Mühendisliği,5134,SAY
70,1481,İMALAT YÜRÜTME SİSTEMLERİ OPERATÖRLÜĞÜ,Basın ve Yayın,3121,SÖZ
70,1481,İMALAT YÜRÜTME SİSTEMLERİ OPERATÖRLÜĞÜ,Gazetecilik,6188,SÖZ
70,1481,İMALAT YÜRÜTME SİSTEMLERİ OPERATÖRLÜĞÜ,Görsel İletişim Tasarımı,5109,SÖZ
70,1481,İMALAT YÜRÜTME SİSTEMLERİ OPERATÖRLÜĞÜ,Halkla İlişkiler ve Reklamcılık,5111,SÖZ
70,1481,İMALAT YÜRÜTME SİSTEMLERİ OPERATÖRLÜĞÜ,Halkla İlişkiler ve Tanıtım,3198,SÖZ
70,1481,İMALAT YÜRÜTME SİSTEMLERİ OPERATÖRLÜĞÜ,İletişim,3215,SÖZ
70,1481,İMALAT YÜRÜTME SİSTEMLERİ OPERATÖRLÜĞÜ,İletişim Bilimleri,8327,SÖZ
70,1481,İMALAT YÜRÜTME SİSTEMLERİ OPERATÖRLÜĞÜ,İletişim Tasarımı ve Yönetimi,9281,SÖZ
70,1481,İMALAT YÜRÜTME SİSTEMLERİ OPERATÖRLÜĞÜ,İletişim ve Tasarımı,1428,SÖZ
70,1481,İMALAT YÜRÜTME SİSTEMLERİ OPERATÖRLÜĞÜ,İşletme,3226,EA
70,1481,İMALAT YÜRÜTME SİSTEMLERİ OPERATÖRLÜĞÜ,Medya ve İletişim,8244,SÖZ
70,1481,İMALAT YÜRÜTME SİSTEMLERİ OPERATÖRLÜĞÜ,Pazarlama,8334,EA
70,1481,İMALAT YÜRÜTME SİSTEMLERİ OPERATÖRLÜĞÜ,Reklam Tasarımı ve İletişimi,8249,SÖZ
70,1481,İMALAT YÜRÜTME SİSTEMLERİ OPERATÖRLÜĞÜ,Reklamcılık,3291,SÖZ
70,1481,İMALAT YÜRÜTME SİSTEMLERİ OPERATÖRLÜĞÜ,Yeni Medya,9142,SÖZ
70,1481,İMALAT YÜRÜTME SİSTEMLERİ OPERATÖRLÜĞÜ,Yeni Medya ve İletişim,9471,SÖZ
70,1465,OTONOM SİSTEMLER TEKNİKERLİĞİ,Bilgisayar Mühendisliği,3124,SAY
70,1465,OTONOM SİSTEMLER TEKNİKERLİĞİ,Biyomedikal Mühendisliği,3134,SAY
70,1465,OTONOM SİSTEMLER TEKNİKERLİĞİ,Elektrik Mühendisliği,3160,SAY
70,1465,OTONOM SİSTEMLER TEKNİKERLİĞİ,Elektrik-Elektronik Mühendisliği,3162,SAY
70,1465,OTONOM SİSTEMLER TEKNİKERLİĞİ,Elektronik Mühendisliği,3163,SAY
70,1465,OTONOM SİSTEMLER TEKNİKERLİĞİ,Elektronik ve Haberleşme Mühendisliği,3166,SAY
70,1465,OTONOM SİSTEMLER TEKNİKERLİĞİ,Enerji Sistemleri Mühendisliği,8319,SAY
70,1465,OTONOM SİSTEMLER TEKNİKERLİĞİ,Enerji Yönetimi,9402,EA
70,1465,OTONOM SİSTEMLER TEKNİKERLİĞİ,Havacılık Elektrik ve Elektroniği,3200,SAY
70,1465,OTONOM SİSTEMLER TEKNİKERLİĞİ,Mekatronik Mühendisliği,5119,SAY
70,1465,OTONOM SİSTEMLER TEKNİKERLİĞİ,Uçak Elektrik ve Elektroniği,1418,SAY
70,1465,OTONOM SİSTEMLER TEKNİKERLİĞİ,Yazılım Mühendisliği,5134,SAY
70,1465,OTONOM SİSTEMLER TEKNİKERLİĞİ,Basın ve Yayın,3121,SÖZ
70,1465,OTONOM SİSTEMLER TEKNİKERLİĞİ,Gazetecilik,6188,SÖZ
70,1465,OTONOM SİSTEMLER TEKNİKERLİĞİ,Görsel İletişim Tasarımı,5109,SÖZ
70,1465,OTONOM SİSTEMLER TEKNİKERLİĞİ,Halkla İlişkiler ve Reklamcılık,5111,SÖZ
70,1465,OTONOM SİSTEMLER TEKNİKERLİĞİ,Halkla İlişkiler ve Tanıtım,3198,SÖZ
70,1465,OTONOM SİSTEMLER TEKNİKERLİĞİ,İletişim,3215,SÖZ
70,1465,OTONOM SİSTEMLER TEKNİKERLİĞİ,İletişim Bilimleri,8327,SÖZ
70,1465,OTONOM SİSTEMLER TEKNİKERLİĞİ,İletişim Tasarımı ve Yönetimi,9281,SÖZ
70,1465,OTONOM SİSTEMLER TEKNİKERLİĞİ,İletişim ve Tasarımı,1428,SÖZ
70,1465,OTONOM SİSTEMLER TEKNİKERLİĞİ,İşletme,3226,EA
70,1465,OTONOM SİSTEMLER TEKNİKERLİĞİ,Medya ve İletişim,8244,SÖZ
70,1465,OTONOM SİSTEMLER TEKNİKERLİĞİ,Pazarlama,8334,EA
70,1465,OTONOM SİSTEMLER TEKNİKERLİĞİ,Reklam Tasarımı ve İletişimi,8249,SÖZ
70,1465,OTONOM SİSTEMLER TEKNİKERLİĞİ,Reklamcılık,3291,SÖZ
70,1465,OTONOM SİSTEMLER TEKNİKERLİĞİ,Yeni Medya,9142,SÖZ
70,1465,OTONOM SİSTEMLER TEKNİKERLİĞİ,Yeni Medya ve İletişim,9471,SÖZ
70,1468,ROBOTİK VE YAPAY ZEKÂ,Bilgisayar Mühendisliği,3124,SAY
70,1468,ROBOTİK VE YAPAY ZEKÂ,Biyomedikal Mühendisliği,3134,SAY
70,1468,ROBOTİK VE YAPAY ZEKÂ,Elektrik Mühendisliği,3160,SAY
70,1468,ROBOTİK VE YAPAY ZEKÂ,Elektrik-Elektronik Mühendisliği,3162,SAY
70,1468,ROBOTİK VE YAPAY ZEKÂ,Elektronik Mühendisliği,3163,SAY
70,1468,ROBOTİK VE YAPAY ZEKÂ,Elektronik ve Haberleşme Mühendisliği,3166,SAY
70,1468,ROBOTİK VE YAPAY ZEKÂ,Enerji Sistemleri Mühendisliği,8319,SAY
70,1468,ROBOTİK VE YAPAY ZEKÂ,Enerji Yönetimi,9402,EA
70,1468,ROBOTİK VE YAPAY ZEKÂ,Havacılık Elektrik ve Elektroniği,3200,SAY
70,1468,ROBOTİK VE YAPAY ZEKÂ,Mekatronik Mühendisliği,5119,SAY
70,1468,ROBOTİK VE YAPAY ZEKÂ,Uçak Elektrik ve Elektroniği,1418,SAY
70,1468,ROBOTİK VE YAPAY ZEKÂ,Yazılım Mühendisliği,5134,SAY
70,1468,ROBOTİK VE YAPAY ZEKÂ,Basın ve Yayın,3121,SÖZ
70,1468,ROBOTİK VE YAPAY ZEKÂ,Gazetecilik,6188,SÖZ
70,1468,ROBOTİK VE YAPAY ZEKÂ,Görsel İletişim Tasarımı,5109,SÖZ
70,1468,ROBOTİK VE YAPAY ZEKÂ,Halkla İlişkiler ve Reklamcılık,5111,SÖZ
70,1468,ROBOTİK VE YAPAY ZEKÂ,Halkla İlişkiler ve Tanıtım,3198,SÖZ
70,1468,ROBOTİK VE YAPAY ZEKÂ,İletişim,3215,SÖZ
70,1468,ROBOTİK VE YAPAY ZEKÂ,İletişim Bilimleri,8327,SÖZ
70,1468,ROBOTİK VE YAPAY ZEKÂ,İletişim Tasarımı ve Yönetimi,9281,SÖZ
70,1468,ROBOTİK VE YAPAY ZEKÂ,İletişim ve Tasarımı,1428,SÖZ
70,1468,ROBOTİK VE YAPAY ZEKÂ,İşletme,3226,EA
70,1468,ROBOTİK VE YAPAY ZEKÂ,Medya ve İletişim,8244,SÖZ
70,1468,ROBOTİK VE YAPAY ZEKÂ,Pazarlama,8334,EA
70,1468,ROBOTİK VE YAPAY ZEKÂ,Reklam Tasarımı ve İletişimi,8249,SÖZ
70,1468,ROBOTİK VE YAPAY ZEKÂ,Reklamcılık,3291,SÖZ
70,1468,ROBOTİK VE YAPAY ZEKÂ,Yeni Medya,9142,SÖZ
70,1468,ROBOTİK VE YAPAY ZEKÂ,Yeni Medya ve İletişim,9471,SÖZ
70,1244,Dijital Medya ve Pazarlama,Bilgisayar Mühendisliği,3124,SAY
70,1244,Dijital Medya ve Pazarlama,Biyomedikal Mühendisliği,3134,SAY
70,1244,Dijital Medya ve Pazarlama,Elektrik Mühendisliği,3160,SAY
70,1244,Dijital Medya ve Pazarlama,Elektrik-Elektronik Mühendisliği,3162,SAY
70,1244,Dijital Medya ve Pazarlama,Elektronik Mühendisliği,3163,SAY
70,1244,Dijital Medya ve Pazarlama,Elektronik ve Haberleşme Mühendisliği,3166,SAY
70,1244,Dijital Medya ve Pazarlama,Enerji Sistemleri Mühendisliği,8319,SAY
70,1244,Dijital Medya ve Pazarlama,Enerji Yönetimi,9402,EA
70,1244,Dijital Medya ve Pazarlama,Havacılık Elektrik ve Elektroniği,3200,SAY
70,1244,Dijital Medya ve Pazarlama,Mekatronik Mühendisliği,5119,SAY
70,1244,Dijital Medya ve Pazarlama,Uçak Elektrik ve Elektroniği,1418,SAY
70,1244,Dijital Medya ve Pazarlama,Yazılım Mühendisliği,5134,SAY
70,1244,Dijital Medya ve Pazarlama,Basın ve Yayın,3121,SÖZ
70,1244,Dijital Medya ve Pazarlama,Gazetecilik,6188,SÖZ
70,1244,Dijital Medya ve Pazarlama,Görsel İletişim Tasarımı,5109,SÖZ
70,1244,Dijital Medya ve Pazarlama,Halkla İlişkiler ve Reklamcılık,5111,SÖZ
70,1244,Dijital Medya ve Pazarlama,Halkla İlişkiler ve Tanıtım,3198,SÖZ
70,1244,Dijital Medya ve Pazarlama,İletişim,3215,SÖZ
70,1244,Dijital Medya ve Pazarlama,İletişim Bilimleri,8327,SÖZ
70,1244,Dijital Medya ve Pazarlama,İletişim Tasarımı ve Yönetimi,9281,SÖZ
70,1244,Dijital Medya ve Pazarlama,İletişim ve Tasarımı,1428,SÖZ
70,1244,Dijital Medya ve Pazarlama,İşletme,3226,EA
70,1244,Dijital Medya ve Pazarlama,Medya ve İletişim,8244,SÖZ
70,1244,Dijital Medya ve Pazarlama,Pazarlama,8334,EA
70,1244,Dijital Medya ve Pazarlama,Reklam Tasarımı ve İletişimi,8249,SÖZ
70,1244,Dijital Medya ve Pazarlama,Reklamcılık,3291,SÖZ
70,1244,Dijital Medya ve Pazarlama,Yeni Medya,9142,SÖZ
70,1244,Dijital Medya ve Pazarlama,Yeni Medya ve İletişim,9471,SÖZ
71,1496,DİJİTAL SAĞLIK SİSTEMLERİ TEKNİKERLİĞİ,Bilgisayar Bilimleri,8143,SAY
71,1496,DİJİTAL SAĞLIK SİSTEMLERİ TEKNİKERLİĞİ,Bilgisayar Mühendisliği,3124,SAY
71,1496,DİJİTAL SAĞLIK SİSTEMLERİ TEKNİKERLİĞİ,Bilişim Sistemleri Mühendisliği,5103,SAY
71,1496,DİJİTAL SAĞLIK SİSTEMLERİ TEKNİKERLİĞİ,Bilişim Sistemleri ve Teknolojileri,3130,SAY
71,1496,DİJİTAL SAĞLIK SİSTEMLERİ TEKNİKERLİĞİ,Biyomedikal Mühendisliği,3134,SAY
71,1496,DİJİTAL SAĞLIK SİSTEMLERİ TEKNİKERLİĞİ,İstatistik ve Bilgisayar Bilimleri,3224,SAY
71,1496,DİJİTAL SAĞLIK SİSTEMLERİ TEKNİKERLİĞİ,Matematik ve Bilgisayar Bilimleri,3256,SAY
71,1496,DİJİTAL SAĞLIK SİSTEMLERİ TEKNİKERLİĞİ,Sağlık Yönetimi,6298,EA
71,1496,DİJİTAL SAĞLIK SİSTEMLERİ TEKNİKERLİĞİ,Yazılım Mühendisliği,5134,SAY
71,1496,DİJİTAL SAĞLIK SİSTEMLERİ TEKNİKERLİĞİ,Yönetim Bilişim Sistemleri,3361,EA
71,9392,Sağlık Bilgi Sistemleri Teknikerliği,Bilgisayar Bilimleri,8143,SAY
71,9392,Sağlık Bilgi Sistemleri Teknikerliği,Bilgisayar Mühendisliği,3124,SAY
71,9392,Sağlık Bilgi Sistemleri Teknikerliği,Bilişim Sistemleri Mühendisliği,5103,SAY
71,9392,Sağlık Bilgi Sistemleri Teknikerliği,Bilişim Sistemleri ve Teknolojileri,3130,SAY
71,9392,Sağlık Bilgi Sistemleri Teknikerliği,Biyomedikal Mühendisliği,3134,SAY
71,9392,Sağlık Bilgi Sistemleri Teknikerliği,İstatistik ve Bilgisayar Bilimleri,3224,SAY
71,9392,Sağlık Bilgi Sistemleri Teknikerliği,Matematik ve Bilgisayar Bilimleri,3256,SAY
71,9392,Sağlık Bilgi Sistemleri Teknikerliği,Sağlık Yönetimi,6298,EA
71,9392,Sağlık Bilgi Sistemleri Teknikerliği,Yazılım Mühendisliği,5134,SAY
71,9392,Sağlık Bilgi Sistemleri Teknikerliği,Yönetim Bilişim Sistemleri,3361,EA
71,1512,TIBBİ VERİ İŞLEME TEKNİKERLİĞİ,Bilgisayar Bilimleri,8143,SAY
71,1512,TIBBİ VERİ İŞLEME TEKNİKERLİĞİ,Bilgisayar Mühendisliği,3124,SAY
71,1512,TIBBİ VERİ İŞLEME TEKNİKERLİĞİ,Bilişim Sistemleri Mühendisliği,5103,SAY
71,1512,TIBBİ VERİ İŞLEME TEKNİKERLİĞİ,Bilişim Sistemleri ve Teknolojileri,3130,SAY
71,1512,TIBBİ VERİ İŞLEME TEKNİKERLİĞİ,Biyomedikal Mühendisliği,3134,SAY
71,1512,TIBBİ VERİ İŞLEME TEKNİKERLİĞİ,İstatistik ve Bilgisayar Bilimleri,3224,SAY
71,1512,TIBBİ VERİ İŞLEME TEKNİKERLİĞİ,Matematik ve Bilgisayar Bilimleri,3256,SAY
71,1512,TIBBİ VERİ İŞLEME TEKNİKERLİĞİ,Sağlık Yönetimi,6298,EA
71,1512,TIBBİ VERİ İŞLEME TEKNİKERLİĞİ,Yazılım Mühendisliği,5134,SAY
71,1512,TIBBİ VERİ İŞLEME TEKNİKERLİĞİ,Yönetim Bilişim Sistemleri,3361,EA
72,1143,Diş Protez,Acil Yardım ve Afet Yönetimi,8342,SAY
72,1143,Diş Protez,Sağlık Yönetimi,6298,EA
72,8519,Diş Protez Teknikerliği,Acil Yardım ve Afet Yönetimi,8342,SAY
72,8519,Diş Protez Teknikerliği,Sağlık Yönetimi,6298,EA
72,9081,Diş Protez Teknolojisi,Acil Yardım ve Afet Yönetimi,8342,SAY
72,9081,Diş Protez Teknolojisi,Sağlık Yönetimi,6298,EA
72,1144,Diş Teknik Sekreterliği,Acil Yardım ve Afet Yönetimi,8342,SAY
72,1144,Diş Teknik Sekreterliği,Sağlık Yönetimi,6298,EA
72,1191,Hastane Yönetimi ve Organizasyon,Acil Yardım ve Afet Yönetimi,8342,SAY
72,1191,Hastane Yönetimi ve Organizasyon,Sağlık Yönetimi,6298,EA
73,8520,Doğal Gaz ve Isıtma / Doğalgaz ve Isıtma,Enerji Sistemleri Mühendisliği,8319,SAY
73,8520,Doğal Gaz ve Isıtma / Doğalgaz ve Isıtma,Makine Mühendisliği,3252,SAY
73,8520,Doğal Gaz ve Isıtma / Doğalgaz ve Isıtma,Petrol ve Doğalgaz Mühendisliği,3281,SAY
73,8597,Doğalgaz ve Boru Hatları Teknolojisi,Enerji Sistemleri Mühendisliği,8319,SAY
73,8597,Doğalgaz ve Boru Hatları Teknolojisi,Makine Mühendisliği,3252,SAY
73,8597,Doğalgaz ve Boru Hatları Teknolojisi,Petrol ve Doğalgaz Mühendisliği,3281,SAY
73,9277,Doğalgaz ve Tesisatı Teknolojisi,Enerji Sistemleri Mühendisliği,8319,SAY
73,9277,Doğalgaz ve Tesisatı Teknolojisi,Makine Mühendisliği,3252,SAY
73,9277,Doğalgaz ve Tesisatı Teknolojisi,Petrol ve Doğalgaz Mühendisliği,3281,SAY
73,1148,"Doğalgaz, Isıtma ve Sıhhi Tesisat Teknolojisi",Enerji Sistemleri Mühendisliği,8319,SAY
73,1148,"Doğalgaz, Isıtma ve Sıhhi Tesisat Teknolojisi",Makine Mühendisliği,3252,SAY
73,1148,"Doğalgaz, Isıtma ve Sıhhi Tesisat Teknolojisi",Petrol ve Doğalgaz Mühendisliği,3281,SAY
73,9066,Gaz ve Tesisatı Teknolojisi,Enerji Sistemleri Mühendisliği,8319,SAY
73,9066,Gaz ve Tesisatı Teknolojisi,Makine Mühendisliği,3252,SAY
73,9066,Gaz ve Tesisatı Teknolojisi,Petrol ve Doğalgaz Mühendisliği,3281,SAY
74,8595,Doğal Taş Dekorasyonu,Endüstriyel Tasarım,3170,SAY
74,8595,Doğal Taş Dekorasyonu,Endüstriyel Tasarım Mühendisliği,9323,SAY
74,8595,Doğal Taş Dekorasyonu,İç Mimarlık,3211,SAY
74,8595,Doğal Taş Dekorasyonu,İç Mimarlık ve Çevre Tasarımı,3212,EA
74,8595,Doğal Taş Dekorasyonu,Jeoloji Mühendisliği,6235,SAY
74,8595,Doğal Taş Dekorasyonu,Maden Mühendisliği,3251,SAY
74,9037,Doğal Yapı Taşları Teknolojisi,Endüstriyel Tasarım,3170,SAY
74,9037,Doğal Yapı Taşları Teknolojisi,Endüstriyel Tasarım Mühendisliği,9323,SAY
74,9037,Doğal Yapı Taşları Teknolojisi,İç Mimarlık,3211,SAY
74,9037,Doğal Yapı Taşları Teknolojisi,İç Mimarlık ve Çevre Tasarımı,3212,EA
74,9037,Doğal Yapı Taşları Teknolojisi,Jeoloji Mühendisliği,6235,SAY
74,9037,Doğal Yapı Taşları Teknolojisi,Maden Mühendisliği,3251,SAY
75,6149,Döküm,İmalat Mühendisliği,5114,SAY
75,6149,Döküm,Malzeme Bilimi ve Mühendisliği,5118,SAY
75,6149,Döküm,Metalurji ve Malzeme Mühendisliği,3261,SAY
76,1150,Duvar Süsleme Sanatları,Çini Tasarımı ve Onarımı,1404,SÖZ
76,1150,Duvar Süsleme Sanatları,Fotoğraf,7158,SÖZ
76,1150,Duvar Süsleme Sanatları,Geleneksel Türk Sanatları,8321,SÖZ
76,1150,Duvar Süsleme Sanatları,Grafik,7160,EA
76,1150,Duvar Süsleme Sanatları,Grafik Sanatlar,7145,EA
76,1150,Duvar Süsleme Sanatları,İç Mimarlık,3211,SAY
76,1150,Duvar Süsleme Sanatları,İç Mimarlık ve Çevre Tasarımı,3212,EA
76,1150,Duvar Süsleme Sanatları,Tezhip Sanatı,1414,SÖZ
77,8582,Ebelik,Ebelik,3155,SAY
77,8582,Ebelik,Hemşirelik,3204,SAY
77,8582,Ebelik,Sağlık Yönetimi,6298,EA
78,9087,Eczane Hizmetleri,Acil Yardım ve Afet Yönetimi,8342,SAY
78,9087,Eczane Hizmetleri,Biyokimya,3132,SAY
78,9087,Eczane Hizmetleri,Kimya,3240,SAY
78,9087,Eczane Hizmetleri,Kimya Mühendisliği,6241,SAY
78,9087,Eczane Hizmetleri,Sağlık Yönetimi,6298,EA
78,9087,Eczane Hizmetleri,Sosyal Hizmet,6318,EA
78,4245,Eczane Teknikerliği,Acil Yardım ve Afet Yönetimi,8342,SAY
78,4245,Eczane Teknikerliği,Biyokimya,3132,SAY
78,4245,Eczane Teknikerliği,Kimya,3240,SAY
78,4245,Eczane Teknikerliği,Kimya Mühendisliği,6241,SAY
78,4245,Eczane Teknikerliği,Sağlık Yönetimi,6298,EA
78,4245,Eczane Teknikerliği,Sosyal Hizmet,6318,EA
79,4247,Eğitim Önlisans,İlköğretim Matematik Öğretmenliği,3217,SAY
79,4247,Eğitim Önlisans,Sınıf Öğretmenliği,3309,EA
79,4286,İlkokul Öğretmenliği,İlköğretim Matematik Öğretmenliği,3217,SAY
79,4286,İlkokul Öğretmenliği,Sınıf Öğretmenliği,3309,EA
79,4287,İlköğretim Matematik Öğretmenliği,İlköğretim Matematik Öğretmenliği,3217,SAY
79,4287,İlköğretim Matematik Öğretmenliği,Sınıf Öğretmenliği,3309,EA
79,9493,Sınıf Öğretmenliği,İlköğretim Matematik Öğretmenliği,3217,SAY
79,9493,Sınıf Öğretmenliği,Sınıf Öğretmenliği,3309,EA
80,1151,El Sanatları,El Sanatları,9344,SÖZ
80,1151,El Sanatları,Geleneksel Türk Sanatları,8321,SÖZ
80,1151,El Sanatları,"Halı, Kilim ve Geleneksel Kumaş Desenleri",1386,SÖZ
80,1151,El Sanatları,Seramik,7189,EA
80,1151,El Sanatları,Seramik ve Cam,7179,SÖZ
80,1151,El Sanatları,Tekstil Tasarımı,7181,EA
80,1151,El Sanatları,Tekstil ve Moda Tasarımı,7169,EA
80,1151,El Sanatları,Tezhip Sanatı,1414,SÖZ
80,9600,Resim Öğretmenliği,El Sanatları,9344,SÖZ
80,9600,Resim Öğretmenliği,Geleneksel Türk Sanatları,8321,SÖZ
80,9600,Resim Öğretmenliği,"Halı, Kilim ve Geleneksel Kumaş Desenleri",1386,SÖZ
80,9600,Resim Öğretmenliği,Seramik,7189,EA
80,9600,Resim Öğretmenliği,Seramik ve Cam,7179,SÖZ
80,9600,Resim Öğretmenliği,Tekstil Tasarımı,7181,EA
80,9600,Resim Öğretmenliği,Tekstil ve Moda Tasarımı,7169,EA
80,9600,Resim Öğretmenliği,Tezhip Sanatı,1414,SÖZ
81,9065,Elektrikli Cihaz Teknolojisi,Elektrik Mühendisliği,3160,SAY
81,9065,Elektrikli Cihaz Teknolojisi,Elektrik-Elektronik Mühendisliği,3162,SAY
81,9065,Elektrikli Cihaz Teknolojisi,Elektronik Mühendisliği,3163,SAY
81,9065,Elektrikli Cihaz Teknolojisi,Fizik,3182,SAY
81,9065,Elektrikli Cihaz Teknolojisi,Havacılık Elektrik ve Elektroniği,3200,SAY
82,9284,Elektromekanik Taşıyıcılar,Elektrik Mühendisliği,3160,SAY
82,9284,Elektromekanik Taşıyıcılar,Elektrik-Elektronik Mühendisliği,3162,SAY
82,9284,Elektromekanik Taşıyıcılar,Elektronik Mühendisliği,3163,SAY
82,9284,Elektromekanik Taşıyıcılar,Makine Mühendisliği,3252,SAY
82,9284,Elektromekanik Taşıyıcılar,Mekatronik Mühendisliği,5119,SAY
83,5327,Elektronik Ticaret,Ekonomi ve Finans,5105,EA
83,5327,Elektronik Ticaret,Elektronik Ticaret ve Yönetimi,1403,EA
83,5327,Elektronik Ticaret,Halkla İlişkiler ve Reklamcılık,5111,SÖZ
83,5327,Elektronik Ticaret,Halkla İlişkiler ve Tanıtım,3198,SÖZ
83,5327,Elektronik Ticaret,İletişim,3215,SÖZ
83,5327,Elektronik Ticaret,İletişim Bilimleri,8327,SÖZ
83,5327,Elektronik Ticaret,İşletme,3226,EA
83,5327,Elektronik Ticaret,Lojistik Yönetimi,8222,EA
83,5327,Elektronik Ticaret,Muhasebe ve Finans Yönetimi,5123,EA
83,5327,Elektronik Ticaret,Pazarlama,8334,EA
83,5327,Elektronik Ticaret,Reklam Tasarımı ve İletişimi,8249,SÖZ
83,5327,Elektronik Ticaret,Reklamcılık,3291,SÖZ
83,5327,Elektronik Ticaret,Teknoloji ve Bilgi Yönetimi,9286,EA
83,5327,Elektronik Ticaret,Uluslararası İşletme Yönetimi,4391,EA
83,5327,Elektronik Ticaret,Uluslararası Ticaret,3355,EA
83,5327,Elektronik Ticaret,Uluslararası Ticaret ve Finansman,5131,EA
83,5327,Elektronik Ticaret,Uluslararası Ticaret ve İşletmecilik,3356,EA
83,5327,Elektronik Ticaret,Uluslararası Ticaret ve Lojistik,9009,EA
83,5327,Elektronik Ticaret,Yönetim Bilişim Sistemleri,3361,EA
83,5332,E-Ticaret,Ekonomi ve Finans,5105,EA
83,5332,E-Ticaret,Elektronik Ticaret ve Yönetimi,1403,EA
83,5332,E-Ticaret,Halkla İlişkiler ve Reklamcılık,5111,SÖZ
83,5332,E-Ticaret,Halkla İlişkiler ve Tanıtım,3198,SÖZ
83,5332,E-Ticaret,İletişim,3215,SÖZ
83,5332,E-Ticaret,İletişim Bilimleri,8327,SÖZ
83,5332,E-Ticaret,İşletme,3226,EA
83,5332,E-Ticaret,Lojistik Yönetimi,8222,EA
83,5332,E-Ticaret,Muhasebe ve Finans Yönetimi,5123,EA
83,5332,E-Ticaret,Pazarlama,8334,EA
83,5332,E-Ticaret,Reklam Tasarımı ve İletişimi,8249,SÖZ
83,5332,E-Ticaret,Reklamcılık,3291,SÖZ
83,5332,E-Ticaret,Teknoloji ve Bilgi Yönetimi,9286,EA
83,5332,E-Ticaret,Uluslararası İşletme Yönetimi,4391,EA
83,5332,E-Ticaret,Uluslararası Ticaret,3355,EA
83,5332,E-Ticaret,Uluslararası Ticaret ve Finansman,5131,EA
83,5332,E-Ticaret,Uluslararası Ticaret ve İşletmecilik,3356,EA
83,5332,E-Ticaret,Uluslararası Ticaret ve Lojistik,9009,EA
83,5332,E-Ticaret,Yönetim Bilişim Sistemleri,3361,EA
83,9599,E-Ticaret ve Pazarlama,Ekonomi ve Finans,5105,EA
83,9599,E-Ticaret ve Pazarlama,Elektronik Ticaret ve Yönetimi,1403,EA
83,9599,E-Ticaret ve Pazarlama,Halkla İlişkiler ve Reklamcılık,5111,SÖZ
83,9599,E-Ticaret ve Pazarlama,Halkla İlişkiler ve Tanıtım,3198,SÖZ
83,9599,E-Ticaret ve Pazarlama,İletişim,3215,SÖZ
83,9599,E-Ticaret ve Pazarlama,İletişim Bilimleri,8327,SÖZ
83,9599,E-Ticaret ve Pazarlama,İşletme,3226,EA
83,9599,E-Ticaret ve Pazarlama,Lojistik Yönetimi,8222,EA
83,9599,E-Ticaret ve Pazarlama,Muhasebe ve Finans Yönetimi,5123,EA
83,9599,E-Ticaret ve Pazarlama,Pazarlama,8334,EA
83,9599,E-Ticaret ve Pazarlama,Reklam Tasarımı ve İletişimi,8249,SÖZ
83,9599,E-Ticaret ve Pazarlama,Reklamcılık,3291,SÖZ
83,9599,E-Ticaret ve Pazarlama,Teknoloji ve Bilgi Yönetimi,9286,EA
83,9599,E-Ticaret ve Pazarlama,Uluslararası İşletme Yönetimi,4391,EA
83,9599,E-Ticaret ve Pazarlama,Uluslararası Ticaret,3355,EA
83,9599,E-Ticaret ve Pazarlama,Uluslararası Ticaret ve Finansman,5131,EA
83,9599,E-Ticaret ve Pazarlama,Uluslararası Ticaret ve İşletmecilik,3356,EA
83,9599,E-Ticaret ve Pazarlama,Uluslararası Ticaret ve Lojistik,9009,EA
83,9599,E-Ticaret ve Pazarlama,Yönetim Bilişim Sistemleri,3361,EA
84,5328,Elektronörofizyoloji,Fizyoterapi ve Rehabilitasyon,8344,SAY
84,5328,Elektronörofizyoloji,Hemşirelik,3204,SAY
84,5328,Elektronörofizyoloji,Sağlık Yönetimi,6298,EA
84,5328,Elektronörofizyoloji,Ekonomi ve Finans,5105,EA
84,5328,Elektronörofizyoloji,Gayrimenkul Geliştirme ve Yönetimi,9459,EA
84,5328,Elektronörofizyoloji,İşletme,3226,EA
84,5328,Elektronörofizyoloji,Tapu Kadastro,9288,EA
84,9337,Nükleer Tıp Teknikleri,Fizyoterapi ve Rehabilitasyon,8344,SAY
84,9337,Nükleer Tıp Teknikleri,Hemşirelik,3204,SAY
84,9337,Nükleer Tıp Teknikleri,Sağlık Yönetimi,6298,EA
84,9337,Nükleer Tıp Teknikleri,Ekonomi ve Finans,5105,EA
84,9337,Nükleer Tıp Teknikleri,Gayrimenkul Geliştirme ve Yönetimi,9459,EA
84,9337,Nükleer Tıp Teknikleri,İşletme,3226,EA
84,9337,Nükleer Tıp Teknikleri,Tapu Kadastro,9288,EA
84,9334,Podoloji,Fizyoterapi ve Rehabilitasyon,8344,SAY
84,9334,Podoloji,Hemşirelik,3204,SAY
84,9334,Podoloji,Sağlık Yönetimi,6298,EA
84,9334,Podoloji,Ekonomi ve Finans,5105,EA
84,9334,Podoloji,Gayrimenkul Geliştirme ve Yönetimi,9459,EA
84,9334,Podoloji,İşletme,3226,EA
84,9334,Podoloji,Tapu Kadastro,9288,EA
84,1156,Emlak ve Emlak Yönetimi,Fizyoterapi ve Rehabilitasyon,8344,SAY
84,1156,Emlak ve Emlak Yönetimi,Hemşirelik,3204,SAY
84,1156,Emlak ve Emlak Yönetimi,Sağlık Yönetimi,6298,EA
84,1156,Emlak ve Emlak Yönetimi,Ekonomi ve Finans,5105,EA
84,1156,Emlak ve Emlak Yönetimi,Gayrimenkul Geliştirme ve Yönetimi,9459,EA
84,1156,Emlak ve Emlak Yönetimi,İşletme,3226,EA
84,1156,Emlak ve Emlak Yönetimi,Tapu Kadastro,9288,EA
84,1383,Emlak Yönetimi,Fizyoterapi ve Rehabilitasyon,8344,SAY
84,1383,Emlak Yönetimi,Hemşirelik,3204,SAY
84,1383,Emlak Yönetimi,Sağlık Yönetimi,6298,EA
84,1383,Emlak Yönetimi,Ekonomi ve Finans,5105,EA
84,1383,Emlak Yönetimi,Gayrimenkul Geliştirme ve Yönetimi,9459,EA
84,1383,Emlak Yönetimi,İşletme,3226,EA
84,1383,Emlak Yönetimi,Tapu Kadastro,9288,EA
85,1157,Emtia Borsası,Ekonomi,3159,EA
85,1157,Emtia Borsası,Ekonomi ve Finans,5105,EA
85,1157,Emtia Borsası,İktisat,3213,EA
85,1157,Emtia Borsası,İSLAM İKTİSADI VE FİNANS,1425,EA
85,1157,Emtia Borsası,İşletme,3226,EA
85,1157,Emtia Borsası,Lojistik Yönetimi,8222,EA
85,1157,Emtia Borsası,Sermaye Piyasası,3302,EA
85,1157,Emtia Borsası,Uluslararası İşletme Yönetimi,4391,EA
85,1157,Emtia Borsası,Uluslararası Ticaret,3355,EA
85,1157,Emtia Borsası,Uluslararası Ticaret ve Finansman,5131,EA
85,1157,Emtia Borsası,Uluslararası Ticaret ve İşletmecilik,3356,EA
85,1157,Emtia Borsası,Uluslararası Ticaret ve Lojistik,9009,EA
86,1158,Endüstri Bitkileri Yetiştirme ve Değerlendirme,Bahçe Bitkileri,8147,SAY
86,1158,Endüstri Bitkileri Yetiştirme ve Değerlendirme,Tarla Bitkileri,3385,SAY
86,9059,Endüstriyel Bitkiler Yetiştiriciliği,Bahçe Bitkileri,8147,SAY
86,9059,Endüstriyel Bitkiler Yetiştiriciliği,Tarla Bitkileri,3385,SAY
86,1169,Fındık Eksperliği,Bahçe Bitkileri,8147,SAY
86,1169,Fındık Eksperliği,Tarla Bitkileri,3385,SAY
87,9016,Endüstri Ürünleri Tasarımı,Endüstriyel Tasarım,3170,SAY
87,9016,Endüstri Ürünleri Tasarımı,Endüstriyel Tasarım Mühendisliği,9323,SAY
87,9016,Endüstri Ürünleri Tasarımı,Cam,8160,SÖZ
87,9016,Endüstri Ürünleri Tasarımı,Malzeme Bilimi ve Mühendisliği,5118,SAY
87,9016,Endüstri Ürünleri Tasarımı,Malzeme Bilimi ve Nanoteknoloji Mühendisliği,9305,SAY
87,9016,Endüstri Ürünleri Tasarımı,Nanobilim ve Nanoteknoloji,9481,SAY
87,9016,Endüstri Ürünleri Tasarımı,Nanoteknoloji Mühendisliği,9389,SAY
87,9016,Endüstri Ürünleri Tasarımı,Seramik,7189,EA
87,9016,Endüstri Ürünleri Tasarımı,Seramik ve Cam,7179,SÖZ
87,6161,Endüstriyel Tasarım,Endüstriyel Tasarım,3170,SAY
87,6161,Endüstriyel Tasarım,Endüstriyel Tasarım Mühendisliği,9323,SAY
87,6161,Endüstriyel Tasarım,Cam,8160,SÖZ
87,6161,Endüstriyel Tasarım,Malzeme Bilimi ve Mühendisliği,5118,SAY
87,6161,Endüstriyel Tasarım,Malzeme Bilimi ve Nanoteknoloji Mühendisliği,9305,SAY
87,6161,Endüstriyel Tasarım,Nanobilim ve Nanoteknoloji,9481,SAY
87,6161,Endüstriyel Tasarım,Nanoteknoloji Mühendisliği,9389,SAY
87,6161,Endüstriyel Tasarım,Seramik,7189,EA
87,6161,Endüstriyel Tasarım,Seramik ve Cam,7179,SÖZ
87,9028,Endüstriyel Cam ve Seramik,Endüstriyel Tasarım,3170,SAY
87,9028,Endüstriyel Cam ve Seramik,Endüstriyel Tasarım Mühendisliği,9323,SAY
87,9028,Endüstriyel Cam ve Seramik,Cam,8160,SÖZ
87,9028,Endüstriyel Cam ve Seramik,Malzeme Bilimi ve Mühendisliği,5118,SAY
87,9028,Endüstriyel Cam ve Seramik,Malzeme Bilimi ve Nanoteknoloji Mühendisliği,9305,SAY
87,9028,Endüstriyel Cam ve Seramik,Nanobilim ve Nanoteknoloji,9481,SAY
87,9028,Endüstriyel Cam ve Seramik,Nanoteknoloji Mühendisliği,9389,SAY
87,9028,Endüstriyel Cam ve Seramik,Seramik,7189,EA
87,9028,Endüstriyel Cam ve Seramik,Seramik ve Cam,7179,SÖZ
87,5331,Endüstriyel Seramik,Endüstriyel Tasarım,3170,SAY
87,5331,Endüstriyel Seramik,Endüstriyel Tasarım Mühendisliği,9323,SAY
87,5331,Endüstriyel Seramik,Cam,8160,SÖZ
87,5331,Endüstriyel Seramik,Malzeme Bilimi ve Mühendisliği,5118,SAY
87,5331,Endüstriyel Seramik,Malzeme Bilimi ve Nanoteknoloji Mühendisliği,9305,SAY
87,5331,Endüstriyel Seramik,Nanobilim ve Nanoteknoloji,9481,SAY
87,5331,Endüstriyel Seramik,Nanoteknoloji Mühendisliği,9389,SAY
87,5331,Endüstriyel Seramik,Seramik,7189,EA
87,5331,Endüstriyel Seramik,Seramik ve Cam,7179,SÖZ
88,1159,Endüstriyel Elektronik,Biyomedikal Mühendisliği,3134,SAY
88,1159,Endüstriyel Elektronik,Elektrik-Elektronik Mühendisliği,3162,SAY
88,1159,Endüstriyel Elektronik,Elektronik Mühendisliği,3163,SAY
88,1159,Endüstriyel Elektronik,Elektronik ve Haberleşme Mühendisliği,3166,SAY
88,1159,Endüstriyel Elektronik,Enerji Sistemleri Mühendisliği,8319,SAY
88,1159,Endüstriyel Elektronik,Havacılık Elektrik ve Elektroniği,3200,SAY
88,1159,Endüstriyel Elektronik,Uçak Elektrik ve Elektroniği,1418,SAY
89,9239,Endüstriyel Hammaddeler İşleme Teknolojisi,Endüstriyel Tasarım,3170,SAY
89,9239,Endüstriyel Hammaddeler İşleme Teknolojisi,Endüstriyel Tasarım Mühendisliği,9323,SAY
89,9239,Endüstriyel Hammaddeler İşleme Teknolojisi,İmalat Mühendisliği,5114,SAY
89,9239,Endüstriyel Hammaddeler İşleme Teknolojisi,Makine Mühendisliği,3252,SAY
89,9239,Endüstriyel Hammaddeler İşleme Teknolojisi,Malzeme Bilimi ve Mühendisliği,5118,SAY
89,9239,Endüstriyel Hammaddeler İşleme Teknolojisi,Metalurji ve Malzeme Mühendisliği,3261,SAY
90,5330,Endüstriyel Otomasyon,Elektrik Mühendisliği,3160,SAY
90,5330,Endüstriyel Otomasyon,Elektrik-Elektronik Mühendisliği,3162,SAY
90,5330,Endüstriyel Otomasyon,Elektronik Mühendisliği,3163,SAY
90,5330,Endüstriyel Otomasyon,Elektronik ve Haberleşme Mühendisliği,3166,SAY
90,5330,Endüstriyel Otomasyon,Havacılık Elektrik ve Elektroniği,3200,SAY
90,5330,Endüstriyel Otomasyon,Makine Mühendisliği,3252,SAY
90,5330,Endüstriyel Otomasyon,Mekatronik Mühendisliği,5119,SAY
90,5330,Endüstriyel Otomasyon,Uçak Elektrik ve Elektroniği,1418,SAY
90,1160,Endüstriyel Otomasyon Teknolojisi,Elektrik Mühendisliği,3160,SAY
90,1160,Endüstriyel Otomasyon Teknolojisi,Elektrik-Elektronik Mühendisliği,3162,SAY
90,1160,Endüstriyel Otomasyon Teknolojisi,Elektronik Mühendisliği,3163,SAY
90,1160,Endüstriyel Otomasyon Teknolojisi,Elektronik ve Haberleşme Mühendisliği,3166,SAY
90,1160,Endüstriyel Otomasyon Teknolojisi,Havacılık Elektrik ve Elektroniği,3200,SAY
90,1160,Endüstriyel Otomasyon Teknolojisi,Makine Mühendisliği,3252,SAY
90,1160,Endüstriyel Otomasyon Teknolojisi,Mekatronik Mühendisliği,5119,SAY
90,1160,Endüstriyel Otomasyon Teknolojisi,Uçak Elektrik ve Elektroniği,1418,SAY
91,5330,Endüstriyel Otomasyon *,Gemi İnşaatı ve Gemi Makineleri Mühendisliği,8322,SAY
91,5330,Endüstriyel Otomasyon *,Makine Mühendisliği,3252,SAY
91,5330,Endüstriyel Otomasyon *,Otomotiv Mühendisliği,8333,SAY
92,1162,Endüstriyel Tavukçuluk,Hayvansal Üretim ve Teknolojileri,9455,SAY
92,1162,Endüstriyel Tavukçuluk,Kanatlı Hayvan Yetiştiriciliği,9429,SAY
92,1162,Endüstriyel Tavukçuluk,Zootekni,8289,SAY
92,1215,Kanatlı Hayvan Yetiştiriciliği,Hayvansal Üretim ve Teknolojileri,9455,SAY
92,1215,Kanatlı Hayvan Yetiştiriciliği,Kanatlı Hayvan Yetiştiriciliği,9429,SAY
92,1215,Kanatlı Hayvan Yetiştiriciliği,Zootekni,8289,SAY
93,1163,Endüstriyel Yönetim,Çalışma Ekonomisi ve Endüstri İlişkileri,3141,EA
93,1163,Endüstriyel Yönetim,Ekonomi ve Finans,5105,EA
93,1163,Endüstriyel Yönetim,İşletme,3226,EA
93,1163,Endüstriyel Yönetim,Lojistik Yönetimi,8222,EA
93,1163,Endüstriyel Yönetim,Uluslararası İşletme Yönetimi,4391,EA
94,4256,Enerji,Enerji Sistemleri Mühendisliği,8319,SAY
94,4256,Enerji,Enerji Yönetimi,9402,EA
94,4256,Enerji,Maden Mühendisliği,3251,SAY
94,4256,Enerji,Makine Mühendisliği,3252,SAY
94,4256,Enerji,Petrol ve Doğalgaz Mühendisliği,3281,SAY
95,9230,Enerji Tesisleri İşletmeciliği,Ekonomi,3159,EA
95,9230,Enerji Tesisleri İşletmeciliği,Ekonomi ve Finans,5105,EA
95,9230,Enerji Tesisleri İşletmeciliği,İktisat,3213,EA
95,9230,Enerji Tesisleri İşletmeciliği,İSLAM İKTİSADI VE FİNANS,1425,EA
95,9230,Enerji Tesisleri İşletmeciliği,İşletme,3226,EA
95,9230,Enerji Tesisleri İşletmeciliği,Lojistik Yönetimi,8222,EA
95,9230,Enerji Tesisleri İşletmeciliği,Pazarlama,8334,EA
95,9230,Enerji Tesisleri İşletmeciliği,Uluslararası İşletme Yönetimi,4391,EA
95,9230,Enerji Tesisleri İşletmeciliği,Uluslararası Ticaret ve İşletmecilik,3356,EA
96,9322,Engelli Bakımı ve Rehabilitasyon,Acil Yardım ve Afet Yönetimi,8342,SAY
96,9322,Engelli Bakımı ve Rehabilitasyon,Ergoterapi,9225,SAY
96,9322,Engelli Bakımı ve Rehabilitasyon,Fizyoterapi ve Rehabilitasyon,8344,SAY
96,9322,Engelli Bakımı ve Rehabilitasyon,Hemşirelik,3204,SAY
96,9322,Engelli Bakımı ve Rehabilitasyon,Özel Eğitim Öğretmenliği,8136,SÖZ
96,9322,Engelli Bakımı ve Rehabilitasyon,Sağlık Yönetimi,6298,EA
96,9322,Engelli Bakımı ve Rehabilitasyon,Sosyal Hizmet,6318,EA
97,1411,Engelliler İçin Destek Programı,Çocuk Gelişimi,4235,EA
97,1411,Engelliler İçin Destek Programı,Özel Eğitim Öğretmenliği,8136,SÖZ
97,1411,Engelliler İçin Destek Programı,Çini Tasarımı ve Onarımı,1404,SÖZ
97,1411,Engelliler İçin Destek Programı,El Sanatları,9344,SÖZ
97,1411,Engelliler İçin Destek Programı,Geleneksel Türk Sanatları,8321,SÖZ
97,1411,Engelliler İçin Destek Programı,İç Mimarlık,3211,SAY
97,1411,Engelliler İçin Destek Programı,İç Mimarlık ve Çevre Tasarımı,3212,EA
97,1411,Engelliler İçin Destek Programı,Kültür Varlıklarını Koruma ve Onarım,9141,EA
97,1411,Engelliler İçin Destek Programı,Mimarlık,3263,SAY
97,1411,Engelliler İçin Destek Programı,Tezhip Sanatı,1414,SÖZ
97,1439,Engelliler İçin Gölge Öğreticilik,Çocuk Gelişimi,4235,EA
97,1439,Engelliler İçin Gölge Öğreticilik,Özel Eğitim Öğretmenliği,8136,SÖZ
97,1439,Engelliler İçin Gölge Öğreticilik,Çini Tasarımı ve Onarımı,1404,SÖZ
97,1439,Engelliler İçin Gölge Öğreticilik,El Sanatları,9344,SÖZ
97,1439,Engelliler İçin Gölge Öğreticilik,Geleneksel Türk Sanatları,8321,SÖZ
97,1439,Engelliler İçin Gölge Öğreticilik,İç Mimarlık,3211,SAY
97,1439,Engelliler İçin Gölge Öğreticilik,İç Mimarlık ve Çevre Tasarımı,3212,EA
97,1439,Engelliler İçin Gölge Öğreticilik,Kültür Varlıklarını Koruma ve Onarım,9141,EA
97,1439,Engelliler İçin Gölge Öğreticilik,Mimarlık,3263,SAY
97,1439,Engelliler İçin Gölge Öğreticilik,Tezhip Sanatı,1414,SÖZ
97,9109,Eser Koruma,Çocuk Gelişimi,4235,EA
97,9109,Eser Koruma,Özel Eğitim Öğretmenliği,8136,SÖZ
97,9109,Eser Koruma,Çini Tasarımı ve Onarımı,1404,SÖZ
97,9109,Eser Koruma,El Sanatları,9344,SÖZ
97,9109,Eser Koruma,Geleneksel Türk Sanatları,8321,SÖZ
97,9109,Eser Koruma,İç Mimarlık,3211,SAY
97,9109,Eser Koruma,İç Mimarlık ve Çevre Tasarımı,3212,EA
97,9109,Eser Koruma,Kültür Varlıklarını Koruma ve Onarım,9141,EA
97,9109,Eser Koruma,Mimarlık,3263,SAY
97,9109,Eser Koruma,Tezhip Sanatı,1414,SÖZ
97,8613,Mimari Restorasyon,Çocuk Gelişimi,4235,EA
97,8613,Mimari Restorasyon,Özel Eğitim Öğretmenliği,8136,SÖZ
97,8613,Mimari Restorasyon,Çini Tasarımı ve Onarımı,1404,SÖZ
97,8613,Mimari Restorasyon,El Sanatları,9344,SÖZ
97,8613,Mimari Restorasyon,Geleneksel Türk Sanatları,8321,SÖZ
97,8613,Mimari Restorasyon,İç Mimarlık,3211,SAY
97,8613,Mimari Restorasyon,İç Mimarlık ve Çevre Tasarımı,3212,EA
97,8613,Mimari Restorasyon,Kültür Varlıklarını Koruma ve Onarım,9141,EA
97,8613,Mimari Restorasyon,Mimarlık,3263,SAY
97,8613,Mimari Restorasyon,Tezhip Sanatı,1414,SÖZ
97,1290,Restorasyon,Çocuk Gelişimi,4235,EA
97,1290,Restorasyon,Özel Eğitim Öğretmenliği,8136,SÖZ
97,1290,Restorasyon,Çini Tasarımı ve Onarımı,1404,SÖZ
97,1290,Restorasyon,El Sanatları,9344,SÖZ
97,1290,Restorasyon,Geleneksel Türk Sanatları,8321,SÖZ
97,1290,Restorasyon,İç Mimarlık,3211,SAY
97,1290,Restorasyon,İç Mimarlık ve Çevre Tasarımı,3212,EA
97,1290,Restorasyon,Kültür Varlıklarını Koruma ve Onarım,9141,EA
97,1290,Restorasyon,Mimarlık,3263,SAY
97,1290,Restorasyon,Tezhip Sanatı,1414,SÖZ
97,1291,Restorasyon ve Konservasyon,Çocuk Gelişimi,4235,EA
97,1291,Restorasyon ve Konservasyon,Özel Eğitim Öğretmenliği,8136,SÖZ
97,1291,Restorasyon ve Konservasyon,Çini Tasarımı ve Onarımı,1404,SÖZ
97,1291,Restorasyon ve Konservasyon,El Sanatları,9344,SÖZ
97,1291,Restorasyon ve Konservasyon,Geleneksel Türk Sanatları,8321,SÖZ
97,1291,Restorasyon ve Konservasyon,İç Mimarlık,3211,SAY
97,1291,Restorasyon ve Konservasyon,İç Mimarlık ve Çevre Tasarımı,3212,EA
97,1291,Restorasyon ve Konservasyon,Kültür Varlıklarını Koruma ve Onarım,9141,EA
97,1291,Restorasyon ve Konservasyon,Mimarlık,3263,SAY
97,1291,Restorasyon ve Konservasyon,Tezhip Sanatı,1414,SÖZ
98,1164,Et Endüstrisi,Beslenme ve Diyetetik,3122,SAY
98,1164,Et Endüstrisi,Gıda Mühendisliği,3191,SAY
98,1164,Et Endüstrisi,Gıda Teknolojisi,4271,SAY
98,1164,Et Endüstrisi,Hayvansal Üretim ve Teknolojileri,9455,SAY
98,1164,Et Endüstrisi,Tarımsal Biyoteknoloji,9106,SAY
98,9033,Et ve Ürünleri Teknolojisi,Beslenme ve Diyetetik,3122,SAY
98,9033,Et ve Ürünleri Teknolojisi,Gıda Mühendisliği,3191,SAY
98,9033,Et ve Ürünleri Teknolojisi,Gıda Teknolojisi,4271,SAY
98,9033,Et ve Ürünleri Teknolojisi,Hayvansal Üretim ve Teknolojileri,9455,SAY
98,9033,Et ve Ürünleri Teknolojisi,Tarımsal Biyoteknoloji,9106,SAY
98,8540,Kesim ve Et / Kesim ve Et Endüstrisi,Beslenme ve Diyetetik,3122,SAY
98,8540,Kesim ve Et / Kesim ve Et Endüstrisi,Gıda Mühendisliği,3191,SAY
98,8540,Kesim ve Et / Kesim ve Et Endüstrisi,Gıda Teknolojisi,4271,SAY
98,8540,Kesim ve Et / Kesim ve Et Endüstrisi,Hayvansal Üretim ve Teknolojileri,9455,SAY
98,8540,Kesim ve Et / Kesim ve Et Endüstrisi,Tarımsal Biyoteknoloji,9106,SAY
99,1165,Ev Cihazları Teknolojisi,Elektrik-Elektronik Mühendisliği,3162,SAY
99,1165,Ev Cihazları Teknolojisi,Elektronik Mühendisliği,3163,SAY
99,1165,Ev Cihazları Teknolojisi,Yiyecek ve İçecek İşletmeciliği,8288,EA
99,1165,Ev Cihazları Teknolojisi,Moda Tasarımı,3266,EA
99,1165,Ev Cihazları Teknolojisi,Tekstil,7180,SÖZ
99,1165,Ev Cihazları Teknolojisi,Tekstil Mühendisliği,3328,SAY
99,1165,Ev Cihazları Teknolojisi,Tekstil Tasarımı,7181,EA
99,1165,Ev Cihazları Teknolojisi,Tekstil ve Moda Tasarımı,7169,EA
99,5333,Ev Gereçleri,Elektrik-Elektronik Mühendisliği,3162,SAY
99,5333,Ev Gereçleri,Elektronik Mühendisliği,3163,SAY
99,5333,Ev Gereçleri,Yiyecek ve İçecek İşletmeciliği,8288,EA
99,5333,Ev Gereçleri,Moda Tasarımı,3266,EA
99,5333,Ev Gereçleri,Tekstil,7180,SÖZ
99,5333,Ev Gereçleri,Tekstil Mühendisliği,3328,SAY
99,5333,Ev Gereçleri,Tekstil Tasarımı,7181,EA
99,5333,Ev Gereçleri,Tekstil ve Moda Tasarımı,7169,EA
99,2105,Ev İdaresi,Elektrik-Elektronik Mühendisliği,3162,SAY
99,2105,Ev İdaresi,Elektronik Mühendisliği,3163,SAY
99,2105,Ev İdaresi,Yiyecek ve İçecek İşletmeciliği,8288,EA
99,2105,Ev İdaresi,Moda Tasarımı,3266,EA
99,2105,Ev İdaresi,Tekstil,7180,SÖZ
99,2105,Ev İdaresi,Tekstil Mühendisliği,3328,SAY
99,2105,Ev İdaresi,Tekstil Tasarımı,7181,EA
99,2105,Ev İdaresi,Tekstil ve Moda Tasarımı,7169,EA
99,1259,Ev Tekstili Tasarımı,Elektrik-Elektronik Mühendisliği,3162,SAY
99,1259,Ev Tekstili Tasarımı,Elektronik Mühendisliği,3163,SAY
99,1259,Ev Tekstili Tasarımı,Yiyecek ve İçecek İşletmeciliği,8288,EA
99,1259,Ev Tekstili Tasarımı,Moda Tasarımı,3266,EA
99,1259,Ev Tekstili Tasarımı,Tekstil,7180,SÖZ
99,1259,Ev Tekstili Tasarımı,Tekstil Mühendisliği,3328,SAY
99,1259,Ev Tekstili Tasarımı,Tekstil Tasarımı,7181,EA
99,1259,Ev Tekstili Tasarımı,Tekstil ve Moda Tasarımı,7169,EA
99,9502,Giyim Öğretmenliği,Elektrik-Elektronik Mühendisliği,3162,SAY
99,9502,Giyim Öğretmenliği,Elektronik Mühendisliği,3163,SAY
99,9502,Giyim Öğretmenliği,Yiyecek ve İçecek İşletmeciliği,8288,EA
99,9502,Giyim Öğretmenliği,Moda Tasarımı,3266,EA
99,9502,Giyim Öğretmenliği,Tekstil,7180,SÖZ
99,9502,Giyim Öğretmenliği,Tekstil Mühendisliği,3328,SAY
99,9502,Giyim Öğretmenliği,Tekstil Tasarımı,7181,EA
99,9502,Giyim Öğretmenliği,Tekstil ve Moda Tasarımı,7169,EA
99,9105,Giyim Üretim Teknolojisi,Elektrik-Elektronik Mühendisliği,3162,SAY
99,9105,Giyim Üretim Teknolojisi,Elektronik Mühendisliği,3163,SAY
99,9105,Giyim Üretim Teknolojisi,Yiyecek ve İçecek İşletmeciliği,8288,EA
99,9105,Giyim Üretim Teknolojisi,Moda Tasarımı,3266,EA
99,9105,Giyim Üretim Teknolojisi,Tekstil,7180,SÖZ
99,9105,Giyim Üretim Teknolojisi,Tekstil Mühendisliği,3328,SAY
99,9105,Giyim Üretim Teknolojisi,Tekstil Tasarımı,7181,EA
99,9105,Giyim Üretim Teknolojisi,Tekstil ve Moda Tasarımı,7169,EA
99,1195,Hazır Giyim,Elektrik-Elektronik Mühendisliği,3162,SAY
99,1195,Hazır Giyim,Elektronik Mühendisliği,3163,SAY
99,1195,Hazır Giyim,Yiyecek ve İçecek İşletmeciliği,8288,EA
99,1195,Hazır Giyim,Moda Tasarımı,3266,EA
99,1195,Hazır Giyim,Tekstil,7180,SÖZ
99,1195,Hazır Giyim,Tekstil Mühendisliği,3328,SAY
99,1195,Hazır Giyim,Tekstil Tasarımı,7181,EA
99,1195,Hazır Giyim,Tekstil ve Moda Tasarımı,7169,EA
99,1455,KENEVİR DOKUMA TEZGAHTARLIĞI,Elektrik-Elektronik Mühendisliği,3162,SAY
99,1455,KENEVİR DOKUMA TEZGAHTARLIĞI,Elektronik Mühendisliği,3163,SAY
99,1455,KENEVİR DOKUMA TEZGAHTARLIĞI,Yiyecek ve İçecek İşletmeciliği,8288,EA
99,1455,KENEVİR DOKUMA TEZGAHTARLIĞI,Moda Tasarımı,3266,EA
99,1455,KENEVİR DOKUMA TEZGAHTARLIĞI,Tekstil,7180,SÖZ
99,1455,KENEVİR DOKUMA TEZGAHTARLIĞI,Tekstil Mühendisliği,3328,SAY
99,1455,KENEVİR DOKUMA TEZGAHTARLIĞI,Tekstil Tasarımı,7181,EA
99,1455,KENEVİR DOKUMA TEZGAHTARLIĞI,Tekstil ve Moda Tasarımı,7169,EA
99,1482,KENEVİR DOKUMACILIĞI,Elektrik-Elektronik Mühendisliği,3162,SAY
99,1482,KENEVİR DOKUMACILIĞI,Elektronik Mühendisliği,3163,SAY
99,1482,KENEVİR DOKUMACILIĞI,Yiyecek ve İçecek İşletmeciliği,8288,EA
99,1482,KENEVİR DOKUMACILIĞI,Moda Tasarımı,3266,EA
99,1482,KENEVİR DOKUMACILIĞI,Tekstil,7180,SÖZ
99,1482,KENEVİR DOKUMACILIĞI,Tekstil Mühendisliği,3328,SAY
99,1482,KENEVİR DOKUMACILIĞI,Tekstil Tasarımı,7181,EA
99,1482,KENEVİR DOKUMACILIĞI,Tekstil ve Moda Tasarımı,7169,EA
99,1220,Konfeksiyon (Hazır Giyim) / Konfeksiyon,Elektrik-Elektronik Mühendisliği,3162,SAY
99,1220,Konfeksiyon (Hazır Giyim) / Konfeksiyon,Elektronik Mühendisliği,3163,SAY
99,1220,Konfeksiyon (Hazır Giyim) / Konfeksiyon,Yiyecek ve İçecek İşletmeciliği,8288,EA
99,1220,Konfeksiyon (Hazır Giyim) / Konfeksiyon,Moda Tasarımı,3266,EA
99,1220,Konfeksiyon (Hazır Giyim) / Konfeksiyon,Tekstil,7180,SÖZ
99,1220,Konfeksiyon (Hazır Giyim) / Konfeksiyon,Tekstil Mühendisliği,3328,SAY
99,1220,Konfeksiyon (Hazır Giyim) / Konfeksiyon,Tekstil Tasarımı,7181,EA
99,1220,Konfeksiyon (Hazır Giyim) / Konfeksiyon,Tekstil ve Moda Tasarımı,7169,EA
99,1264,Örme,Elektrik-Elektronik Mühendisliği,3162,SAY
99,1264,Örme,Elektronik Mühendisliği,3163,SAY
99,1264,Örme,Yiyecek ve İçecek İşletmeciliği,8288,EA
99,1264,Örme,Moda Tasarımı,3266,EA
99,1264,Örme,Tekstil,7180,SÖZ
99,1264,Örme,Tekstil Mühendisliği,3328,SAY
99,1264,Örme,Tekstil Tasarımı,7181,EA
99,1264,Örme,Tekstil ve Moda Tasarımı,7169,EA
99,1323,Tekstil,Elektrik-Elektronik Mühendisliği,3162,SAY
99,1323,Tekstil,Elektronik Mühendisliği,3163,SAY
99,1323,Tekstil,Yiyecek ve İçecek İşletmeciliği,8288,EA
99,1323,Tekstil,Moda Tasarımı,3266,EA
99,1323,Tekstil,Tekstil,7180,SÖZ
99,1323,Tekstil,Tekstil Mühendisliği,3328,SAY
99,1323,Tekstil,Tekstil Tasarımı,7181,EA
99,1323,Tekstil,Tekstil ve Moda Tasarımı,7169,EA
99,1324,Tekstil Baskı,Elektrik-Elektronik Mühendisliği,3162,SAY
99,1324,Tekstil Baskı,Elektronik Mühendisliği,3163,SAY
99,1324,Tekstil Baskı,Yiyecek ve İçecek İşletmeciliği,8288,EA
99,1324,Tekstil Baskı,Moda Tasarımı,3266,EA
99,1324,Tekstil Baskı,Tekstil,7180,SÖZ
99,1324,Tekstil Baskı,Tekstil Mühendisliği,3328,SAY
99,1324,Tekstil Baskı,Tekstil Tasarımı,7181,EA
99,1324,Tekstil Baskı,Tekstil ve Moda Tasarımı,7169,EA
99,1325,Tekstil Dokuma,Elektrik-Elektronik Mühendisliği,3162,SAY
99,1325,Tekstil Dokuma,Elektronik Mühendisliği,3163,SAY
99,1325,Tekstil Dokuma,Yiyecek ve İçecek İşletmeciliği,8288,EA
99,1325,Tekstil Dokuma,Moda Tasarımı,3266,EA
99,1325,Tekstil Dokuma,Tekstil,7180,SÖZ
99,1325,Tekstil Dokuma,Tekstil Mühendisliği,3328,SAY
99,1325,Tekstil Dokuma,Tekstil Tasarımı,7181,EA
99,1325,Tekstil Dokuma,Tekstil ve Moda Tasarımı,7169,EA
99,1326,Tekstil İplikçilik,Elektrik-Elektronik Mühendisliği,3162,SAY
99,1326,Tekstil İplikçilik,Elektronik Mühendisliği,3163,SAY
99,1326,Tekstil İplikçilik,Yiyecek ve İçecek İşletmeciliği,8288,EA
99,1326,Tekstil İplikçilik,Moda Tasarımı,3266,EA
99,1326,Tekstil İplikçilik,Tekstil,7180,SÖZ
99,1326,Tekstil İplikçilik,Tekstil Mühendisliği,3328,SAY
99,1326,Tekstil İplikçilik,Tekstil Tasarımı,7181,EA
99,1326,Tekstil İplikçilik,Tekstil ve Moda Tasarımı,7169,EA
99,9019,Tekstil Teknolojisi,Elektrik-Elektronik Mühendisliği,3162,SAY
99,9019,Tekstil Teknolojisi,Elektronik Mühendisliği,3163,SAY
99,9019,Tekstil Teknolojisi,Yiyecek ve İçecek İşletmeciliği,8288,EA
99,9019,Tekstil Teknolojisi,Moda Tasarımı,3266,EA
99,9019,Tekstil Teknolojisi,Tekstil,7180,SÖZ
99,9019,Tekstil Teknolojisi,Tekstil Mühendisliği,3328,SAY
99,9019,Tekstil Teknolojisi,Tekstil Tasarımı,7181,EA
99,9019,Tekstil Teknolojisi,Tekstil ve Moda Tasarımı,7169,EA
100,9008,Evde Hasta Bakımı,Acil Yardım ve Afet Yönetimi,8342,SAY
100,9008,Evde Hasta Bakımı,Beslenme ve Diyetetik,3122,SAY
100,9008,Evde Hasta Bakımı,Fizyoterapi ve Rehabilitasyon,8344,SAY
100,9008,Evde Hasta Bakımı,Gerontoloji,9151,SAY
100,9008,Evde Hasta Bakımı,Hemşirelik,3204,SAY
100,9008,Evde Hasta Bakımı,Sağlık Yönetimi,6298,EA
100,9008,Evde Hasta Bakımı,Sosyal Hizmet,6318,EA
100,1437,Hasta Bakımı,Acil Yardım ve Afet Yönetimi,8342,SAY
100,1437,Hasta Bakımı,Beslenme ve Diyetetik,3122,SAY
100,1437,Hasta Bakımı,Fizyoterapi ve Rehabilitasyon,8344,SAY
100,1437,Hasta Bakımı,Gerontoloji,9151,SAY
100,1437,Hasta Bakımı,Hemşirelik,3204,SAY
100,1437,Hasta Bakımı,Sağlık Yönetimi,6298,EA
100,1437,Hasta Bakımı,Sosyal Hizmet,6318,EA
100,4403,Yaşlı Bakım Hizmetleri,Acil Yardım ve Afet Yönetimi,8342,SAY
100,4403,Yaşlı Bakım Hizmetleri,Beslenme ve Diyetetik,3122,SAY
100,4403,Yaşlı Bakım Hizmetleri,Fizyoterapi ve Rehabilitasyon,8344,SAY
100,4403,Yaşlı Bakım Hizmetleri,Gerontoloji,9151,SAY
100,4403,Yaşlı Bakım Hizmetleri,Hemşirelik,3204,SAY
100,4403,Yaşlı Bakım Hizmetleri,Sağlık Yönetimi,6298,EA
100,4403,Yaşlı Bakım Hizmetleri,Sosyal Hizmet,6318,EA
100,9080,Yaşlı Bakımı,Acil Yardım ve Afet Yönetimi,8342,SAY
100,9080,Yaşlı Bakımı,Beslenme ve Diyetetik,3122,SAY
100,9080,Yaşlı Bakımı,Fizyoterapi ve Rehabilitasyon,8344,SAY
100,9080,Yaşlı Bakımı,Gerontoloji,9151,SAY
100,9080,Yaşlı Bakımı,Hemşirelik,3204,SAY
100,9080,Yaşlı Bakımı,Sağlık Yönetimi,6298,EA
100,9080,Yaşlı Bakımı,Sosyal Hizmet,6318,EA
100,8647,Yaşlı Hizmetleri Bakımı,Acil Yardım ve Afet Yönetimi,8342,SAY
100,8647,Yaşlı Hizmetleri Bakımı,Beslenme ve Diyetetik,3122,SAY
100,8647,Yaşlı Hizmetleri Bakımı,Fizyoterapi ve Rehabilitasyon,8344,SAY
100,8647,Yaşlı Hizmetleri Bakımı,Gerontoloji,9151,SAY
100,8647,Yaşlı Hizmetleri Bakımı,Hemşirelik,3204,SAY
100,8647,Yaşlı Hizmetleri Bakımı,Sağlık Yönetimi,6298,EA
100,8647,Yaşlı Hizmetleri Bakımı,Sosyal Hizmet,6318,EA
101,4259,Fen ve Tabiat Bilgisi,Biyoloji,3133,SAY
101,4259,Fen ve Tabiat Bilgisi,Biyomühendislik,3135,SAY
101,4259,Fen ve Tabiat Bilgisi,Biyoteknoloji,9266,SAY
101,4259,Fen ve Tabiat Bilgisi,Fizik,3182,SAY
101,4259,Fen ve Tabiat Bilgisi,Genetik ve Biyomühendislik,8195,SAY
101,4259,Fen ve Tabiat Bilgisi,Kimya,3240,SAY
101,4259,Fen ve Tabiat Bilgisi,Moleküler Biyoloji ve Genetik,3267,SAY
102,1166,Fermantasyon / Fermantasyon Teknikerliği,Gıda Mühendisliği,3191,SAY
102,1166,Fermantasyon / Fermantasyon Teknikerliği,Gıda Teknolojisi,4271,SAY
102,1166,Fermantasyon / Fermantasyon Teknikerliği,Kimya,3240,SAY
102,1166,Fermantasyon / Fermantasyon Teknikerliği,Gemi İnşaatı ve Gemi Makineleri Mühendisliği,8322,SAY
102,1166,Fermantasyon / Fermantasyon Teknikerliği,Gemi ve Yat Tasarımı,9259,SAY
102,1166,Fermantasyon / Fermantasyon Teknikerliği,İmalat Mühendisliği,5114,SAY
102,1166,Fermantasyon / Fermantasyon Teknikerliği,Makine Mühendisliği,3252,SAY
102,8525,Fermente Ürünler,Gıda Mühendisliği,3191,SAY
102,8525,Fermente Ürünler,Gıda Teknolojisi,4271,SAY
102,8525,Fermente Ürünler,Kimya,3240,SAY
102,8525,Fermente Ürünler,Gemi İnşaatı ve Gemi Makineleri Mühendisliği,8322,SAY
102,8525,Fermente Ürünler,Gemi ve Yat Tasarımı,9259,SAY
102,8525,Fermente Ürünler,İmalat Mühendisliği,5114,SAY
102,8525,Fermente Ürünler,Makine Mühendisliği,3252,SAY
102,1347,Yağ Endüstrisi,Gıda Mühendisliği,3191,SAY
102,1347,Yağ Endüstrisi,Gıda Teknolojisi,4271,SAY
102,1347,Yağ Endüstrisi,Kimya,3240,SAY
102,1347,Yağ Endüstrisi,Gemi İnşaatı ve Gemi Makineleri Mühendisliği,8322,SAY
102,1347,Yağ Endüstrisi,Gemi ve Yat Tasarımı,9259,SAY
102,1347,Yağ Endüstrisi,İmalat Mühendisliği,5114,SAY
102,1347,Yağ Endüstrisi,Makine Mühendisliği,3252,SAY
102,1499,FİBER TEKNE İMALATI VE KOMPOZİT KALIP TEKNOLOJİLERİ,Gıda Mühendisliği,3191,SAY
102,1499,FİBER TEKNE İMALATI VE KOMPOZİT KALIP TEKNOLOJİLERİ,Gıda Teknolojisi,4271,SAY
102,1499,FİBER TEKNE İMALATI VE KOMPOZİT KALIP TEKNOLOJİLERİ,Kimya,3240,SAY
102,1499,FİBER TEKNE İMALATI VE KOMPOZİT KALIP TEKNOLOJİLERİ,Gemi İnşaatı ve Gemi Makineleri Mühendisliği,8322,SAY
102,1499,FİBER TEKNE İMALATI VE KOMPOZİT KALIP TEKNOLOJİLERİ,Gemi ve Yat Tasarımı,9259,SAY
102,1499,FİBER TEKNE İMALATI VE KOMPOZİT KALIP TEKNOLOJİLERİ,İmalat Mühendisliği,5114,SAY
102,1499,FİBER TEKNE İMALATI VE KOMPOZİT KALIP TEKNOLOJİLERİ,Makine Mühendisliği,3252,SAY
102,1173,Gemi İnşaatı,Gıda Mühendisliği,3191,SAY
102,1173,Gemi İnşaatı,Gıda Teknolojisi,4271,SAY
102,1173,Gemi İnşaatı,Kimya,3240,SAY
102,1173,Gemi İnşaatı,Gemi İnşaatı ve Gemi Makineleri Mühendisliği,8322,SAY
102,1173,Gemi İnşaatı,Gemi ve Yat Tasarımı,9259,SAY
102,1173,Gemi İnşaatı,İmalat Mühendisliği,5114,SAY
102,1173,Gemi İnşaatı,Makine Mühendisliği,3252,SAY
103,1167,Fidan ve Fidecilik,Bahçe Bitkileri,8147,SAY
103,1167,Fidan ve Fidecilik,Orman Endüstrisi Mühendisliği,3276,SAY
103,1167,Fidan ve Fidecilik,Orman Mühendisliği,6277,SAY
103,1167,Fidan ve Fidecilik,Tarla Bitkileri,3385,SAY
103,1168,Fidan Yetiştirme / Fidan Yetiştiriciliği,Bahçe Bitkileri,8147,SAY
103,1168,Fidan Yetiştirme / Fidan Yetiştiriciliği,Orman Endüstrisi Mühendisliği,3276,SAY
103,1168,Fidan Yetiştirme / Fidan Yetiştiriciliği,Orman Mühendisliği,6277,SAY
103,1168,Fidan Yetiştirme / Fidan Yetiştiriciliği,Tarla Bitkileri,3385,SAY
104,5334,Film Yapım Teknikleri,Film Tasarımı ve Yazarlığı,1422,SÖZ
104,5334,Film Yapım Teknikleri,Film Tasarımı ve Yönetimi,1406,SÖZ
104,5334,Film Yapım Teknikleri,Film Tasarımı ve Yönetmenliği,1421,SÖZ
104,5334,Film Yapım Teknikleri,"Kurgu, Ses ve Görüntü Yönetimi",9156,SÖZ
104,5334,Film Yapım Teknikleri,"Radyo, Televizyon ve Sinema",3287,SÖZ
104,5334,Film Yapım Teknikleri,Sinema ve Dijital Medya,9309,SÖZ
104,5334,Film Yapım Teknikleri,Sinema ve Televizyon,3307,SÖZ
105,5335,Finans,Bankacılık,3117,EA
105,5335,Finans,Bankacılık ve Sigortacılık,3120,EA
105,5335,Finans,Çalışma Ekonomisi ve Endüstri İlişkileri,3141,EA
105,5335,Finans,Ekonomi ve Finans,5105,EA
105,5335,Finans,Finans ve Bankacılık,9371,EA
105,5335,Finans,İşletme,3226,EA
105,5335,Finans,Lojistik Yönetimi,8222,EA
105,5335,Finans,Muhasebe ve Finans Yönetimi,5123,EA
105,5335,Finans,Sermaye Piyasası,3302,EA
105,5335,Finans,Uluslararası Finans,6351,EA
105,5335,Finans,Uluslararası Finans ve Bankacılık,9353,EA
105,5335,Finans,Uluslararası İşletme Yönetimi,4391,EA
105,5335,Finans,Uluslararası Ticaret,3355,EA
105,5335,Finans,Uluslararası Ticaret ve Finansman,5131,EA
105,5335,Finans,Uluslararası Ticaret ve İşletmecilik,3356,EA
105,5335,Finans,Uluslararası Ticaret ve Lojistik,9009,EA
105,8526,Finans ve Muhasebe,Bankacılık,3117,EA
105,8526,Finans ve Muhasebe,Bankacılık ve Sigortacılık,3120,EA
105,8526,Finans ve Muhasebe,Çalışma Ekonomisi ve Endüstri İlişkileri,3141,EA
105,8526,Finans ve Muhasebe,Ekonomi ve Finans,5105,EA
105,8526,Finans ve Muhasebe,Finans ve Bankacılık,9371,EA
105,8526,Finans ve Muhasebe,İşletme,3226,EA
105,8526,Finans ve Muhasebe,Lojistik Yönetimi,8222,EA
105,8526,Finans ve Muhasebe,Muhasebe ve Finans Yönetimi,5123,EA
105,8526,Finans ve Muhasebe,Sermaye Piyasası,3302,EA
105,8526,Finans ve Muhasebe,Uluslararası Finans,6351,EA
105,8526,Finans ve Muhasebe,Uluslararası Finans ve Bankacılık,9353,EA
105,8526,Finans ve Muhasebe,Uluslararası İşletme Yönetimi,4391,EA
105,8526,Finans ve Muhasebe,Uluslararası Ticaret,3355,EA
105,8526,Finans ve Muhasebe,Uluslararası Ticaret ve Finansman,5131,EA
105,8526,Finans ve Muhasebe,Uluslararası Ticaret ve İşletmecilik,3356,EA
105,8526,Finans ve Muhasebe,Uluslararası Ticaret ve Lojistik,9009,EA
106,9799,"Finans, Bankacılık ve Sigortacılık",Aktüerya Bilimleri,5102,SAY
106,9799,"Finans, Bankacılık ve Sigortacılık",Bankacılık,3117,EA
106,9799,"Finans, Bankacılık ve Sigortacılık",Bankacılık ve Sigortacılık,3120,EA
106,9799,"Finans, Bankacılık ve Sigortacılık",Ekonometri,3158,EA
106,9799,"Finans, Bankacılık ve Sigortacılık",Ekonomi ve Finans,5105,EA
106,9799,"Finans, Bankacılık ve Sigortacılık",Finans ve Bankacılık,9371,EA
106,9799,"Finans, Bankacılık ve Sigortacılık",İşletme,3226,EA
106,9799,"Finans, Bankacılık ve Sigortacılık",Lojistik Yönetimi,8222,EA
106,9799,"Finans, Bankacılık ve Sigortacılık",Muhasebe ve Finans Yönetimi,5123,EA
106,9799,"Finans, Bankacılık ve Sigortacılık",Sigortacılık,3306,EA
106,9799,"Finans, Bankacılık ve Sigortacılık",Sigortacılık ve Risk Yönetimi,5127,EA
106,9799,"Finans, Bankacılık ve Sigortacılık",Sigortacılık ve Sosyal Güvenlik,9360,EA
106,9799,"Finans, Bankacılık ve Sigortacılık",Uluslararası Finans,6351,EA
106,9799,"Finans, Bankacılık ve Sigortacılık",Uluslararası Finans ve Bankacılık,9353,EA
106,9799,"Finans, Bankacılık ve Sigortacılık",Uluslararası İşletme Yönetimi,4391,EA
106,9799,"Finans, Bankacılık ve Sigortacılık",Uluslararası Ticaret ve Finansman,5131,EA
106,9799,"Finans, Bankacılık ve Sigortacılık",Uluslararası Ticaret ve İşletmecilik,3356,EA
106,1303,Sigortacılık,Aktüerya Bilimleri,5102,SAY
106,1303,Sigortacılık,Bankacılık,3117,EA
106,1303,Sigortacılık,Bankacılık ve Sigortacılık,3120,EA
106,1303,Sigortacılık,Ekonometri,3158,EA
106,1303,Sigortacılık,Ekonomi ve Finans,5105,EA
106,1303,Sigortacılık,Finans ve Bankacılık,9371,EA
106,1303,Sigortacılık,İşletme,3226,EA
106,1303,Sigortacılık,Lojistik Yönetimi,8222,EA
106,1303,Sigortacılık,Muhasebe ve Finans Yönetimi,5123,EA
106,1303,Sigortacılık,Sigortacılık,3306,EA
106,1303,Sigortacılık,Sigortacılık ve Risk Yönetimi,5127,EA
106,1303,Sigortacılık,Sigortacılık ve Sosyal Güvenlik,9360,EA
106,1303,Sigortacılık,Uluslararası Finans,6351,EA
106,1303,Sigortacılık,Uluslararası Finans ve Bankacılık,9353,EA
106,1303,Sigortacılık,Uluslararası İşletme Yönetimi,4391,EA
106,1303,Sigortacılık,Uluslararası Ticaret ve Finansman,5131,EA
106,1303,Sigortacılık,Uluslararası Ticaret ve İşletmecilik,3356,EA
107,5336,Fizik Tedavi,Acil Yardım ve Afet Yönetimi,8342,SAY
107,5336,Fizik Tedavi,Ergoterapi,9225,SAY
107,5336,Fizik Tedavi,Fizyoterapi ve Rehabilitasyon,8344,SAY
107,5336,Fizik Tedavi,Hemşirelik,3204,SAY
107,5336,Fizik Tedavi,Sağlık Yönetimi,6298,EA
107,9279,Fizik Tedavi ve Rehabilitasyon,Acil Yardım ve Afet Yönetimi,8342,SAY
107,9279,Fizik Tedavi ve Rehabilitasyon,Ergoterapi,9225,SAY
107,9279,Fizik Tedavi ve Rehabilitasyon,Fizyoterapi ve Rehabilitasyon,8344,SAY
107,9279,Fizik Tedavi ve Rehabilitasyon,Hemşirelik,3204,SAY
107,9279,Fizik Tedavi ve Rehabilitasyon,Sağlık Yönetimi,6298,EA
107,4263,Fizyoterapi,Acil Yardım ve Afet Yönetimi,8342,SAY
107,4263,Fizyoterapi,Ergoterapi,9225,SAY
107,4263,Fizyoterapi,Fizyoterapi ve Rehabilitasyon,8344,SAY
107,4263,Fizyoterapi,Hemşirelik,3204,SAY
107,4263,Fizyoterapi,Sağlık Yönetimi,6298,EA
107,1198,Hidroterapi,Acil Yardım ve Afet Yönetimi,8342,SAY
107,1198,Hidroterapi,Ergoterapi,9225,SAY
107,1198,Hidroterapi,Fizyoterapi ve Rehabilitasyon,8344,SAY
107,1198,Hidroterapi,Hemşirelik,3204,SAY
107,1198,Hidroterapi,Sağlık Yönetimi,6298,EA
108,1170,Fotoğrafçılık,Basın ve Yayın,3121,SÖZ
108,1170,Fotoğrafçılık,Film Tasarımı ve Yazarlığı,1422,SÖZ
108,1170,Fotoğrafçılık,Film Tasarımı ve Yönetimi,1406,SÖZ
108,1170,Fotoğrafçılık,Film Tasarımı ve Yönetmenliği,1421,SÖZ
108,1170,Fotoğrafçılık,Fotoğraf,7158,SÖZ
108,1170,Fotoğrafçılık,Fotoğraf ve Video,7211,SÖZ
108,1170,Fotoğrafçılık,Gazetecilik,6188,SÖZ
108,1170,Fotoğrafçılık,Görsel İletişim Tasarımı,5109,SÖZ
108,1170,Fotoğrafçılık,Görsel Sanatlar,9162,SÖZ
108,1170,Fotoğrafçılık,Grafik,7160,EA
108,1170,Fotoğrafçılık,Grafik Sanatlar,7145,EA
108,1170,Fotoğrafçılık,Grafik Tasarımı,7162,EA
108,1170,Fotoğrafçılık,İletişim,3215,SÖZ
108,1170,Fotoğrafçılık,İletişim Bilimleri,8327,SÖZ
108,1170,Fotoğrafçılık,İletişim Tasarımı ve Yönetimi,9281,SÖZ
108,1170,Fotoğrafçılık,İletişim ve Tasarımı,1428,SÖZ
108,1170,Fotoğrafçılık,"Kurgu, Ses ve Görüntü Yönetimi",9156,SÖZ
108,1170,Fotoğrafçılık,Medya ve İletişim,8244,SÖZ
108,1170,Fotoğrafçılık,"Radyo, Televizyon ve Sinema",3287,SÖZ
108,1170,Fotoğrafçılık,Sinema ve Dijital Medya,9309,SÖZ
108,1170,Fotoğrafçılık,Sinema ve Televizyon,3307,SÖZ
108,1170,Fotoğrafçılık,Televizyon Haberciliği ve Programcılığı,8351,SÖZ
108,1170,Fotoğrafçılık,Yeni Medya,9142,SÖZ
108,1170,Fotoğrafçılık,Yeni Medya ve İletişim,9471,SÖZ
108,1171,Fotoğrafçılık ve Kameramanlık,Basın ve Yayın,3121,SÖZ
108,1171,Fotoğrafçılık ve Kameramanlık,Film Tasarımı ve Yazarlığı,1422,SÖZ
108,1171,Fotoğrafçılık ve Kameramanlık,Film Tasarımı ve Yönetimi,1406,SÖZ
108,1171,Fotoğrafçılık ve Kameramanlık,Film Tasarımı ve Yönetmenliği,1421,SÖZ
108,1171,Fotoğrafçılık ve Kameramanlık,Fotoğraf,7158,SÖZ
108,1171,Fotoğrafçılık ve Kameramanlık,Fotoğraf ve Video,7211,SÖZ
108,1171,Fotoğrafçılık ve Kameramanlık,Gazetecilik,6188,SÖZ
108,1171,Fotoğrafçılık ve Kameramanlık,Görsel İletişim Tasarımı,5109,SÖZ
108,1171,Fotoğrafçılık ve Kameramanlık,Görsel Sanatlar,9162,SÖZ
108,1171,Fotoğrafçılık ve Kameramanlık,Grafik,7160,EA
108,1171,Fotoğrafçılık ve Kameramanlık,Grafik Sanatlar,7145,EA
108,1171,Fotoğrafçılık ve Kameramanlık,Grafik Tasarımı,7162,EA
108,1171,Fotoğrafçılık ve Kameramanlık,İletişim,3215,SÖZ
108,1171,Fotoğrafçılık ve Kameramanlık,İletişim Bilimleri,8327,SÖZ
108,1171,Fotoğrafçılık ve Kameramanlık,İletişim Tasarımı ve Yönetimi,9281,SÖZ
108,1171,Fotoğrafçılık ve Kameramanlık,İletişim ve Tasarımı,1428,SÖZ
108,1171,Fotoğrafçılık ve Kameramanlık,"Kurgu, Ses ve Görüntü Yönetimi",9156,SÖZ
108,1171,Fotoğrafçılık ve Kameramanlık,Medya ve İletişim,8244,SÖZ
108,1171,Fotoğrafçılık ve Kameramanlık,"Radyo, Televizyon ve Sinema",3287,SÖZ
108,1171,Fotoğrafçılık ve Kameramanlık,Sinema ve Dijital Medya,9309,SÖZ
108,1171,Fotoğrafçılık ve Kameramanlık,Sinema ve Televizyon,3307,SÖZ
108,1171,Fotoğrafçılık ve Kameramanlık,Televizyon Haberciliği ve Programcılığı,8351,SÖZ
108,1171,Fotoğrafçılık ve Kameramanlık,Yeni Medya,9142,SÖZ
108,1171,Fotoğrafçılık ve Kameramanlık,Yeni Medya ve İletişim,9471,SÖZ
109,8599,Gastronomi ve Mutfak Sanatları,Gastronomi ve Mutfak Sanatları,5108,SÖZ
109,8599,Gastronomi ve Mutfak Sanatları,Turizm İşletmeciliği,3337,EA
110,4266,Gayrimenkul Yönetimi,Ekonomi ve Finans,5105,EA
110,4266,Gayrimenkul Yönetimi,Gayrimenkul Geliştirme ve Yönetimi,9459,EA
110,4266,Gayrimenkul Yönetimi,İşletme,3226,EA
111,9437,Geleneksel Tekstillerin Konservasyonu ve Restorasyonu,Çini Tasarımı ve Onarımı,1404,SÖZ
111,9437,Geleneksel Tekstillerin Konservasyonu ve Restorasyonu,El Sanatları,9344,SÖZ
111,9437,Geleneksel Tekstillerin Konservasyonu ve Restorasyonu,Geleneksel Türk Sanatları,8321,SÖZ
111,9437,Geleneksel Tekstillerin Konservasyonu ve Restorasyonu,Kültür Varlıklarını Koruma ve Onarım,9141,EA
111,9437,Geleneksel Tekstillerin Konservasyonu ve Restorasyonu,Tekstil Mühendisliği,3328,SAY
111,9437,Geleneksel Tekstillerin Konservasyonu ve Restorasyonu,Tekstil Tasarımı,7181,EA
111,9437,Geleneksel Tekstillerin Konservasyonu ve Restorasyonu,Tekstil ve Moda Tasarımı,7169,EA
111,1443,Geleneksel Tekstillerin Korunması ve Restorasyonu,Çini Tasarımı ve Onarımı,1404,SÖZ
111,1443,Geleneksel Tekstillerin Korunması ve Restorasyonu,El Sanatları,9344,SÖZ
111,1443,Geleneksel Tekstillerin Korunması ve Restorasyonu,Geleneksel Türk Sanatları,8321,SÖZ
111,1443,Geleneksel Tekstillerin Korunması ve Restorasyonu,Kültür Varlıklarını Koruma ve Onarım,9141,EA
111,1443,Geleneksel Tekstillerin Korunması ve Restorasyonu,Tekstil Mühendisliği,3328,SAY
111,1443,Geleneksel Tekstillerin Korunması ve Restorasyonu,Tekstil Tasarımı,7181,EA
111,1443,Geleneksel Tekstillerin Korunması ve Restorasyonu,Tekstil ve Moda Tasarımı,7169,EA
112,1174,Gemi Makineleri,Gemi İnşaatı ve Gemi Makineleri Mühendisliği,8322,SAY
112,1174,Gemi Makineleri,Gemi Makineleri İşletme Mühendisliği,3190,SAY
112,1174,Gemi Makineleri,Makine Mühendisliği,3252,SAY
112,1174,Gemi Makineleri,Otomotiv Mühendisliği,8333,SAY
112,1175,Gemi Makineleri İşletme,Gemi İnşaatı ve Gemi Makineleri Mühendisliği,8322,SAY
112,1175,Gemi Makineleri İşletme,Gemi Makineleri İşletme Mühendisliği,3190,SAY
112,1175,Gemi Makineleri İşletme,Makine Mühendisliği,3252,SAY
112,1175,Gemi Makineleri İşletme,Otomotiv Mühendisliği,8333,SAY
112,1372,Gemi Makineleri İşletmeciliği,Gemi İnşaatı ve Gemi Makineleri Mühendisliği,8322,SAY
112,1372,Gemi Makineleri İşletmeciliği,Gemi Makineleri İşletme Mühendisliği,3190,SAY
112,1372,Gemi Makineleri İşletmeciliği,Makine Mühendisliği,3252,SAY
112,1372,Gemi Makineleri İşletmeciliği,Otomotiv Mühendisliği,8333,SAY
113,8601,Gemoloji ve Mücevher,Kuyumculuk ve Mücevher Tasarımı,9366,EA
113,1219,Kıymetli Taş ve Metal İşlemeciliği,Kuyumculuk ve Mücevher Tasarımı,9366,EA
113,1224,Kuyumculuk ve Takı Tasarımı,Kuyumculuk ve Mücevher Tasarımı,9366,EA
113,1311,Takı Tasarımı ve Süs Taşları İşlemeciliği,Kuyumculuk ve Mücevher Tasarımı,9366,EA
113,4360,Takı ve El Sanatları,Kuyumculuk ve Mücevher Tasarımı,9366,EA
113,1320,Taş ve Metal İşlemeciliği,Kuyumculuk ve Mücevher Tasarımı,9366,EA
113,1346,Uygulamalı Takı Teknolojisi,Kuyumculuk ve Mücevher Tasarımı,9366,EA
114,4269,Genel Çalışmalar,İşletme,3226,EA
114,4269,Genel Çalışmalar,Uluslararası İşletme Yönetimi,4391,EA
115,6176,Genel İşletme,Bankacılık,3117,EA
115,6176,Genel İşletme,Bankacılık ve Sigortacılık,3120,EA
115,6176,Genel İşletme,Çalışma Ekonomisi ve Endüstri İlişkileri,3141,EA
115,6176,Genel İşletme,Ekonomi ve Finans,5105,EA
115,6176,Genel İşletme,Finans ve Bankacılık,9371,EA
115,6176,Genel İşletme,İşletme,3226,EA
115,6176,Genel İşletme,Lojistik Yönetimi,8222,EA
115,6176,Genel İşletme,Muhasebe ve Finans Yönetimi,5123,EA
115,6176,Genel İşletme,Sağlık Yönetimi,6298,EA
115,6176,Genel İşletme,Sermaye Piyasası,3302,EA
115,6176,Genel İşletme,Sigortacılık,3306,EA
115,6176,Genel İşletme,Sigortacılık ve Risk Yönetimi,5127,EA
115,6176,Genel İşletme,Sigortacılık ve Sosyal Güvenlik,9360,EA
115,6176,Genel İşletme,Uluslararası Finans,6351,EA
115,6176,Genel İşletme,Uluslararası Finans ve Bankacılık,9353,EA
115,6176,Genel İşletme,Uluslararası İşletme Yönetimi,4391,EA
115,6176,Genel İşletme,Uluslararası Ticaret,3355,EA
115,6176,Genel İşletme,Uluslararası Ticaret ve Finansman,5131,EA
115,6176,Genel İşletme,Uluslararası Ticaret ve İşletmecilik,3356,EA
115,6176,Genel İşletme,Uluslararası Ticaret ve Lojistik,9009,EA
115,5339,İş İdaresi,Bankacılık,3117,EA
115,5339,İş İdaresi,Bankacılık ve Sigortacılık,3120,EA
115,5339,İş İdaresi,Çalışma Ekonomisi ve Endüstri İlişkileri,3141,EA
115,5339,İş İdaresi,Ekonomi ve Finans,5105,EA
115,5339,İş İdaresi,Finans ve Bankacılık,9371,EA
115,5339,İş İdaresi,İşletme,3226,EA
115,5339,İş İdaresi,Lojistik Yönetimi,8222,EA
115,5339,İş İdaresi,Muhasebe ve Finans Yönetimi,5123,EA
115,5339,İş İdaresi,Sağlık Yönetimi,6298,EA
115,5339,İş İdaresi,Sermaye Piyasası,3302,EA
115,5339,İş İdaresi,Sigortacılık,3306,EA
115,5339,İş İdaresi,Sigortacılık ve Risk Yönetimi,5127,EA
115,5339,İş İdaresi,Sigortacılık ve Sosyal Güvenlik,9360,EA
115,5339,İş İdaresi,Uluslararası Finans,6351,EA
115,5339,İş İdaresi,Uluslararası Finans ve Bankacılık,9353,EA
115,5339,İş İdaresi,Uluslararası İşletme Yönetimi,4391,EA
115,5339,İş İdaresi,Uluslararası Ticaret,3355,EA
115,5339,İş İdaresi,Uluslararası Ticaret ve Finansman,5131,EA
115,5339,İş İdaresi,Uluslararası Ticaret ve İşletmecilik,3356,EA
115,5339,İş İdaresi,Uluslararası Ticaret ve Lojistik,9009,EA
115,5341,İşletme,Bankacılık,3117,EA
115,5341,İşletme,Bankacılık ve Sigortacılık,3120,EA
115,5341,İşletme,Çalışma Ekonomisi ve Endüstri İlişkileri,3141,EA
115,5341,İşletme,Ekonomi ve Finans,5105,EA
115,5341,İşletme,Finans ve Bankacılık,9371,EA
115,5341,İşletme,İşletme,3226,EA
115,5341,İşletme,Lojistik Yönetimi,8222,EA
115,5341,İşletme,Muhasebe ve Finans Yönetimi,5123,EA
115,5341,İşletme,Sağlık Yönetimi,6298,EA
115,5341,İşletme,Sermaye Piyasası,3302,EA
115,5341,İşletme,Sigortacılık,3306,EA
115,5341,İşletme,Sigortacılık ve Risk Yönetimi,5127,EA
115,5341,İşletme,Sigortacılık ve Sosyal Güvenlik,9360,EA
115,5341,İşletme,Uluslararası Finans,6351,EA
115,5341,İşletme,Uluslararası Finans ve Bankacılık,9353,EA
115,5341,İşletme,Uluslararası İşletme Yönetimi,4391,EA
115,5341,İşletme,Uluslararası Ticaret,3355,EA
115,5341,İşletme,Uluslararası Ticaret ve Finansman,5131,EA
115,5341,İşletme,Uluslararası Ticaret ve İşletmecilik,3356,EA
115,5341,İşletme,Uluslararası Ticaret ve Lojistik,9009,EA
115,4296,İşletme Yönetimi,Bankacılık,3117,EA
115,4296,İşletme Yönetimi,Bankacılık ve Sigortacılık,3120,EA
115,4296,İşletme Yönetimi,Çalışma Ekonomisi ve Endüstri İlişkileri,3141,EA
115,4296,İşletme Yönetimi,Ekonomi ve Finans,5105,EA
115,4296,İşletme Yönetimi,Finans ve Bankacılık,9371,EA
115,4296,İşletme Yönetimi,İşletme,3226,EA
115,4296,İşletme Yönetimi,Lojistik Yönetimi,8222,EA
115,4296,İşletme Yönetimi,Muhasebe ve Finans Yönetimi,5123,EA
115,4296,İşletme Yönetimi,Sağlık Yönetimi,6298,EA
115,4296,İşletme Yönetimi,Sermaye Piyasası,3302,EA
115,4296,İşletme Yönetimi,Sigortacılık,3306,EA
115,4296,İşletme Yönetimi,Sigortacılık ve Risk Yönetimi,5127,EA
115,4296,İşletme Yönetimi,Sigortacılık ve Sosyal Güvenlik,9360,EA
115,4296,İşletme Yönetimi,Uluslararası Finans,6351,EA
115,4296,İşletme Yönetimi,Uluslararası Finans ve Bankacılık,9353,EA
115,4296,İşletme Yönetimi,Uluslararası İşletme Yönetimi,4391,EA
115,4296,İşletme Yönetimi,Uluslararası Ticaret,3355,EA
115,4296,İşletme Yönetimi,Uluslararası Ticaret ve Finansman,5131,EA
115,4296,İşletme Yönetimi,Uluslararası Ticaret ve İşletmecilik,3356,EA
115,4296,İşletme Yönetimi,Uluslararası Ticaret ve Lojistik,9009,EA
115,1207,İşletmecilik,Bankacılık,3117,EA
115,1207,İşletmecilik,Bankacılık ve Sigortacılık,3120,EA
115,1207,İşletmecilik,Çalışma Ekonomisi ve Endüstri İlişkileri,3141,EA
115,1207,İşletmecilik,Ekonomi ve Finans,5105,EA
115,1207,İşletmecilik,Finans ve Bankacılık,9371,EA
115,1207,İşletmecilik,İşletme,3226,EA
115,1207,İşletmecilik,Lojistik Yönetimi,8222,EA
115,1207,İşletmecilik,Muhasebe ve Finans Yönetimi,5123,EA
115,1207,İşletmecilik,Sağlık Yönetimi,6298,EA
115,1207,İşletmecilik,Sermaye Piyasası,3302,EA
115,1207,İşletmecilik,Sigortacılık,3306,EA
115,1207,İşletmecilik,Sigortacılık ve Risk Yönetimi,5127,EA
115,1207,İşletmecilik,Sigortacılık ve Sosyal Güvenlik,9360,EA
115,1207,İşletmecilik,Uluslararası Finans,6351,EA
115,1207,İşletmecilik,Uluslararası Finans ve Bankacılık,9353,EA
115,1207,İşletmecilik,Uluslararası İşletme Yönetimi,4391,EA
115,1207,İşletmecilik,Uluslararası Ticaret,3355,EA
115,1207,İşletmecilik,Uluslararası Ticaret ve Finansman,5131,EA
115,1207,İşletmecilik,Uluslararası Ticaret ve İşletmecilik,3356,EA
115,1207,İşletmecilik,Uluslararası Ticaret ve Lojistik,9009,EA
116,9036,Geoteknik,İnşaat Mühendisliği,3221,SAY
116,9036,Geoteknik,Jeoloji Mühendisliği,6235,SAY
116,9036,Geoteknik,Maden Mühendisliği,3251,SAY
116,9036,Geoteknik,Petrol ve Doğalgaz Mühendisliği,3281,SAY
116,1210,Jeoteknik Teknikerliği,İnşaat Mühendisliği,3221,SAY
116,1210,Jeoteknik Teknikerliği,Jeoloji Mühendisliği,6235,SAY
116,1210,Jeoteknik Teknikerliği,Maden Mühendisliği,3251,SAY
116,1210,Jeoteknik Teknikerliği,Petrol ve Doğalgaz Mühendisliği,3281,SAY
117,9100,Gıda Kalite Kontrolü ve Analizi,Beslenme ve Diyetetik,3122,SAY
117,9100,Gıda Kalite Kontrolü ve Analizi,Kontrolü Gıda Mühendisliği,3191,SAY
117,9100,Gıda Kalite Kontrolü ve Analizi,Gıda Teknolojisi,4271,SAY
117,9100,Gıda Kalite Kontrolü ve Analizi,Kimya,3240,SAY
117,9100,Gıda Kalite Kontrolü ve Analizi,Ekonomi ve Finans,5105,EA
117,9100,Gıda Kalite Kontrolü ve Analizi,İşletme,3226,EA
117,9100,Gıda Kalite Kontrolü ve Analizi,Teknoloji ve Bilgi Yönetimi,9286,EA
117,9100,Gıda Kalite Kontrolü ve Analizi,Uluslararası İşletme Yönetimi,4391,EA
117,8528,Gıda Kalite ve Sağlık Kontrol / Gıda Kalitesi ve Sağlık,Beslenme ve Diyetetik,3122,SAY
117,8528,Gıda Kalite ve Sağlık Kontrol / Gıda Kalitesi ve Sağlık,Kontrolü Gıda Mühendisliği,3191,SAY
117,8528,Gıda Kalite ve Sağlık Kontrol / Gıda Kalitesi ve Sağlık,Gıda Teknolojisi,4271,SAY
117,8528,Gıda Kalite ve Sağlık Kontrol / Gıda Kalitesi ve Sağlık,Kimya,3240,SAY
117,8528,Gıda Kalite ve Sağlık Kontrol / Gıda Kalitesi ve Sağlık,Ekonomi ve Finans,5105,EA
117,8528,Gıda Kalite ve Sağlık Kontrol / Gıda Kalitesi ve Sağlık,İşletme,3226,EA
117,8528,Gıda Kalite ve Sağlık Kontrol / Gıda Kalitesi ve Sağlık,Teknoloji ve Bilgi Yönetimi,9286,EA
117,8528,Gıda Kalite ve Sağlık Kontrol / Gıda Kalitesi ve Sağlık,Uluslararası İşletme Yönetimi,4391,EA
117,8583,Gıda Teknikerliği,Beslenme ve Diyetetik,3122,SAY
117,8583,Gıda Teknikerliği,Kontrolü Gıda Mühendisliği,3191,SAY
117,8583,Gıda Teknikerliği,Gıda Teknolojisi,4271,SAY
117,8583,Gıda Teknikerliği,Kimya,3240,SAY
117,8583,Gıda Teknikerliği,Ekonomi ve Finans,5105,EA
117,8583,Gıda Teknikerliği,İşletme,3226,EA
117,8583,Gıda Teknikerliği,Teknoloji ve Bilgi Yönetimi,9286,EA
117,8583,Gıda Teknikerliği,Uluslararası İşletme Yönetimi,4391,EA
117,1177,Gıda Teknolojisi,Beslenme ve Diyetetik,3122,SAY
117,1177,Gıda Teknolojisi,Kontrolü Gıda Mühendisliği,3191,SAY
117,1177,Gıda Teknolojisi,Gıda Teknolojisi,4271,SAY
117,1177,Gıda Teknolojisi,Kimya,3240,SAY
117,1177,Gıda Teknolojisi,Ekonomi ve Finans,5105,EA
117,1177,Gıda Teknolojisi,İşletme,3226,EA
117,1177,Gıda Teknolojisi,Teknoloji ve Bilgi Yönetimi,9286,EA
117,1177,Gıda Teknolojisi,Uluslararası İşletme Yönetimi,4391,EA
117,8603,Girişimcilik ve Proje Yönetim Asistanlığı,Beslenme ve Diyetetik,3122,SAY
117,8603,Girişimcilik ve Proje Yönetim Asistanlığı,Kontrolü Gıda Mühendisliği,3191,SAY
117,8603,Girişimcilik ve Proje Yönetim Asistanlığı,Gıda Teknolojisi,4271,SAY
117,8603,Girişimcilik ve Proje Yönetim Asistanlığı,Kimya,3240,SAY
117,8603,Girişimcilik ve Proje Yönetim Asistanlığı,Ekonomi ve Finans,5105,EA
117,8603,Girişimcilik ve Proje Yönetim Asistanlığı,İşletme,3226,EA
117,8603,Girişimcilik ve Proje Yönetim Asistanlığı,Teknoloji ve Bilgi Yönetimi,9286,EA
117,8603,Girişimcilik ve Proje Yönetim Asistanlığı,Uluslararası İşletme Yönetimi,4391,EA
118,8529,Görsel İletişim,Fotoğraf,7158,SÖZ
118,8529,Görsel İletişim,Fotoğraf ve Video,7211,SÖZ
118,8529,Görsel İletişim,Gazetecilik,6188,SÖZ
118,8529,Görsel İletişim,Görsel İletişim Tasarımı,5109,SÖZ
118,8529,Görsel İletişim,Halkla İlişkiler ve Reklamcılık,5111,SÖZ
118,8529,Görsel İletişim,Halkla İlişkiler ve Tanıtım,3198,SÖZ
118,8529,Görsel İletişim,İletişim,3215,SÖZ
118,8529,Görsel İletişim,İletişim Bilimleri,8327,SÖZ
118,8529,Görsel İletişim,İletişim Tasarımı ve Yönetimi,9281,SÖZ
118,8529,Görsel İletişim,İletişim ve Tasarımı,1428,SÖZ
118,8529,Görsel İletişim,Medya ve İletişim,8244,SÖZ
118,8529,Görsel İletişim,Reklam Tasarımı ve İletişimi,8249,SÖZ
118,8529,Görsel İletişim,Reklamcılık,3291,SÖZ
118,8529,Görsel İletişim,Yeni Medya,9142,SÖZ
118,8529,Görsel İletişim,Yeni Medya ve İletişim,9471,SÖZ
119,4273,Grafik ve Reklamcılık,Görsel İletişim Tasarımı,5109,SÖZ
119,4273,Grafik ve Reklamcılık,Görsel Sanatlar,9162,SÖZ
119,4273,Grafik ve Reklamcılık,Grafik,7160,EA
119,4273,Grafik ve Reklamcılık,Grafik Sanatlar,7145,EA
119,4273,Grafik ve Reklamcılık,Grafik Tasarımı,7162,EA
119,4273,Grafik ve Reklamcılık,Halkla İlişkiler ve Reklamcılık,5111,SÖZ
119,4273,Grafik ve Reklamcılık,Halkla İlişkiler ve Tanıtım,3198,SÖZ
119,4273,Grafik ve Reklamcılık,İletişim,3215,SÖZ
119,4273,Grafik ve Reklamcılık,İletişim Bilimleri,8327,SÖZ
119,4273,Grafik ve Reklamcılık,İletişim Tasarımı ve Yönetimi,9281,SÖZ
119,4273,Grafik ve Reklamcılık,İletişim ve Tasarımı,1428,SÖZ
119,4273,Grafik ve Reklamcılık,Medya ve İletişim,8244,SÖZ
119,4273,Grafik ve Reklamcılık,Reklam Tasarımı ve İletişimi,8249,SÖZ
119,4273,Grafik ve Reklamcılık,Reklamcılık,3291,SÖZ
119,4273,Grafik ve Reklamcılık,Yeni Medya,9142,SÖZ
119,4273,Grafik ve Reklamcılık,Yeni Medya ve İletişim,9471,SÖZ
119,4318,Marka İletişimi,Görsel İletişim Tasarımı,5109,SÖZ
119,4318,Marka İletişimi,Görsel Sanatlar,9162,SÖZ
119,4318,Marka İletişimi,Grafik,7160,EA
119,4318,Marka İletişimi,Grafik Sanatlar,7145,EA
119,4318,Marka İletişimi,Grafik Tasarımı,7162,EA
119,4318,Marka İletişimi,Halkla İlişkiler ve Reklamcılık,5111,SÖZ
119,4318,Marka İletişimi,Halkla İlişkiler ve Tanıtım,3198,SÖZ
119,4318,Marka İletişimi,İletişim,3215,SÖZ
119,4318,Marka İletişimi,İletişim Bilimleri,8327,SÖZ
119,4318,Marka İletişimi,İletişim Tasarımı ve Yönetimi,9281,SÖZ
119,4318,Marka İletişimi,İletişim ve Tasarımı,1428,SÖZ
119,4318,Marka İletişimi,Medya ve İletişim,8244,SÖZ
119,4318,Marka İletişimi,Reklam Tasarımı ve İletişimi,8249,SÖZ
119,4318,Marka İletişimi,Reklamcılık,3291,SÖZ
119,4318,Marka İletişimi,Yeni Medya,9142,SÖZ
119,4318,Marka İletişimi,Yeni Medya ve İletişim,9471,SÖZ
120,1178,Gümrük İşletme,Bankacılık,3117,EA
120,1178,Gümrük İşletme,Bankacılık ve Sigortacılık,3120,EA
120,1178,Gümrük İşletme,Ekonomi ve Finans,5105,EA
120,1178,Gümrük İşletme,Finans ve Bankacılık,9371,EA
120,1178,Gümrük İşletme,Gümrük İşletme,9118,EA
120,1178,Gümrük İşletme,İşletme,3226,EA
120,1178,Gümrük İşletme,Lojistik Yönetimi,8222,EA
120,1178,Gümrük İşletme,Sermaye Piyasası,3302,EA
120,1178,Gümrük İşletme,Sigortacılık,3306,EA
120,1178,Gümrük İşletme,Sigortacılık ve Risk Yönetimi,5127,EA
120,1178,Gümrük İşletme,Uluslararası Finans,6351,EA
120,1178,Gümrük İşletme,Uluslararası Finans ve Bankacılık,9353,EA
120,1178,Gümrük İşletme,Uluslararası İşletme Yönetimi,4391,EA
120,1178,Gümrük İşletme,Uluslararası Ticaret,3355,EA
120,1178,Gümrük İşletme,Uluslararası Ticaret ve Finansman,5131,EA
120,1178,Gümrük İşletme,Uluslararası Ticaret ve İşletmecilik,3356,EA
120,1178,Gümrük İşletme,Uluslararası Ticaret ve Lojistik,9009,EA
121,4275,Güvenlik,Acil Yardım ve Afet Yönetimi,8342,SAY
121,4275,Güvenlik,Sosyal Hizmet,6318,EA
121,9483,Güvenlik Bilimleri,Acil Yardım ve Afet Yönetimi,8342,SAY
121,9483,Güvenlik Bilimleri,Sosyal Hizmet,6318,EA
121,9778,Güvenlik Hizmetleri,Acil Yardım ve Afet Yönetimi,8342,SAY
121,9778,Güvenlik Hizmetleri,Sosyal Hizmet,6318,EA
121,9181,Güvenlik ve Koruma,Acil Yardım ve Afet Yönetimi,8342,SAY
121,9181,Güvenlik ve Koruma,Sosyal Hizmet,6318,EA
121,4292,İstihbarat,Acil Yardım ve Afet Yönetimi,8342,SAY
121,4292,İstihbarat,Sosyal Hizmet,6318,EA
121,8537,İtfaiyecilik ve Sivil Savunma,Acil Yardım ve Afet Yönetimi,8342,SAY
121,8537,İtfaiyecilik ve Sivil Savunma,Sosyal Hizmet,6318,EA
121,1208,İtfaiyecilik ve Yangın Güvenliği,Acil Yardım ve Afet Yönetimi,8342,SAY
121,1208,İtfaiyecilik ve Yangın Güvenliği,Sosyal Hizmet,6318,EA
121,9182,Kamu Güvenlik ve Asayişin Sağlanması,Acil Yardım ve Afet Yönetimi,8342,SAY
121,9182,Kamu Güvenlik ve Asayişin Sağlanması,Sosyal Hizmet,6318,EA
121,5353,Özel Güvenlik ve Koruma,Acil Yardım ve Afet Yönetimi,8342,SAY
121,5353,Özel Güvenlik ve Koruma,Sosyal Hizmet,6318,EA
121,6096,SAVUNMA HİZMETLERİ,Acil Yardım ve Afet Yönetimi,8342,SAY
121,6096,SAVUNMA HİZMETLERİ,Sosyal Hizmet,6318,EA
121,5359,Savunma ve Güvenlik,Acil Yardım ve Afet Yönetimi,8342,SAY
121,5359,Savunma ve Güvenlik,Sosyal Hizmet,6318,EA
121,9023,Sivil Savunma ve İtfaiyecilik,Acil Yardım ve Afet Yönetimi,8342,SAY
121,9023,Sivil Savunma ve İtfaiyecilik,Sosyal Hizmet,6318,EA
122,1179,Güverte,Deniz Ulaştırma İşletme Mühendisliği,3149,SAY
122,1179,Güverte,Oyunculuk,7119,SÖZ
122,1179,Güverte,Sahne Sanatları,8335,SÖZ
122,1179,Güverte,Tiyatro,7126,SÖZ
122,6711,Güzel Sanatlar (Tiyatro),Deniz Ulaştırma İşletme Mühendisliği,3149,SAY
122,6711,Güzel Sanatlar (Tiyatro),Oyunculuk,7119,SÖZ
122,6711,Güzel Sanatlar (Tiyatro),Sahne Sanatları,8335,SÖZ
122,6711,Güzel Sanatlar (Tiyatro),Tiyatro,7126,SÖZ
123,1180,Haberleşme,Elektrik Mühendisliği,3160,SAY
123,1180,Haberleşme,Elektrik-Elektronik Mühendisliği,3162,SAY
123,1180,Haberleşme,Elektronik Mühendisliği,3163,SAY
123,1180,Haberleşme,Elektronik ve Haberleşme Mühendisliği,3166,SAY
123,1180,Haberleşme,Enerji Sistemleri Mühendisliği,8319,SAY
123,1180,Haberleşme,Havacılık Elektrik ve Elektroniği,3200,SAY
123,1181,Haberleşme Teknolojisi,Elektrik Mühendisliği,3160,SAY
123,1181,Haberleşme Teknolojisi,Elektrik-Elektronik Mühendisliği,3162,SAY
123,1181,Haberleşme Teknolojisi,Elektronik Mühendisliği,3163,SAY
123,1181,Haberleşme Teknolojisi,Elektronik ve Haberleşme Mühendisliği,3166,SAY
123,1181,Haberleşme Teknolojisi,Enerji Sistemleri Mühendisliği,8319,SAY
123,1181,Haberleşme Teknolojisi,Havacılık Elektrik ve Elektroniği,3200,SAY
124,1182,Halı ve Kilim,El Sanatları,9344,SÖZ
124,1182,Halı ve Kilim,Geleneksel Türk Sanatları,8321,SÖZ
124,1182,Halı ve Kilim,"Halı, Kilim ve Geleneksel Kumaş Desenleri",1386,SÖZ
124,1182,Halı ve Kilim,Tekstil Tasarımı,7181,EA
124,1182,Halı ve Kilim,Tekstil ve Moda Tasarımı,7169,EA
124,1182,Halı ve Kilim,Tezhip Sanatı,1414,SÖZ
124,1183,Halıcılık,El Sanatları,9344,SÖZ
124,1183,Halıcılık,Geleneksel Türk Sanatları,8321,SÖZ
124,1183,Halıcılık,"Halı, Kilim ve Geleneksel Kumaş Desenleri",1386,SÖZ
124,1183,Halıcılık,Tekstil Tasarımı,7181,EA
124,1183,Halıcılık,Tekstil ve Moda Tasarımı,7169,EA
124,1183,Halıcılık,Tezhip Sanatı,1414,SÖZ
124,1184,Halıcılık ve Desinatörlüğü,El Sanatları,9344,SÖZ
124,1184,Halıcılık ve Desinatörlüğü,Geleneksel Türk Sanatları,8321,SÖZ
124,1184,Halıcılık ve Desinatörlüğü,"Halı, Kilim ve Geleneksel Kumaş Desenleri",1386,SÖZ
124,1184,Halıcılık ve Desinatörlüğü,Tekstil Tasarımı,7181,EA
124,1184,Halıcılık ve Desinatörlüğü,Tekstil ve Moda Tasarımı,7169,EA
124,1184,Halıcılık ve Desinatörlüğü,Tezhip Sanatı,1414,SÖZ
124,9022,Halıcılık ve Kilimcilik,El Sanatları,9344,SÖZ
124,9022,Halıcılık ve Kilimcilik,Geleneksel Türk Sanatları,8321,SÖZ
124,9022,Halıcılık ve Kilimcilik,"Halı, Kilim ve Geleneksel Kumaş Desenleri",1386,SÖZ
124,9022,Halıcılık ve Kilimcilik,Tekstil Tasarımı,7181,EA
124,9022,Halıcılık ve Kilimcilik,Tekstil ve Moda Tasarımı,7169,EA
124,9022,Halıcılık ve Kilimcilik,Tezhip Sanatı,1414,SÖZ
125,1185,Halkla İlişkiler,Görsel İletişim Tasarımı,5109,SÖZ
125,1185,Halkla İlişkiler,Halkla İlişkiler ve Reklamcılık,5111,SÖZ
125,1185,Halkla İlişkiler,Halkla İlişkiler ve Tanıtım,3198,SÖZ
125,1185,Halkla İlişkiler,İletişim,3215,SÖZ
125,1185,Halkla İlişkiler,İletişim Bilimleri,8327,SÖZ
125,1185,Halkla İlişkiler,İletişim Tasarımı ve Yönetimi,9281,SÖZ
125,1185,Halkla İlişkiler,İletişim ve Tasarımı,1428,SÖZ
125,1185,Halkla İlişkiler,Reklam Tasarımı ve İletişimi,8249,SÖZ
125,1185,Halkla İlişkiler,Reklamcılık,3291,SÖZ
125,1185,Halkla İlişkiler,Sosyoloji,3319,EA
125,1186,Halkla İlişkiler ve Reklamcılık,Görsel İletişim Tasarımı,5109,SÖZ
125,1186,Halkla İlişkiler ve Reklamcılık,Halkla İlişkiler ve Reklamcılık,5111,SÖZ
125,1186,Halkla İlişkiler ve Reklamcılık,Halkla İlişkiler ve Tanıtım,3198,SÖZ
125,1186,Halkla İlişkiler ve Reklamcılık,İletişim,3215,SÖZ
125,1186,Halkla İlişkiler ve Reklamcılık,İletişim Bilimleri,8327,SÖZ
125,1186,Halkla İlişkiler ve Reklamcılık,İletişim Tasarımı ve Yönetimi,9281,SÖZ
125,1186,Halkla İlişkiler ve Reklamcılık,İletişim ve Tasarımı,1428,SÖZ
125,1186,Halkla İlişkiler ve Reklamcılık,Reklam Tasarımı ve İletişimi,8249,SÖZ
125,1186,Halkla İlişkiler ve Reklamcılık,Reklamcılık,3291,SÖZ
125,1186,Halkla İlişkiler ve Reklamcılık,Sosyoloji,3319,EA
125,8531,Halkla İlişkiler ve Tanıtım,Görsel İletişim Tasarımı,5109,SÖZ
125,8531,Halkla İlişkiler ve Tanıtım,Halkla İlişkiler ve Reklamcılık,5111,SÖZ
125,8531,Halkla İlişkiler ve Tanıtım,Halkla İlişkiler ve Tanıtım,3198,SÖZ
125,8531,Halkla İlişkiler ve Tanıtım,İletişim,3215,SÖZ
125,8531,Halkla İlişkiler ve Tanıtım,İletişim Bilimleri,8327,SÖZ
125,8531,Halkla İlişkiler ve Tanıtım,İletişim Tasarımı ve Yönetimi,9281,SÖZ
125,8531,Halkla İlişkiler ve Tanıtım,İletişim ve Tasarımı,1428,SÖZ
125,8531,Halkla İlişkiler ve Tanıtım,Reklam Tasarımı ve İletişimi,8249,SÖZ
125,8531,Halkla İlişkiler ve Tanıtım,Reklamcılık,3291,SÖZ
125,8531,Halkla İlişkiler ve Tanıtım,Sosyoloji,3319,EA
126,4278,Harekat,Lojistik Yönetimi,8222,EA
126,4278,Harekat,Uluslararası Ticaret,3355,EA
126,4278,Harekat,Uluslararası Ticaret ve Finansman,5131,EA
126,4278,Harekat,Uluslararası Ticaret ve İşletmecilik,3356,EA
126,4278,Harekat,Uluslararası Ticaret ve Lojistik,9009,EA
126,4285,İkmal,Lojistik Yönetimi,8222,EA
126,4285,İkmal,Uluslararası Ticaret,3355,EA
126,4285,İkmal,Uluslararası Ticaret ve Finansman,5131,EA
126,4285,İkmal,Uluslararası Ticaret ve İşletmecilik,3356,EA
126,4285,İkmal,Uluslararası Ticaret ve Lojistik,9009,EA
126,4311,Levazım,Lojistik Yönetimi,8222,EA
126,4311,Levazım,Uluslararası Ticaret,3355,EA
126,4311,Levazım,Uluslararası Ticaret ve Finansman,5131,EA
126,4311,Levazım,Uluslararası Ticaret ve İşletmecilik,3356,EA
126,4311,Levazım,Uluslararası Ticaret ve Lojistik,9009,EA
127,1187,Harita,Harita Mühendisliği,8324,SAY
127,1187,Harita,Jeoloji Mühendisliği,6235,SAY
127,1187,Harita,Şehir ve Bölge Planlama,3322,SAY
127,1187,Harita,Tapu Kadastro,9288,EA
127,1188,Harita Kadastro / Harita ve Kadastro,Harita Mühendisliği,8324,SAY
127,1188,Harita Kadastro / Harita ve Kadastro,Jeoloji Mühendisliği,6235,SAY
127,1188,Harita Kadastro / Harita ve Kadastro,Şehir ve Bölge Planlama,3322,SAY
127,1188,Harita Kadastro / Harita ve Kadastro,Tapu Kadastro,9288,EA
127,8546,Harita Teknikerliği,Harita Mühendisliği,8324,SAY
127,8546,Harita Teknikerliği,Jeoloji Mühendisliği,6235,SAY
127,8546,Harita Teknikerliği,Şehir ve Bölge Planlama,3322,SAY
127,8546,Harita Teknikerliği,Tapu Kadastro,9288,EA
128,1189,Harita ve Maden Ölçme,Harita Mühendisliği,8324,SAY
128,1189,Harita ve Maden Ölçme,Jeoloji Mühendisliği,6235,SAY
128,1189,Harita ve Maden Ölçme,Tapu Kadastro,9288,EA
129,1190,Hasat Sonrası Teknolojisi,Bahçe Bitkileri,8147,SAY
129,1190,Hasat Sonrası Teknolojisi,Bitki Koruma,8158,SAY
129,1190,Hasat Sonrası Teknolojisi,Bitkisel Üretim ve Teknolojileri,9269,SAY
129,1190,Hasat Sonrası Teknolojisi,Gıda Mühendisliği,3191,SAY
129,1190,Hasat Sonrası Teknolojisi,Gıda Teknolojisi,4271,SAY
129,1190,Hasat Sonrası Teknolojisi,Tarım Makineleri ve Teknolojileri Mühendisliği,9423,SAY
129,1190,Hasat Sonrası Teknolojisi,Tarımsal Biyoteknoloji,9106,SAY
129,1190,Hasat Sonrası Teknolojisi,Tarımsal Genetik Mühendisliği,9351,SAY
129,1190,Hasat Sonrası Teknolojisi,Tarla Bitkileri,3385,SAY
130,1480,HAVA ARACI İMALAT TEKNOLOJİLERİ,Havacılık Elektrik ve Elektroniği,3200,SAY
130,1480,HAVA ARACI İMALAT TEKNOLOJİLERİ,Uçak Bakım ve Onarım,1361,SAY
130,1480,HAVA ARACI İMALAT TEKNOLOJİLERİ,Uçak Gövde ve Motor Bakımı,1417,SAY
130,1480,HAVA ARACI İMALAT TEKNOLOJİLERİ,Uçak Mühendisliği,3350,SAY
130,1384,İnsansız Hava Aracı Teknolojisi ve Operatörlüğü,Havacılık Elektrik ve Elektroniği,3200,SAY
130,1384,İnsansız Hava Aracı Teknolojisi ve Operatörlüğü,Uçak Bakım ve Onarım,1361,SAY
130,1384,İnsansız Hava Aracı Teknolojisi ve Operatörlüğü,Uçak Gövde ve Motor Bakımı,1417,SAY
130,1384,İnsansız Hava Aracı Teknolojisi ve Operatörlüğü,Uçak Mühendisliği,3350,SAY
131,4279,Hava Lojistiği,Havacılık Yönetimi,9428,EA
131,4279,Hava Lojistiği,Lojistik Yönetimi,8222,EA
131,4279,Hava Lojistiği,Uluslararası Ticaret ve Lojistik,9009,EA
132,1500,HAVACILIK ELEKTRONİĞİ TEKNOLOJİLERİ,Elektrik Mühendisliği,3160,SAY
132,1500,HAVACILIK ELEKTRONİĞİ TEKNOLOJİLERİ,Elektrik-Elektronik Mühendisliği,3162,SAY
132,1500,HAVACILIK ELEKTRONİĞİ TEKNOLOJİLERİ,Elektronik Mühendisliği,3163,SAY
132,1500,HAVACILIK ELEKTRONİĞİ TEKNOLOJİLERİ,Elektronik ve Haberleşme Mühendisliği,3166,SAY
132,1500,HAVACILIK ELEKTRONİĞİ TEKNOLOJİLERİ,Havacılık Elektrik ve Elektroniği,3200,SAY
132,1500,HAVACILIK ELEKTRONİĞİ TEKNOLOJİLERİ,Havacılık ve Uzay Mühendisliği,3201,SAY
132,1500,HAVACILIK ELEKTRONİĞİ TEKNOLOJİLERİ,Uçak Bakım ve Onarım,1361,SAY
132,1500,HAVACILIK ELEKTRONİĞİ TEKNOLOJİLERİ,Uçak Elektrik ve Elektroniği,1418,SAY
132,1500,HAVACILIK ELEKTRONİĞİ TEKNOLOJİLERİ,Uçak Gövde ve Motor Bakımı,1417,SAY
132,1500,HAVACILIK ELEKTRONİĞİ TEKNOLOJİLERİ,Uçak Mühendisliği,3350,SAY
132,4378,Uçak Elektrik ve Elektroniği,Elektrik Mühendisliği,3160,SAY
132,4378,Uçak Elektrik ve Elektroniği,Elektrik-Elektronik Mühendisliği,3162,SAY
132,4378,Uçak Elektrik ve Elektroniği,Elektronik Mühendisliği,3163,SAY
132,4378,Uçak Elektrik ve Elektroniği,Elektronik ve Haberleşme Mühendisliği,3166,SAY
132,4378,Uçak Elektrik ve Elektroniği,Havacılık Elektrik ve Elektroniği,3200,SAY
132,4378,Uçak Elektrik ve Elektroniği,Havacılık ve Uzay Mühendisliği,3201,SAY
132,4378,Uçak Elektrik ve Elektroniği,Uçak Bakım ve Onarım,1361,SAY
132,4378,Uçak Elektrik ve Elektroniği,Uçak Elektrik ve Elektroniği,1418,SAY
132,4378,Uçak Elektrik ve Elektroniği,Uçak Gövde ve Motor Bakımı,1417,SAY
132,4378,Uçak Elektrik ve Elektroniği,Uçak Mühendisliği,3350,SAY
133,4282,Havacılıkta Yer Hizmetleri Yönetimi,Havacılık Yönetimi,9428,EA
133,4282,Havacılıkta Yer Hizmetleri Yönetimi,İşletme,3226,EA
133,4282,Havacılıkta Yer Hizmetleri Yönetimi,Lojistik Yönetimi,8222,EA
133,4282,Havacılıkta Yer Hizmetleri Yönetimi,Seyahat İşletmeciliği,6303,EA
133,4282,Havacılıkta Yer Hizmetleri Yönetimi,Seyahat İşletmeciliği ve Turizm Rehberliği,9202,EA
133,4282,Havacılıkta Yer Hizmetleri Yönetimi,Turizm İşletmeciliği,3337,EA
133,4282,Havacılıkta Yer Hizmetleri Yönetimi,Turizm Rehberliği,4372,SÖZ
133,4282,Havacılıkta Yer Hizmetleri Yönetimi,Uluslararası İşletme Yönetimi,4391,EA
133,1305,Sivil Hava Ulaştırma İşletmeciliği,Havacılık Yönetimi,9428,EA
133,1305,Sivil Hava Ulaştırma İşletmeciliği,İşletme,3226,EA
133,1305,Sivil Hava Ulaştırma İşletmeciliği,Lojistik Yönetimi,8222,EA
133,1305,Sivil Hava Ulaştırma İşletmeciliği,Seyahat İşletmeciliği,6303,EA
133,1305,Sivil Hava Ulaştırma İşletmeciliği,Seyahat İşletmeciliği ve Turizm Rehberliği,9202,EA
133,1305,Sivil Hava Ulaştırma İşletmeciliği,Turizm İşletmeciliği,3337,EA
133,1305,Sivil Hava Ulaştırma İşletmeciliği,Turizm Rehberliği,4372,SÖZ
133,1305,Sivil Hava Ulaştırma İşletmeciliği,Uluslararası İşletme Yönetimi,4391,EA
133,8579,Yer Hizmetleri,Havacılık Yönetimi,9428,EA
133,8579,Yer Hizmetleri,İşletme,3226,EA
133,8579,Yer Hizmetleri,Lojistik Yönetimi,8222,EA
133,8579,Yer Hizmetleri,Seyahat İşletmeciliği,6303,EA
133,8579,Yer Hizmetleri,Seyahat İşletmeciliği ve Turizm Rehberliği,9202,EA
133,8579,Yer Hizmetleri,Turizm İşletmeciliği,3337,EA
133,8579,Yer Hizmetleri,Turizm Rehberliği,4372,SÖZ
133,8579,Yer Hizmetleri,Uluslararası İşletme Yönetimi,4391,EA
134,8533,Hayvan Yetiştiriciliği,Hayvansal Üretim ve Teknolojileri,9455,SAY
134,8533,Hayvan Yetiştiriciliği,Tarımsal Biyoteknoloji,9106,SAY
134,8533,Hayvan Yetiştiriciliği,Veteriner,6373,SAY
134,8533,Hayvan Yetiştiriciliği,Zootekni,8289,SAY
134,1192,Hayvan Yetiştiriciliği ve Sağlığı,Hayvansal Üretim ve Teknolojileri,9455,SAY
134,1192,Hayvan Yetiştiriciliği ve Sağlığı,Tarımsal Biyoteknoloji,9106,SAY
134,1192,Hayvan Yetiştiriciliği ve Sağlığı,Veteriner,6373,SAY
134,1192,Hayvan Yetiştiriciliği ve Sağlığı,Zootekni,8289,SAY
135,1196,Hazır Yemek ve Aşçılık,Beslenme ve Diyetetik,3122,SAY
135,1196,Hazır Yemek ve Aşçılık,Gastronomi ve Mutfak Sanatları,5108,SÖZ
135,1196,Hazır Yemek ve Aşçılık,Ebelik,3155,SAY
135,1196,Hazır Yemek ve Aşçılık,Ergoterapi,9225,SAY
135,1196,Hazır Yemek ve Aşçılık,Fizyoterapi ve Rehabilitasyon,8344,SAY
135,1196,Hazır Yemek ve Aşçılık,Gerontoloji,9151,SAY
135,1196,Hazır Yemek ve Aşçılık,Hemşirelik,3204,SAY
135,1250,Mutfak Yönetimi,Beslenme ve Diyetetik,3122,SAY
135,1250,Mutfak Yönetimi,Gastronomi ve Mutfak Sanatları,5108,SÖZ
135,1250,Mutfak Yönetimi,Ebelik,3155,SAY
135,1250,Mutfak Yönetimi,Ergoterapi,9225,SAY
135,1250,Mutfak Yönetimi,Fizyoterapi ve Rehabilitasyon,8344,SAY
135,1250,Mutfak Yönetimi,Gerontoloji,9151,SAY
135,1250,Mutfak Yönetimi,Hemşirelik,3204,SAY
135,5380,Hemşirelik,Beslenme ve Diyetetik,3122,SAY
135,5380,Hemşirelik,Gastronomi ve Mutfak Sanatları,5108,SÖZ
135,5380,Hemşirelik,Ebelik,3155,SAY
135,5380,Hemşirelik,Ergoterapi,9225,SAY
135,5380,Hemşirelik,Fizyoterapi ve Rehabilitasyon,8344,SAY
135,5380,Hemşirelik,Gerontoloji,9151,SAY
135,5380,Hemşirelik,Hemşirelik,3204,SAY
136,1359,Hibrid ve Elektrikli Taşıtlar Teknolojisi,Elektrik Mühendisliği,3160,SAY
136,1359,Hibrid ve Elektrikli Taşıtlar Teknolojisi,Elektrik-Elektronik Mühendisliği,3162,SAY
136,1359,Hibrid ve Elektrikli Taşıtlar Teknolojisi,Elektronik Mühendisliği,3163,SAY
136,1359,Hibrid ve Elektrikli Taşıtlar Teknolojisi,Makine Mühendisliği,3252,SAY
136,1359,Hibrid ve Elektrikli Taşıtlar Teknolojisi,Mekatronik Mühendisliği,5119,SAY
136,1359,Hibrid ve Elektrikli Taşıtlar Teknolojisi,Otomotiv Mühendisliği,8333,SAY
137,6197,Hidroelektrik Santralları / Hidroelektrik Santralleri,Elektrik Mühendisliği,3160,SAY
137,6197,Hidroelektrik Santralları / Hidroelektrik Santralleri,Elektrik-Elektronik Mühendisliği,3162,SAY
137,6197,Hidroelektrik Santralları / Hidroelektrik Santralleri,Elektronik Mühendisliği,3163,SAY
137,6197,Hidroelektrik Santralları / Hidroelektrik Santralleri,Elektronik ve Haberleşme Mühendisliği,3166,SAY
137,8551,Otomasyon,Elektrik Mühendisliği,3160,SAY
137,8551,Otomasyon,Elektrik-Elektronik Mühendisliği,3162,SAY
137,8551,Otomasyon,Elektronik Mühendisliği,3163,SAY
137,8551,Otomasyon,Elektronik ve Haberleşme Mühendisliği,3166,SAY
138,1501,HİDROJEN VE ENERJİ DEPOLAMA TEKNİKERLİĞİ,Enerji Sistemleri Mühendisliği,8319,SAY
138,1501,HİDROJEN VE ENERJİ DEPOLAMA TEKNİKERLİĞİ,Enerji Yönetimi,9402,EA
138,1501,HİDROJEN VE ENERJİ DEPOLAMA TEKNİKERLİĞİ,Fizik,3182,SAY
138,1501,HİDROJEN VE ENERJİ DEPOLAMA TEKNİKERLİĞİ,Kimya,3240,SAY
138,1501,HİDROJEN VE ENERJİ DEPOLAMA TEKNİKERLİĞİ,Kimya Mühendisliği,6241,SAY
138,1501,HİDROJEN VE ENERJİ DEPOLAMA TEKNİKERLİĞİ,Maden Mühendisliği,3251,SAY
138,1501,HİDROJEN VE ENERJİ DEPOLAMA TEKNİKERLİĞİ,Makine Mühendisliği,3252,SAY
138,1501,HİDROJEN VE ENERJİ DEPOLAMA TEKNİKERLİĞİ,Petrol ve Doğalgaz Mühendisliği,3281,SAY
139,1502,HİDROLİK VE PNÖMATİK TEKNİKERLİĞİ,Makine Mühendisliği,3252,SAY
139,1502,HİDROLİK VE PNÖMATİK TEKNİKERLİĞİ,Mekatronik Mühendisliği,5119,SAY
140,1199,Host ve Hosteslik / Host ve Hosteslik (Otobüs),Seyahat İşletmeciliği,6303,EA
140,1199,Host ve Hosteslik / Host ve Hosteslik (Otobüs),Seyahat İşletmeciliği ve Turizm Rehberliği,9202,EA
140,1199,Host ve Hosteslik / Host ve Hosteslik (Otobüs),Turizm İşletmeciliği,3337,EA
140,1199,Host ve Hosteslik / Host ve Hosteslik (Otobüs),Turizm Rehberliği Tur,4372,SÖZ
140,6259,Otobüs İşletmeciliği,Seyahat İşletmeciliği,6303,EA
140,6259,Otobüs İşletmeciliği,Seyahat İşletmeciliği ve Turizm Rehberliği,9202,EA
140,6259,Otobüs İşletmeciliği,Turizm İşletmeciliği,3337,EA
140,6259,Otobüs İşletmeciliği,Turizm Rehberliği Tur,4372,SÖZ
140,9012,Otobüs Kaptanlığı,Seyahat İşletmeciliği,6303,EA
140,9012,Otobüs Kaptanlığı,Seyahat İşletmeciliği ve Turizm Rehberliği,9202,EA
140,9012,Otobüs Kaptanlığı,Turizm İşletmeciliği,3337,EA
140,9012,Otobüs Kaptanlığı,Turizm Rehberliği Tur,4372,SÖZ
140,1260,Otobüs Şoförlüğü (Kaptanlık) / Otobüs Şoförlüğü,Seyahat İşletmeciliği,6303,EA
140,1260,Otobüs Şoförlüğü (Kaptanlık) / Otobüs Şoförlüğü,Seyahat İşletmeciliği ve Turizm Rehberliği,9202,EA
140,1260,Otobüs Şoförlüğü (Kaptanlık) / Otobüs Şoförlüğü,Turizm İşletmeciliği,3337,EA
140,1260,Otobüs Şoförlüğü (Kaptanlık) / Otobüs Şoförlüğü,Turizm Rehberliği Tur,4372,SÖZ
140,1300,Seyahat İşletmeciliği,Seyahat İşletmeciliği,6303,EA
140,1300,Seyahat İşletmeciliği,Seyahat İşletmeciliği ve Turizm Rehberliği,9202,EA
140,1300,Seyahat İşletmeciliği,Turizm İşletmeciliği,3337,EA
140,1300,Seyahat İşletmeciliği,Turizm Rehberliği Tur,4372,SÖZ
140,1301,Seyahat İşletmeciliği ve Tur Operatörlüğü,Seyahat İşletmeciliği,6303,EA
140,1301,Seyahat İşletmeciliği ve Tur Operatörlüğü,Seyahat İşletmeciliği ve Turizm Rehberliği,9202,EA
140,1301,Seyahat İşletmeciliği ve Tur Operatörlüğü,Turizm İşletmeciliği,3337,EA
140,1301,Seyahat İşletmeciliği ve Tur Operatörlüğü,Turizm Rehberliği Tur,4372,SÖZ
140,1302,İşletmeciliği,Seyahat İşletmeciliği,6303,EA
140,1302,İşletmeciliği,Seyahat İşletmeciliği ve Turizm Rehberliği,9202,EA
140,1302,İşletmeciliği,Turizm İşletmeciliği,3337,EA
140,1302,İşletmeciliği,Turizm Rehberliği Tur,4372,SÖZ
140,9184,Seyahat ve Turizm İşletmeciliği,Seyahat İşletmeciliği,6303,EA
140,9184,Seyahat ve Turizm İşletmeciliği,Seyahat İşletmeciliği ve Turizm Rehberliği,9202,EA
140,9184,Seyahat ve Turizm İşletmeciliği,Turizm İşletmeciliği,3337,EA
140,9184,Seyahat ve Turizm İşletmeciliği,Turizm Rehberliği Tur,4372,SÖZ
140,8572,Turist Rehberliği,Seyahat İşletmeciliği,6303,EA
140,8572,Turist Rehberliği,Seyahat İşletmeciliği ve Turizm Rehberliği,9202,EA
140,8572,Turist Rehberliği,Turizm İşletmeciliği,3337,EA
140,8572,Turist Rehberliği,Turizm Rehberliği Tur,4372,SÖZ
140,1337,Turizm Rehberliği,Seyahat İşletmeciliği,6303,EA
140,1337,Turizm Rehberliği,Seyahat İşletmeciliği ve Turizm Rehberliği,9202,EA
140,1337,Turizm Rehberliği,Turizm İşletmeciliği,3337,EA
140,1337,Turizm Rehberliği,Turizm Rehberliği Tur,4372,SÖZ
141,9395,Hukuk Büro Yönetimi ve Sekreterliği,Halkla İlişkiler ve Tanıtım,3198,SÖZ
141,9395,Hukuk Büro Yönetimi ve Sekreterliği,İşletme,3226,EA
142,4283,İç Mekan Koruma ve Yenileme,İç Mimarlık,3211,SAY
142,4283,İç Mekan Koruma ve Yenileme,İç Mimarlık ve Çevre Tasarımı,3212,EA
142,4283,İç Mekan Koruma ve Yenileme,Kültür Varlıklarını Koruma ve Onarım,9141,EA
142,9272,İç Mekan Tasarımı,İç Mimarlık,3211,SAY
142,9272,İç Mekan Tasarımı,İç Mimarlık ve Çevre Tasarımı,3212,EA
142,9272,İç Mekan Tasarımı,Kültür Varlıklarını Koruma ve Onarım,9141,EA
143,4284,İhbar Kontrol,Bilgisayar Mühendisliği,3124,SAY
143,4284,İhbar Kontrol,Elektrik Mühendisliği,3160,SAY
143,4284,İhbar Kontrol,Elektrik-Elektronik Mühendisliği,3162,SAY
143,4284,İhbar Kontrol,Elektronik Mühendisliği,3163,SAY
143,4284,İhbar Kontrol,Elektronik ve Haberleşme Mühendisliği,3166,SAY
143,4284,İhbar Kontrol,Havacılık Elektrik ve Elektroniği,3200,SAY
143,4284,İhbar Kontrol,Makine Mühendisliği,3252,SAY
143,4284,İhbar Kontrol,Mekatronik Mühendisliği,5119,SAY
143,4284,İhbar Kontrol,Uçak Elektrik ve Elektroniği,1418,SAY
143,1221,Kontrol Sistemleri Teknolojisi,Bilgisayar Mühendisliği,3124,SAY
143,1221,Kontrol Sistemleri Teknolojisi,Elektrik Mühendisliği,3160,SAY
143,1221,Kontrol Sistemleri Teknolojisi,Elektrik-Elektronik Mühendisliği,3162,SAY
143,1221,Kontrol Sistemleri Teknolojisi,Elektronik Mühendisliği,3163,SAY
143,1221,Kontrol Sistemleri Teknolojisi,Elektronik ve Haberleşme Mühendisliği,3166,SAY
143,1221,Kontrol Sistemleri Teknolojisi,Havacılık Elektrik ve Elektroniği,3200,SAY
143,1221,Kontrol Sistemleri Teknolojisi,Makine Mühendisliği,3252,SAY
143,1221,Kontrol Sistemleri Teknolojisi,Mekatronik Mühendisliği,5119,SAY
143,1221,Kontrol Sistemleri Teknolojisi,Uçak Elektrik ve Elektroniği,1418,SAY
143,9069,Kontrol ve Otomasyon Teknolojisi,Bilgisayar Mühendisliği,3124,SAY
143,9069,Kontrol ve Otomasyon Teknolojisi,Elektrik Mühendisliği,3160,SAY
143,9069,Kontrol ve Otomasyon Teknolojisi,Elektrik-Elektronik Mühendisliği,3162,SAY
143,9069,Kontrol ve Otomasyon Teknolojisi,Elektronik Mühendisliği,3163,SAY
143,9069,Kontrol ve Otomasyon Teknolojisi,Elektronik ve Haberleşme Mühendisliği,3166,SAY
143,9069,Kontrol ve Otomasyon Teknolojisi,Havacılık Elektrik ve Elektroniği,3200,SAY
143,9069,Kontrol ve Otomasyon Teknolojisi,Makine Mühendisliği,3252,SAY
143,9069,Kontrol ve Otomasyon Teknolojisi,Mekatronik Mühendisliği,5119,SAY
143,9069,Kontrol ve Otomasyon Teknolojisi,Uçak Elektrik ve Elektroniği,1418,SAY
144,9064,Teknolojisi,Enerji Sistemleri Mühendisliği,8319,SAY
144,9064,Teknolojisi,Makine Mühendisliği,3252,SAY
144,1200,İklimlendirme-Soğutma,Enerji Sistemleri Mühendisliği,8319,SAY
144,1200,İklimlendirme-Soğutma,Makine Mühendisliği,3252,SAY
144,8565,Soğutma ve Havalandırma,Enerji Sistemleri Mühendisliği,8319,SAY
144,8565,Soğutma ve Havalandırma,Makine Mühendisliği,3252,SAY
145,2107,İlahiyat / İlahiyat (Önlisans),Arap Dili ve Edebiyatı,3109,SÖZ
145,2107,İlahiyat / İlahiyat (Önlisans),Arapça Öğretmenliği,3110,SÖZ
145,2107,İlahiyat / İlahiyat (Önlisans),Fars Dili ve Edebiyatı,3179,SÖZ
145,2107,İlahiyat / İlahiyat (Önlisans),İlahiyat,6214,SÖZ
145,2107,İlahiyat / İlahiyat (Önlisans),İlahiyat Lisans Tamamlama (İlitam) Programı,9999,SÖZ
145,2107,İlahiyat / İlahiyat (Önlisans),İslami İlimler,9270,SÖZ
145,1431,İslami İlimler,Arap Dili ve Edebiyatı,3109,SÖZ
145,1431,İslami İlimler,Arapça Öğretmenliği,3110,SÖZ
145,1431,İslami İlimler,Fars Dili ve Edebiyatı,3179,SÖZ
145,1431,İslami İlimler,İlahiyat,6214,SÖZ
145,1431,İslami İlimler,İlahiyat Lisans Tamamlama (İlitam) Programı,9999,SÖZ
145,1431,İslami İlimler,İslami İlimler,9270,SÖZ
146,9451,İlahiyat Fakültesi-Sosyal Bilimler Önlisans **,İlahiyat Lisans Tamamlama (İlitam) Programı,9999,SÖZ
146,9451,İlahiyat Fakültesi-Sosyal Bilimler Önlisans **,Görsel İletişim Tasarımı,5109,SÖZ
146,9451,İlahiyat Fakültesi-Sosyal Bilimler Önlisans **,Halkla İlişkiler ve Reklamcılık,5111,SÖZ
146,9451,İlahiyat Fakültesi-Sosyal Bilimler Önlisans **,Halkla İlişkiler ve Tanıtım,3198,SÖZ
146,9451,İlahiyat Fakültesi-Sosyal Bilimler Önlisans **,İletişim,3215,SÖZ
146,9451,İlahiyat Fakültesi-Sosyal Bilimler Önlisans **,İletişim Bilimleri,8327,SÖZ
146,9451,İlahiyat Fakültesi-Sosyal Bilimler Önlisans **,İletişim Tasarımı ve Yönetimi,9281,SÖZ
146,9451,İlahiyat Fakültesi-Sosyal Bilimler Önlisans **,İletişim ve Tasarımı,1428,SÖZ
146,9451,İlahiyat Fakültesi-Sosyal Bilimler Önlisans **,Medya ve İletişim,8244,SÖZ
146,9451,İlahiyat Fakültesi-Sosyal Bilimler Önlisans **,Reklam Tasarımı ve İletişimi,8249,SÖZ
146,9451,İlahiyat Fakültesi-Sosyal Bilimler Önlisans **,Reklamcılık,3291,SÖZ
146,9451,İlahiyat Fakültesi-Sosyal Bilimler Önlisans **,Yeni Medya,9142,SÖZ
146,9451,İlahiyat Fakültesi-Sosyal Bilimler Önlisans **,Yeni Medya ve İletişim,9471,SÖZ
146,5337,İletişim ve Halkla İlişkiler,İlahiyat Lisans Tamamlama (İlitam) Programı,9999,SÖZ
146,5337,İletişim ve Halkla İlişkiler,Görsel İletişim Tasarımı,5109,SÖZ
146,5337,İletişim ve Halkla İlişkiler,Halkla İlişkiler ve Reklamcılık,5111,SÖZ
146,5337,İletişim ve Halkla İlişkiler,Halkla İlişkiler ve Tanıtım,3198,SÖZ
146,5337,İletişim ve Halkla İlişkiler,İletişim,3215,SÖZ
146,5337,İletişim ve Halkla İlişkiler,İletişim Bilimleri,8327,SÖZ
146,5337,İletişim ve Halkla İlişkiler,İletişim Tasarımı ve Yönetimi,9281,SÖZ
146,5337,İletişim ve Halkla İlişkiler,İletişim ve Tasarımı,1428,SÖZ
146,5337,İletişim ve Halkla İlişkiler,Medya ve İletişim,8244,SÖZ
146,5337,İletişim ve Halkla İlişkiler,Reklam Tasarımı ve İletişimi,8249,SÖZ
146,5337,İletişim ve Halkla İlişkiler,Reklamcılık,3291,SÖZ
146,5337,İletişim ve Halkla İlişkiler,Yeni Medya,9142,SÖZ
146,5337,İletişim ve Halkla İlişkiler,Yeni Medya ve İletişim,9471,SÖZ
147,5338,İnsan Kaynakları,Çalışma Ekonomisi ve Endüstri İlişkileri,3141,EA
147,5338,İnsan Kaynakları,İnsan Kaynakları Yönetimi,8328,EA
147,5338,İnsan Kaynakları,İşletme,3226,EA
147,5338,İnsan Kaynakları,Kamu Yönetimi,3237,EA
147,5338,İnsan Kaynakları,Siyaset Bilimi,3313,EA
147,5338,İnsan Kaynakları,Siyaset Bilimi ve Kamu Yönetimi,3314,EA
147,5338,İnsan Kaynakları,Uluslararası İşletme Yönetimi,4391,EA
147,9073,İnsan Kaynakları Yönetimi,Çalışma Ekonomisi ve Endüstri İlişkileri,3141,EA
147,9073,İnsan Kaynakları Yönetimi,İnsan Kaynakları Yönetimi,8328,EA
147,9073,İnsan Kaynakları Yönetimi,İşletme,3226,EA
147,9073,İnsan Kaynakları Yönetimi,Kamu Yönetimi,3237,EA
147,9073,İnsan Kaynakları Yönetimi,Siyaset Bilimi,3313,EA
147,9073,İnsan Kaynakları Yönetimi,Siyaset Bilimi ve Kamu Yönetimi,3314,EA
147,9073,İnsan Kaynakları Yönetimi,Uluslararası İşletme Yönetimi,4391,EA
147,4332,Personel,Çalışma Ekonomisi ve Endüstri İlişkileri,3141,EA
147,4332,Personel,İnsan Kaynakları Yönetimi,8328,EA
147,4332,Personel,İşletme,3226,EA
147,4332,Personel,Kamu Yönetimi,3237,EA
147,4332,Personel,Siyaset Bilimi,3313,EA
147,4332,Personel,Siyaset Bilimi ve Kamu Yönetimi,3314,EA
147,4332,Personel,Uluslararası İşletme Yönetimi,4391,EA
147,6271,Personel Yönetimi,Çalışma Ekonomisi ve Endüstri İlişkileri,3141,EA
147,6271,Personel Yönetimi,İnsan Kaynakları Yönetimi,8328,EA
147,6271,Personel Yönetimi,İşletme,3226,EA
147,6271,Personel Yönetimi,Kamu Yönetimi,3237,EA
147,6271,Personel Yönetimi,Siyaset Bilimi,3313,EA
147,6271,Personel Yönetimi,Siyaset Bilimi ve Kamu Yönetimi,3314,EA
147,6271,Personel Yönetimi,Uluslararası İşletme Yönetimi,4391,EA
148,1463,İNSANSIZ ARAÇ TEKNİKERLİĞİ,Enerji Sistemleri Mühendisliği,8319,SAY
148,1463,İNSANSIZ ARAÇ TEKNİKERLİĞİ,Gemi İnşaatı ve Gemi Makineleri Mühendisliği,8322,SAY
148,1463,İNSANSIZ ARAÇ TEKNİKERLİĞİ,Makine Mühendisliği,3252,SAY
148,1463,İNSANSIZ ARAÇ TEKNİKERLİĞİ,Otomotiv Mühendisliği,8333,SAY
148,1463,İNSANSIZ ARAÇ TEKNİKERLİĞİ,Uçak Bakım ve Onarım,1361,SAY
148,1463,İNSANSIZ ARAÇ TEKNİKERLİĞİ,Uçak Gövde ve Motor Bakımı,1417,SAY
148,9496,Makine Motor,Enerji Sistemleri Mühendisliği,8319,SAY
148,9496,Makine Motor,Gemi İnşaatı ve Gemi Makineleri Mühendisliği,8322,SAY
148,9496,Makine Motor,Makine Mühendisliği,3252,SAY
148,9496,Makine Motor,Otomotiv Mühendisliği,8333,SAY
148,9496,Makine Motor,Uçak Bakım ve Onarım,1361,SAY
148,9496,Makine Motor,Uçak Gövde ve Motor Bakımı,1417,SAY
148,8545,Motor,Enerji Sistemleri Mühendisliği,8319,SAY
148,8545,Motor,Gemi İnşaatı ve Gemi Makineleri Mühendisliği,8322,SAY
148,8545,Motor,Makine Mühendisliği,3252,SAY
148,8545,Motor,Otomotiv Mühendisliği,8333,SAY
148,8545,Motor,Uçak Bakım ve Onarım,1361,SAY
148,8545,Motor,Uçak Gövde ve Motor Bakımı,1417,SAY
148,9566,Motor Otomotiv,Enerji Sistemleri Mühendisliği,8319,SAY
148,9566,Motor Otomotiv,Gemi İnşaatı ve Gemi Makineleri Mühendisliği,8322,SAY
148,9566,Motor Otomotiv,Makine Mühendisliği,3252,SAY
148,9566,Motor Otomotiv,Otomotiv Mühendisliği,8333,SAY
148,9566,Motor Otomotiv,Uçak Bakım ve Onarım,1361,SAY
148,9566,Motor Otomotiv,Uçak Gövde ve Motor Bakımı,1417,SAY
148,4320,Motorlu Araçlar Teknolojisi,Enerji Sistemleri Mühendisliği,8319,SAY
148,4320,Motorlu Araçlar Teknolojisi,Gemi İnşaatı ve Gemi Makineleri Mühendisliği,8322,SAY
148,4320,Motorlu Araçlar Teknolojisi,Makine Mühendisliği,3252,SAY
148,4320,Motorlu Araçlar Teknolojisi,Otomotiv Mühendisliği,8333,SAY
148,4320,Motorlu Araçlar Teknolojisi,Uçak Bakım ve Onarım,1361,SAY
148,4320,Motorlu Araçlar Teknolojisi,Uçak Gövde ve Motor Bakımı,1417,SAY
149,1201,İnşaat,İnşaat Mühendisliği,3221,SAY
149,1201,İnşaat,Kültür Varlıklarını Koruma ve Onarım,9141,EA
149,1201,İnşaat,Mimarlık,3263,SAY
149,8535,İnşaat Teknikerliği,İnşaat Mühendisliği,3221,SAY
149,8535,İnşaat Teknikerliği,Kültür Varlıklarını Koruma ve Onarım,9141,EA
149,8535,İnşaat Teknikerliği,Mimarlık,3263,SAY
149,9052,İnşaat Teknolojisi,İnşaat Mühendisliği,3221,SAY
149,9052,İnşaat Teknolojisi,Kültür Varlıklarını Koruma ve Onarım,9141,EA
149,9052,İnşaat Teknolojisi,Mimarlık,3263,SAY
149,1348,Yapı Ressamlığı,İnşaat Mühendisliği,3221,SAY
149,1348,Yapı Ressamlığı,Kültür Varlıklarını Koruma ve Onarım,9141,EA
149,1348,Yapı Ressamlığı,Mimarlık,3263,SAY
150,6202,İnşaat ve Sanayi Boya Uygulama Teknolojisi,Kimya,3240,SAY
150,6202,İnşaat ve Sanayi Boya Uygulama Teknolojisi,Kimya Mühendisliği,6241,SAY
150,6202,İnşaat ve Sanayi Boya Uygulama Teknolojisi,Basın ve Yayın,3121,SÖZ
150,6202,İnşaat ve Sanayi Boya Uygulama Teknolojisi,Fotoğraf,7158,SÖZ
150,6202,İnşaat ve Sanayi Boya Uygulama Teknolojisi,Fotoğraf ve Video,7211,SÖZ
150,6202,İnşaat ve Sanayi Boya Uygulama Teknolojisi,Gazetecilik,6188,SÖZ
150,6202,İnşaat ve Sanayi Boya Uygulama Teknolojisi,Görsel İletişim Tasarımı,5109,SÖZ
150,6202,İnşaat ve Sanayi Boya Uygulama Teknolojisi,Görsel Sanatlar,9162,SÖZ
150,6202,İnşaat ve Sanayi Boya Uygulama Teknolojisi,Grafik,7160,EA
150,6202,İnşaat ve Sanayi Boya Uygulama Teknolojisi,Grafik Sanatlar,7145,EA
150,6202,İnşaat ve Sanayi Boya Uygulama Teknolojisi,Grafik Tasarımı,7162,EA
150,6202,İnşaat ve Sanayi Boya Uygulama Teknolojisi,Halkla İlişkiler ve Reklamcılık,5111,SÖZ
150,6202,İnşaat ve Sanayi Boya Uygulama Teknolojisi,İletişim,3215,SÖZ
150,6202,İnşaat ve Sanayi Boya Uygulama Teknolojisi,İletişim Bilimleri,8327,SÖZ
150,6202,İnşaat ve Sanayi Boya Uygulama Teknolojisi,İletişim Tasarımı ve Yönetimi,9281,SÖZ
150,6202,İnşaat ve Sanayi Boya Uygulama Teknolojisi,İletişim ve Tasarımı,1428,SÖZ
150,6202,İnşaat ve Sanayi Boya Uygulama Teknolojisi,Medya ve İletişim,8244,SÖZ
150,6202,İnşaat ve Sanayi Boya Uygulama Teknolojisi,"Radyo, Televizyon ve Sinema",3287,SÖZ
150,6202,İnşaat ve Sanayi Boya Uygulama Teknolojisi,Reklam Tasarımı ve İletişimi,8249,SÖZ
150,6202,İnşaat ve Sanayi Boya Uygulama Teknolojisi,Reklamcılık,3291,SÖZ
150,6202,İnşaat ve Sanayi Boya Uygulama Teknolojisi,Sinema ve Dijital Medya,9309,SÖZ
150,6202,İnşaat ve Sanayi Boya Uygulama Teknolojisi,Televizyon Haberciliği ve Programcılığı,8351,SÖZ
150,6202,İnşaat ve Sanayi Boya Uygulama Teknolojisi,Yeni Medya,9142,SÖZ
150,6202,İnşaat ve Sanayi Boya Uygulama Teknolojisi,Yeni Medya ve İletişim,9471,SÖZ
150,6223,Kozmetik Teknolojisi,Kimya,3240,SAY
150,6223,Kozmetik Teknolojisi,Kimya Mühendisliği,6241,SAY
150,6223,Kozmetik Teknolojisi,Basın ve Yayın,3121,SÖZ
150,6223,Kozmetik Teknolojisi,Fotoğraf,7158,SÖZ
150,6223,Kozmetik Teknolojisi,Fotoğraf ve Video,7211,SÖZ
150,6223,Kozmetik Teknolojisi,Gazetecilik,6188,SÖZ
150,6223,Kozmetik Teknolojisi,Görsel İletişim Tasarımı,5109,SÖZ
150,6223,Kozmetik Teknolojisi,Görsel Sanatlar,9162,SÖZ
150,6223,Kozmetik Teknolojisi,Grafik,7160,EA
150,6223,Kozmetik Teknolojisi,Grafik Sanatlar,7145,EA
150,6223,Kozmetik Teknolojisi,Grafik Tasarımı,7162,EA
150,6223,Kozmetik Teknolojisi,Halkla İlişkiler ve Reklamcılık,5111,SÖZ
150,6223,Kozmetik Teknolojisi,İletişim,3215,SÖZ
150,6223,Kozmetik Teknolojisi,İletişim Bilimleri,8327,SÖZ
150,6223,Kozmetik Teknolojisi,İletişim Tasarımı ve Yönetimi,9281,SÖZ
150,6223,Kozmetik Teknolojisi,İletişim ve Tasarımı,1428,SÖZ
150,6223,Kozmetik Teknolojisi,Medya ve İletişim,8244,SÖZ
150,6223,Kozmetik Teknolojisi,"Radyo, Televizyon ve Sinema",3287,SÖZ
150,6223,Kozmetik Teknolojisi,Reklam Tasarımı ve İletişimi,8249,SÖZ
150,6223,Kozmetik Teknolojisi,Reklamcılık,3291,SÖZ
150,6223,Kozmetik Teknolojisi,Sinema ve Dijital Medya,9309,SÖZ
150,6223,Kozmetik Teknolojisi,Televizyon Haberciliği ve Programcılığı,8351,SÖZ
150,6223,Kozmetik Teknolojisi,Yeni Medya,9142,SÖZ
150,6223,Kozmetik Teknolojisi,Yeni Medya ve İletişim,9471,SÖZ
150,8605,İnternet Gazeteciliği ve Yayıncılığı,Kimya,3240,SAY
150,8605,İnternet Gazeteciliği ve Yayıncılığı,Kimya Mühendisliği,6241,SAY
150,8605,İnternet Gazeteciliği ve Yayıncılığı,Basın ve Yayın,3121,SÖZ
150,8605,İnternet Gazeteciliği ve Yayıncılığı,Fotoğraf,7158,SÖZ
150,8605,İnternet Gazeteciliği ve Yayıncılığı,Fotoğraf ve Video,7211,SÖZ
150,8605,İnternet Gazeteciliği ve Yayıncılığı,Gazetecilik,6188,SÖZ
150,8605,İnternet Gazeteciliği ve Yayıncılığı,Görsel İletişim Tasarımı,5109,SÖZ
150,8605,İnternet Gazeteciliği ve Yayıncılığı,Görsel Sanatlar,9162,SÖZ
150,8605,İnternet Gazeteciliği ve Yayıncılığı,Grafik,7160,EA
150,8605,İnternet Gazeteciliği ve Yayıncılığı,Grafik Sanatlar,7145,EA
150,8605,İnternet Gazeteciliği ve Yayıncılığı,Grafik Tasarımı,7162,EA
150,8605,İnternet Gazeteciliği ve Yayıncılığı,Halkla İlişkiler ve Reklamcılık,5111,SÖZ
150,8605,İnternet Gazeteciliği ve Yayıncılığı,İletişim,3215,SÖZ
150,8605,İnternet Gazeteciliği ve Yayıncılığı,İletişim Bilimleri,8327,SÖZ
150,8605,İnternet Gazeteciliği ve Yayıncılığı,İletişim Tasarımı ve Yönetimi,9281,SÖZ
150,8605,İnternet Gazeteciliği ve Yayıncılığı,İletişim ve Tasarımı,1428,SÖZ
150,8605,İnternet Gazeteciliği ve Yayıncılığı,Medya ve İletişim,8244,SÖZ
150,8605,İnternet Gazeteciliği ve Yayıncılığı,"Radyo, Televizyon ve Sinema",3287,SÖZ
150,8605,İnternet Gazeteciliği ve Yayıncılığı,Reklam Tasarımı ve İletişimi,8249,SÖZ
150,8605,İnternet Gazeteciliği ve Yayıncılığı,Reklamcılık,3291,SÖZ
150,8605,İnternet Gazeteciliği ve Yayıncılığı,Sinema ve Dijital Medya,9309,SÖZ
150,8605,İnternet Gazeteciliği ve Yayıncılığı,Televizyon Haberciliği ve Programcılığı,8351,SÖZ
150,8605,İnternet Gazeteciliği ve Yayıncılığı,Yeni Medya,9142,SÖZ
150,8605,İnternet Gazeteciliği ve Yayıncılığı,Yeni Medya ve İletişim,9471,SÖZ
150,5348,Masaüstü Yayıncılık,Kimya,3240,SAY
150,5348,Masaüstü Yayıncılık,Kimya Mühendisliği,6241,SAY
150,5348,Masaüstü Yayıncılık,Basın ve Yayın,3121,SÖZ
150,5348,Masaüstü Yayıncılık,Fotoğraf,7158,SÖZ
150,5348,Masaüstü Yayıncılık,Fotoğraf ve Video,7211,SÖZ
150,5348,Masaüstü Yayıncılık,Gazetecilik,6188,SÖZ
150,5348,Masaüstü Yayıncılık,Görsel İletişim Tasarımı,5109,SÖZ
150,5348,Masaüstü Yayıncılık,Görsel Sanatlar,9162,SÖZ
150,5348,Masaüstü Yayıncılık,Grafik,7160,EA
150,5348,Masaüstü Yayıncılık,Grafik Sanatlar,7145,EA
150,5348,Masaüstü Yayıncılık,Grafik Tasarımı,7162,EA
150,5348,Masaüstü Yayıncılık,Halkla İlişkiler ve Reklamcılık,5111,SÖZ
150,5348,Masaüstü Yayıncılık,İletişim,3215,SÖZ
150,5348,Masaüstü Yayıncılık,İletişim Bilimleri,8327,SÖZ
150,5348,Masaüstü Yayıncılık,İletişim Tasarımı ve Yönetimi,9281,SÖZ
150,5348,Masaüstü Yayıncılık,İletişim ve Tasarımı,1428,SÖZ
150,5348,Masaüstü Yayıncılık,Medya ve İletişim,8244,SÖZ
150,5348,Masaüstü Yayıncılık,"Radyo, Televizyon ve Sinema",3287,SÖZ
150,5348,Masaüstü Yayıncılık,Reklam Tasarımı ve İletişimi,8249,SÖZ
150,5348,Masaüstü Yayıncılık,Reklamcılık,3291,SÖZ
150,5348,Masaüstü Yayıncılık,Sinema ve Dijital Medya,9309,SÖZ
150,5348,Masaüstü Yayıncılık,Televizyon Haberciliği ve Programcılığı,8351,SÖZ
150,5348,Masaüstü Yayıncılık,Yeni Medya,9142,SÖZ
150,5348,Masaüstü Yayıncılık,Yeni Medya ve İletişim,9471,SÖZ
151,8536,İnternet İle Pazarlama,Ekonomi ve Finans,5105,EA
151,8536,İnternet İle Pazarlama,Görsel İletişim Tasarımı,5109,SÖZ
151,8536,İnternet İle Pazarlama,Halkla İlişkiler ve Reklamcılık,5111,SÖZ
151,8536,İnternet İle Pazarlama,Halkla İlişkiler ve Tanıtım,3198,SÖZ
151,8536,İnternet İle Pazarlama,İletişim,3215,SÖZ
151,8536,İnternet İle Pazarlama,İletişim Bilimleri,8327,SÖZ
151,8536,İnternet İle Pazarlama,İşletme,3226,EA
151,8536,İnternet İle Pazarlama,Lojistik Yönetimi,8222,EA
151,8536,İnternet İle Pazarlama,Pazarlama,8334,EA
151,8536,İnternet İle Pazarlama,Reklam Tasarımı ve İletişimi,8249,SÖZ
151,8536,İnternet İle Pazarlama,Reklamcılık,3291,SÖZ
151,8536,İnternet İle Pazarlama,Uluslararası İşletme Yönetimi,4391,EA
151,8536,İnternet İle Pazarlama,Uluslararası Ticaret,3355,EA
151,8536,İnternet İle Pazarlama,Uluslararası Ticaret ve Finansman,5131,EA
151,8536,İnternet İle Pazarlama,Uluslararası Ticaret ve İşletmecilik,3356,EA
151,8536,İnternet İle Pazarlama,Uluslararası Ticaret ve Lojistik,9009,EA
152,4291,İnternet ve Ağ Teknolojileri,Bilgisayar Bilimleri,8143,SAY
152,4291,İnternet ve Ağ Teknolojileri,Bilgisayar Mühendisliği,3124,SAY
152,4291,İnternet ve Ağ Teknolojileri,Bilgisayar ve Öğretim Teknolojileri Öğretmenliği,3129,SAY
152,4291,İnternet ve Ağ Teknolojileri,Bilişim Sistemleri Mühendisliği,5103,SAY
152,4291,İnternet ve Ağ Teknolojileri,Bilişim Sistemleri ve Teknolojileri,3130,SAY
152,4291,İnternet ve Ağ Teknolojileri,Matematik ve Bilgisayar Bilimleri,3256,SAY
152,4291,İnternet ve Ağ Teknolojileri,Yazılım Mühendisliği,5134,SAY
152,4291,İnternet ve Ağ Teknolojileri,Yönetim Bilişim Sistemleri,3361,EA
153,1204,İş Makineleri,Makine Mühendisliği,3252,SAY
153,1204,İş Makineleri,Otomotiv Mühendisliği,8333,SAY
153,1204,İş Makineleri,Tarım Makineleri ve Teknolojileri Mühendisliği,9423,SAY
153,9227,İş Makineleri Operatörlüğü,Makine Mühendisliği,3252,SAY
153,9227,İş Makineleri Operatörlüğü,Otomotiv Mühendisliği,8333,SAY
153,9227,İş Makineleri Operatörlüğü,Tarım Makineleri ve Teknolojileri Mühendisliği,9423,SAY
154,8607,İş Sağlığı ve Güvenliği,Acil Yardım ve Afet Yönetimi,8342,SAY
154,8607,İş Sağlığı ve Güvenliği,İş Sağlığı ve Güvenliği,9324,SAY
154,8607,İş Sağlığı ve Güvenliği,İşletme,3226,EA
154,8607,İş Sağlığı ve Güvenliği,Sağlık Yönetimi,6298,EA
154,8607,İş Sağlığı ve Güvenliği,Sosyal Hizmet,6318,EA
154,8607,İş Sağlığı ve Güvenliği,Uluslararası İşletme Yönetimi,4391,EA
154,1205,İşçi Sağlığı ve İş Güvenliği,Acil Yardım ve Afet Yönetimi,8342,SAY
154,1205,İşçi Sağlığı ve İş Güvenliği,İş Sağlığı ve Güvenliği,9324,SAY
154,1205,İşçi Sağlığı ve İş Güvenliği,İşletme,3226,EA
154,1205,İşçi Sağlığı ve İş Güvenliği,Sağlık Yönetimi,6298,EA
154,1205,İşçi Sağlığı ve İş Güvenliği,Sosyal Hizmet,6318,EA
154,1205,İşçi Sağlığı ve İş Güvenliği,Uluslararası İşletme Yönetimi,4391,EA
155,5340,İş ve Uğraşı Terapisi,Acil Yardım ve Afet Yönetimi,8342,SAY
155,5340,İş ve Uğraşı Terapisi,Ergoterapi,9225,SAY
155,5340,İş ve Uğraşı Terapisi,Fizyoterapi ve Rehabilitasyon,8344,SAY
155,5340,İş ve Uğraşı Terapisi,Hemşirelik,3204,SAY
155,5340,İş ve Uğraşı Terapisi,Sağlık Yönetimi,6298,EA
155,5340,İş ve Uğraşı Terapisi,Sosyal Hizmet,6318,EA
156,1206,İşletme Organizasyonu ve Çiftlik Yönetimi,Ekonomi ve Finans,5105,EA
156,1206,İşletme Organizasyonu ve Çiftlik Yönetimi,İşletme,3226,EA
156,1206,İşletme Organizasyonu ve Çiftlik Yönetimi,Lojistik Yönetimi,8222,EA
156,1206,İşletme Organizasyonu ve Çiftlik Yönetimi,Tarım Ekonomisi,3382,EA
156,1206,İşletme Organizasyonu ve Çiftlik Yönetimi,Uluslararası İşletme Yönetimi,4391,EA
156,1206,İşletme Organizasyonu ve Çiftlik Yönetimi,Muhasebe ve Finans Yönetimi,5123,EA
156,1222,Kooperatifçilik,Ekonomi ve Finans,5105,EA
156,1222,Kooperatifçilik,İşletme,3226,EA
156,1222,Kooperatifçilik,Lojistik Yönetimi,8222,EA
156,1222,Kooperatifçilik,Tarım Ekonomisi,3382,EA
156,1222,Kooperatifçilik,Uluslararası İşletme Yönetimi,4391,EA
156,1222,Kooperatifçilik,Muhasebe ve Finans Yönetimi,5123,EA
156,9253,Tarım İşletmeciliği,Ekonomi ve Finans,5105,EA
156,9253,Tarım İşletmeciliği,İşletme,3226,EA
156,9253,Tarım İşletmeciliği,Lojistik Yönetimi,8222,EA
156,9253,Tarım İşletmeciliği,Tarım Ekonomisi,3382,EA
156,9253,Tarım İşletmeciliği,Uluslararası İşletme Yönetimi,4391,EA
156,9253,Tarım İşletmeciliği,Muhasebe ve Finans Yönetimi,5123,EA
156,5366,Tarımsal İşletmecilik,Ekonomi ve Finans,5105,EA
156,5366,Tarımsal İşletmecilik,İşletme,3226,EA
156,5366,Tarımsal İşletmecilik,Lojistik Yönetimi,8222,EA
156,5366,Tarımsal İşletmecilik,Tarım Ekonomisi,3382,EA
156,5366,Tarımsal İşletmecilik,Uluslararası İşletme Yönetimi,4391,EA
156,5366,Tarımsal İşletmecilik,Muhasebe ve Finans Yönetimi,5123,EA
156,1314,Tarımsal Kooperatifçilik,Ekonomi ve Finans,5105,EA
156,1314,Tarımsal Kooperatifçilik,İşletme,3226,EA
156,1314,Tarımsal Kooperatifçilik,Lojistik Yönetimi,8222,EA
156,1314,Tarımsal Kooperatifçilik,Tarım Ekonomisi,3382,EA
156,1314,Tarımsal Kooperatifçilik,Uluslararası İşletme Yönetimi,4391,EA
156,1314,Tarımsal Kooperatifçilik,Muhasebe ve Finans Yönetimi,5123,EA
156,9331,İşletme-Muhasebe,Ekonomi ve Finans,5105,EA
156,9331,İşletme-Muhasebe,İşletme,3226,EA
156,9331,İşletme-Muhasebe,Lojistik Yönetimi,8222,EA
156,9331,İşletme-Muhasebe,Tarım Ekonomisi,3382,EA
156,9331,İşletme-Muhasebe,Uluslararası İşletme Yönetimi,4391,EA
156,9331,İşletme-Muhasebe,Muhasebe ve Finans Yönetimi,5123,EA
157,1209,İthalat-İhracat,Bankacılık,3117,EA
157,1209,İthalat-İhracat,Bankacılık ve Sigortacılık,3120,EA
157,1209,İthalat-İhracat,Çalışma Ekonomisi ve Endüstri İlişkileri,3141,EA
157,1209,İthalat-İhracat,Ekonomi,3159,EA
157,1209,İthalat-İhracat,Ekonomi ve Finans,5105,EA
157,1209,İthalat-İhracat,Finans ve Bankacılık,9371,EA
157,1209,İthalat-İhracat,İktisat,3213,EA
157,1209,İthalat-İhracat,İSLAM İKTİSADI VE FİNANS,1425,EA
157,1209,İthalat-İhracat,İşletme,3226,EA
157,1209,İthalat-İhracat,Lojistik Yönetimi,8222,EA
157,1209,İthalat-İhracat,Sermaye Piyasası,3302,EA
157,1209,İthalat-İhracat,Uluslararası Finans,6351,EA
157,1209,İthalat-İhracat,Uluslararası Finans ve Bankacılık,9353,EA
157,1209,İthalat-İhracat,Uluslararası İşletme Yönetimi,4391,EA
157,1209,İthalat-İhracat,Uluslararası Ticaret,3355,EA
157,1209,İthalat-İhracat,Uluslararası Ticaret ve Finansman,5131,EA
157,1209,İthalat-İhracat,Uluslararası Ticaret ve İşletmecilik,3356,EA
157,1209,İthalat-İhracat,Uluslararası Ticaret ve Lojistik,9009,EA
158,5342,Jokeylik,Hayvansal Üretim ve Teknolojileri,9455,SAY
158,5350,Nalbantlık,Hayvansal Üretim ve Teknolojileri,9455,SAY
159,9029,Kağıt Teknolojisi,Ağaç İşleri Endüstri Mühendisliği,3101,SAY
159,9029,Kağıt Teknolojisi,Kimya,3240,SAY
159,9029,Kağıt Teknolojisi,Kimya Mühendisliği,6241,SAY
159,9029,Kağıt Teknolojisi,Orman Endüstrisi Mühendisliği,3276,SAY
159,1211,Kağıt ve Kağıt İşleme Teknolojisi,Ağaç İşleri Endüstri Mühendisliği,3101,SAY
159,1211,Kağıt ve Kağıt İşleme Teknolojisi,Kimya,3240,SAY
159,1211,Kağıt ve Kağıt İşleme Teknolojisi,Kimya Mühendisliği,6241,SAY
159,1211,Kağıt ve Kağıt İşleme Teknolojisi,Orman Endüstrisi Mühendisliği,3276,SAY
159,1212,Kağıtçılık,Ağaç İşleri Endüstri Mühendisliği,3101,SAY
159,1212,Kağıtçılık,Kimya,3240,SAY
159,1212,Kağıtçılık,Kimya Mühendisliği,6241,SAY
159,1212,Kağıtçılık,Orman Endüstrisi Mühendisliği,3276,SAY
159,5360,Selüloz ve Kağıt Teknolojisi,Ağaç İşleri Endüstri Mühendisliği,3101,SAY
159,5360,Selüloz ve Kağıt Teknolojisi,Kimya,3240,SAY
159,5360,Selüloz ve Kağıt Teknolojisi,Kimya Mühendisliği,6241,SAY
159,5360,Selüloz ve Kağıt Teknolojisi,Orman Endüstrisi Mühendisliği,3276,SAY
159,1295,Selüloz ve Kağıtçılık,Ağaç İşleri Endüstri Mühendisliği,3101,SAY
159,1295,Selüloz ve Kağıtçılık,Kimya,3240,SAY
159,1295,Selüloz ve Kağıtçılık,Kimya Mühendisliği,6241,SAY
159,1295,Selüloz ve Kağıtçılık,Orman Endüstrisi Mühendisliği,3276,SAY
160,2377,Kalite Kontrol,Endüstri Mühendisliği,3168,SAY
160,2377,Kalite Kontrol,İmalat Mühendisliği,5114,SAY
160,2377,Kalite Kontrol,Makine Mühendisliği,3252,SAY
160,1214,Üretimde Kalite Kontrol,Endüstri Mühendisliği,3168,SAY
160,1214,Üretimde Kalite Kontrol,İmalat Mühendisliği,5114,SAY
160,1214,Üretimde Kalite Kontrol,Makine Mühendisliği,3252,SAY
161,1216,Karayolu Ulaşımı ve Trafik,Lojistik Yönetimi,8222,EA
161,1216,Karayolu Ulaşımı ve Trafik,Seyahat İşletmeciliği,6303,EA
161,1503,KARAYOLU YÜK TAŞITI SÜRÜCÜLÜĞÜ,Lojistik Yönetimi,8222,EA
161,1503,KARAYOLU YÜK TAŞITI SÜRÜCÜLÜĞÜ,Seyahat İşletmeciliği,6303,EA
161,1341,Ulaştırma,Lojistik Yönetimi,8222,EA
161,1341,Ulaştırma,Seyahat İşletmeciliği,6303,EA
161,9011,Ulaştırma ve Trafik Hizmetleri,Lojistik Yönetimi,8222,EA
161,9011,Ulaştırma ve Trafik Hizmetleri,Seyahat İşletmeciliği,6303,EA
162,8538,Kargo / Kargo Hizmetleri,Lojistik Yönetimi,8222,EA
162,8538,Kargo / Kargo Hizmetleri,Uluslararası Ticaret ve Finansman,5131,EA
162,8538,Kargo / Kargo Hizmetleri,Uluslararası Ticaret ve İşletmecilik,3356,EA
162,8538,Kargo / Kargo Hizmetleri,Uluslararası Ticaret ve Lojistik,9009,EA
162,9099,Posta Hizmetleri,Lojistik Yönetimi,8222,EA
162,9099,Posta Hizmetleri,Uluslararası Ticaret ve Finansman,5131,EA
162,9099,Posta Hizmetleri,Uluslararası Ticaret ve İşletmecilik,3356,EA
162,9099,Posta Hizmetleri,Uluslararası Ticaret ve Lojistik,9009,EA
163,6217,Kaynak Teknolojisi,Malzeme Bilimi ve Mühendisliği,5118,SAY
163,6217,Kaynak Teknolojisi,Metalurji ve Malzeme Mühendisliği,3261,SAY
163,6217,Kaynak Teknolojisi,Nanoteknoloji Mühendisliği,9389,SAY
163,8539,Kaynakçılık,Malzeme Bilimi ve Mühendisliği,5118,SAY
163,8539,Kaynakçılık,Metalurji ve Malzeme Mühendisliği,3261,SAY
163,8539,Kaynakçılık,Nanoteknoloji Mühendisliği,9389,SAY
163,1483,SU ALTI KAYNAK TEKNOLOJİSİ,Malzeme Bilimi ve Mühendisliği,5118,SAY
163,1483,SU ALTI KAYNAK TEKNOLOJİSİ,Metalurji ve Malzeme Mühendisliği,3261,SAY
163,1483,SU ALTI KAYNAK TEKNOLOJİSİ,Nanoteknoloji Mühendisliği,9389,SAY
163,9211,Tahribatsız Muayene,Malzeme Bilimi ve Mühendisliği,5118,SAY
163,9211,Tahribatsız Muayene,Metalurji ve Malzeme Mühendisliği,3261,SAY
163,9211,Tahribatsız Muayene,Nanoteknoloji Mühendisliği,9389,SAY
164,9315,Kesme Çiçek Yetiştiriciliği,Bahçe Bitkileri,8147,SAY
164,9315,Kesme Çiçek Yetiştiriciliği,Kentsel Tasarım ve Peyzaj Mimarlığı,3283,SAY
164,9315,Kesme Çiçek Yetiştiriciliği,Orman Mühendisliği,6277,SAY
164,9315,Kesme Çiçek Yetiştiriciliği,Peyzaj Mimarlığı,6283,SAY
164,1273,Peyzaj,Bahçe Bitkileri,8147,SAY
164,1273,Peyzaj,Kentsel Tasarım ve Peyzaj Mimarlığı,3283,SAY
164,1273,Peyzaj,Orman Mühendisliği,6277,SAY
164,1273,Peyzaj,Peyzaj Mimarlığı,6283,SAY
164,1274,Peyzaj Uygulama ve Süs Bitkileri,Bahçe Bitkileri,8147,SAY
164,1274,Peyzaj Uygulama ve Süs Bitkileri,Kentsel Tasarım ve Peyzaj Mimarlığı,3283,SAY
164,1274,Peyzaj Uygulama ve Süs Bitkileri,Orman Mühendisliği,6277,SAY
164,1274,Peyzaj Uygulama ve Süs Bitkileri,Peyzaj Mimarlığı,6283,SAY
164,4339,Peyzaj ve Çevre Tasarımı,Bahçe Bitkileri,8147,SAY
164,4339,Peyzaj ve Çevre Tasarımı,Kentsel Tasarım ve Peyzaj Mimarlığı,3283,SAY
164,4339,Peyzaj ve Çevre Tasarımı,Orman Mühendisliği,6277,SAY
164,4339,Peyzaj ve Çevre Tasarımı,Peyzaj Mimarlığı,6283,SAY
164,1275,Peyzaj ve Süs Bitkileri,Bahçe Bitkileri,8147,SAY
164,1275,Peyzaj ve Süs Bitkileri,Kentsel Tasarım ve Peyzaj Mimarlığı,3283,SAY
164,1275,Peyzaj ve Süs Bitkileri,Orman Mühendisliği,6277,SAY
164,1275,Peyzaj ve Süs Bitkileri,Peyzaj Mimarlığı,6283,SAY
164,1375,Peyzaj ve Süs Bitkileri Yetiştiriciliği,Bahçe Bitkileri,8147,SAY
164,1375,Peyzaj ve Süs Bitkileri Yetiştiriciliği,Kentsel Tasarım ve Peyzaj Mimarlığı,3283,SAY
164,1375,Peyzaj ve Süs Bitkileri Yetiştiriciliği,Orman Mühendisliği,6277,SAY
164,1375,Peyzaj ve Süs Bitkileri Yetiştiriciliği,Peyzaj Mimarlığı,6283,SAY
165,1218,Kimya,Biyokimya,3132,SAY
165,1218,Kimya,Çevre Mühendisliği,3142,SAY
165,1218,Kimya,Kimya,3240,SAY
165,1218,Kimya,Kimya Mühendisliği,6241,SAY
165,1218,Kimya,Malzeme Bilimi ve Mühendisliği,5118,SAY
165,1218,Kimya,Nanobilim ve Nanoteknoloji,9481,SAY
165,1218,Kimya,Polimer Malzeme Mühendisliği,1407,SAY
165,1247,Kimya Teknolojisi,Biyokimya,3132,SAY
165,1247,Kimya Teknolojisi,Çevre Mühendisliği,3142,SAY
165,1247,Kimya Teknolojisi,Kimya,3240,SAY
165,1247,Kimya Teknolojisi,Kimya Mühendisliği,6241,SAY
165,1247,Kimya Teknolojisi,Malzeme Bilimi ve Mühendisliği,5118,SAY
165,1247,Kimya Teknolojisi,Nanobilim ve Nanoteknoloji,9481,SAY
165,1247,Kimya Teknolojisi,Polimer Malzeme Mühendisliği,1407,SAY
166,9438,Kültür Balıkçılığı,Balıkçılık Teknolojisi Mühendisliği,3116,SAY
166,9438,Kültür Balıkçılığı,Gıda Mühendisliği,3191,SAY
166,9438,Kültür Balıkçılığı,Gıda Teknolojisi,4271,SAY
166,9438,Kültür Balıkçılığı,Su Ürünleri Mühendisliği,8337,SAY
166,9232,Su Ürünleri İşleme Teknolojisi,Balıkçılık Teknolojisi Mühendisliği,3116,SAY
166,9232,Su Ürünleri İşleme Teknolojisi,Gıda Mühendisliği,3191,SAY
166,9232,Su Ürünleri İşleme Teknolojisi,Gıda Teknolojisi,4271,SAY
166,9232,Su Ürünleri İşleme Teknolojisi,Su Ürünleri Mühendisliği,8337,SAY
167,9134,Kültürel Miras ve Turizm,Antropoloji,3108,EA
167,9134,Kültürel Miras ve Turizm,Arkeoloji,3111,EA
167,9134,Kültürel Miras ve Turizm,İşletme,3226,EA
167,9134,Kültürel Miras ve Turizm,Müzecilik,9397,EA
167,9134,Kültürel Miras ve Turizm,Sanat Tarihi,3299,SÖZ
167,9134,Kültürel Miras ve Turizm,Turizm İşletmeciliği,3337,EA
167,9134,Kültürel Miras ve Turizm,Turizm Rehberliği,4372,SÖZ
167,9134,Kültürel Miras ve Turizm,Uluslararası İşletme Yönetimi,4391,EA
168,9060,Kümes Hayvanları Yetiştiriciliği,Hayvansal Üretim ve Teknolojileri,9455,SAY
168,9060,Kümes Hayvanları Yetiştiriciliği,Kanatlı Hayvan Yetiştiriciliği,9429,SAY
168,9060,Kümes Hayvanları Yetiştiriciliği,Veteriner,6373,SAY
168,9060,Kümes Hayvanları Yetiştiriciliği,Zootekni,8289,SAY
169,5345,Laborant ve Veteriner Sağlık,Acil Yardım ve Afet Yönetimi,8342,SAY
169,5345,Laborant ve Veteriner Sağlık,Biyoloji,3133,SAY
169,5345,Laborant ve Veteriner Sağlık,Biyoteknoloji,9266,SAY
169,5345,Laborant ve Veteriner Sağlık,Hayvansal Üretim ve Teknolojileri,9455,SAY
169,5345,Laborant ve Veteriner Sağlık,Moleküler Biyoloji ve Genetik,3267,SAY
169,5345,Laborant ve Veteriner Sağlık,Sağlık Yönetimi,6298,EA
169,5345,Laborant ve Veteriner Sağlık,Tarımsal Biyoteknoloji,9106,SAY
169,5345,Laborant ve Veteriner Sağlık,Veteriner,6373,SAY
169,5345,Laborant ve Veteriner Sağlık,Zootekni,8289,SAY
170,1225,Laboratuvar,Bitkisel Üretim ve Teknolojileri,9269,SAY
170,1225,Laboratuvar,Biyoloji,3133,SAY
170,1225,Laboratuvar,Biyomühendislik,3135,SAY
170,1225,Laboratuvar,Biyoteknoloji,9266,SAY
170,1225,Laboratuvar,Genetik ve Biyomühendislik,8195,SAY
170,1225,Laboratuvar,Kimya,3240,SAY
170,1225,Laboratuvar,Moleküler Biyoloji ve Genetik,3267,SAY
170,9042,Laboratuvar Teknolojisi,Bitkisel Üretim ve Teknolojileri,9269,SAY
170,9042,Laboratuvar Teknolojisi,Biyoloji,3133,SAY
170,9042,Laboratuvar Teknolojisi,Biyomühendislik,3135,SAY
170,9042,Laboratuvar Teknolojisi,Biyoteknoloji,9266,SAY
170,9042,Laboratuvar Teknolojisi,Genetik ve Biyomühendislik,8195,SAY
170,9042,Laboratuvar Teknolojisi,Kimya,3240,SAY
170,9042,Laboratuvar Teknolojisi,Moleküler Biyoloji ve Genetik,3267,SAY
171,1226,Lastik Teknolojisi,İmalat Mühendisliği,5114,SAY
171,1226,Lastik Teknolojisi,Kimya,3240,SAY
171,1226,Lastik Teknolojisi,Kimya Mühendisliği,6241,SAY
171,1226,Lastik Teknolojisi,Polimer Malzeme Mühendisliği,1407,SAY
171,8609,Lastik ve Plastik Teknolojisi,İmalat Mühendisliği,5114,SAY
171,8609,Lastik ve Plastik Teknolojisi,Kimya,3240,SAY
171,8609,Lastik ve Plastik Teknolojisi,Kimya Mühendisliği,6241,SAY
171,8609,Lastik ve Plastik Teknolojisi,Polimer Malzeme Mühendisliği,1407,SAY
171,1227,Lastik-Plastik,İmalat Mühendisliği,5114,SAY
171,1227,Lastik-Plastik,Kimya,3240,SAY
171,1227,Lastik-Plastik,Kimya Mühendisliği,6241,SAY
171,1227,Lastik-Plastik,Polimer Malzeme Mühendisliği,1407,SAY
171,1278,Plastik Teknolojisi,İmalat Mühendisliği,5114,SAY
171,1278,Plastik Teknolojisi,Kimya,3240,SAY
171,1278,Plastik Teknolojisi,Kimya Mühendisliği,6241,SAY
171,1278,Plastik Teknolojisi,Polimer Malzeme Mühendisliği,1407,SAY
171,9452,Polimer Teknolojisi,İmalat Mühendisliği,5114,SAY
171,9452,Polimer Teknolojisi,Kimya,3240,SAY
171,9452,Polimer Teknolojisi,Kimya Mühendisliği,6241,SAY
171,9452,Polimer Teknolojisi,Polimer Malzeme Mühendisliği,1407,SAY
172,9296,Liberal Sanatlar,Sanat Tarihi,3299,SÖZ
172,9296,Liberal Sanatlar,Havacılık Yönetimi,9428,EA
172,9296,Liberal Sanatlar,İşletme,3226,EA
172,9296,Liberal Sanatlar,Lojistik Yönetimi,8222,EA
172,9296,Liberal Sanatlar,Uluslararası Finans,6351,EA
172,9296,Liberal Sanatlar,Uluslararası Finans ve Bankacılık,9353,EA
172,9296,Liberal Sanatlar,Uluslararası İşletme Yönetimi,4391,EA
172,9296,Liberal Sanatlar,Uluslararası Ticaret,3355,EA
172,9296,Liberal Sanatlar,Uluslararası Ticaret ve Finansman,5131,EA
172,9296,Liberal Sanatlar,Uluslararası Ticaret ve Lojistik,9009,EA
172,5346,Lojistik,Sanat Tarihi,3299,SÖZ
172,5346,Lojistik,Havacılık Yönetimi,9428,EA
172,5346,Lojistik,İşletme,3226,EA
172,5346,Lojistik,Lojistik Yönetimi,8222,EA
172,5346,Lojistik,Uluslararası Finans,6351,EA
172,5346,Lojistik,Uluslararası Finans ve Bankacılık,9353,EA
172,5346,Lojistik,Uluslararası İşletme Yönetimi,4391,EA
172,5346,Lojistik,Uluslararası Ticaret,3355,EA
172,5346,Lojistik,Uluslararası Ticaret ve Finansman,5131,EA
172,5346,Lojistik,Uluslararası Ticaret ve Lojistik,9009,EA
172,4312,Lojistik Yönetimi,Sanat Tarihi,3299,SÖZ
172,4312,Lojistik Yönetimi,Havacılık Yönetimi,9428,EA
172,4312,Lojistik Yönetimi,İşletme,3226,EA
172,4312,Lojistik Yönetimi,Lojistik Yönetimi,8222,EA
172,4312,Lojistik Yönetimi,Uluslararası Finans,6351,EA
172,4312,Lojistik Yönetimi,Uluslararası Finans ve Bankacılık,9353,EA
172,4312,Lojistik Yönetimi,Uluslararası İşletme Yönetimi,4391,EA
172,4312,Lojistik Yönetimi,Uluslararası Ticaret,3355,EA
172,4312,Lojistik Yönetimi,Uluslararası Ticaret ve Finansman,5131,EA
172,4312,Lojistik Yönetimi,Uluslararası Ticaret ve Lojistik,9009,EA
172,5375,Uluslararası Lojistik,Sanat Tarihi,3299,SÖZ
172,5375,Uluslararası Lojistik,Havacılık Yönetimi,9428,EA
172,5375,Uluslararası Lojistik,İşletme,3226,EA
172,5375,Uluslararası Lojistik,Lojistik Yönetimi,8222,EA
172,5375,Uluslararası Lojistik,Uluslararası Finans,6351,EA
172,5375,Uluslararası Lojistik,Uluslararası Finans ve Bankacılık,9353,EA
172,5375,Uluslararası Lojistik,Uluslararası İşletme Yönetimi,4391,EA
172,5375,Uluslararası Lojistik,Uluslararası Ticaret,3355,EA
172,5375,Uluslararası Lojistik,Uluslararası Ticaret ve Finansman,5131,EA
172,5375,Uluslararası Lojistik,Uluslararası Ticaret ve Lojistik,9009,EA
172,4392,Uluslararası Taşımacılık ve Lojistik,Sanat Tarihi,3299,SÖZ
172,4392,Uluslararası Taşımacılık ve Lojistik,Havacılık Yönetimi,9428,EA
172,4392,Uluslararası Taşımacılık ve Lojistik,İşletme,3226,EA
172,4392,Uluslararası Taşımacılık ve Lojistik,Lojistik Yönetimi,8222,EA
172,4392,Uluslararası Taşımacılık ve Lojistik,Uluslararası Finans,6351,EA
172,4392,Uluslararası Taşımacılık ve Lojistik,Uluslararası Finans ve Bankacılık,9353,EA
172,4392,Uluslararası Taşımacılık ve Lojistik,Uluslararası İşletme Yönetimi,4391,EA
172,4392,Uluslararası Taşımacılık ve Lojistik,Uluslararası Ticaret,3355,EA
172,4392,Uluslararası Taşımacılık ve Lojistik,Uluslararası Ticaret ve Finansman,5131,EA
172,4392,Uluslararası Taşımacılık ve Lojistik,Uluslararası Ticaret ve Lojistik,9009,EA
172,1342,Uluslararası Taşımacılık Yönetimi,Sanat Tarihi,3299,SÖZ
172,1342,Uluslararası Taşımacılık Yönetimi,Havacılık Yönetimi,9428,EA
172,1342,Uluslararası Taşımacılık Yönetimi,İşletme,3226,EA
172,1342,Uluslararası Taşımacılık Yönetimi,Lojistik Yönetimi,8222,EA
172,1342,Uluslararası Taşımacılık Yönetimi,Uluslararası Finans,6351,EA
172,1342,Uluslararası Taşımacılık Yönetimi,Uluslararası Finans ve Bankacılık,9353,EA
172,1342,Uluslararası Taşımacılık Yönetimi,Uluslararası İşletme Yönetimi,4391,EA
172,1342,Uluslararası Taşımacılık Yönetimi,Uluslararası Ticaret,3355,EA
172,1342,Uluslararası Taşımacılık Yönetimi,Uluslararası Ticaret ve Finansman,5131,EA
172,1342,Uluslararası Taşımacılık Yönetimi,Uluslararası Ticaret ve Lojistik,9009,EA
173,1228,Maden,Jeoloji Mühendisliği,6235,SAY
173,1228,Maden,Maden Mühendisliği,3251,SAY
173,1228,Maden,Metalurji ve Malzeme Mühendisliği,3261,SAY
173,1228,Maden,Ekonomi ve Finans,5105,EA
173,1228,Maden,İletişim,3215,SÖZ
173,1228,Maden,İletişim Bilimleri,8327,SÖZ
173,1228,Maden,İletişim Tasarımı ve Yönetimi,9281,SÖZ
173,1228,Maden,İletişim ve Tasarımı,1428,SÖZ
173,1228,Maden,İşletme,3226,EA
173,1228,Maden,Lojistik Yönetimi,8222,EA
173,1228,Maden,Pazarlama,8334,EA
173,1228,Maden,Uluslararası İşletme Yönetimi,4391,EA
173,1228,Maden,Uluslararası Ticaret,3355,EA
173,1228,Maden,Uluslararası Ticaret ve Finansman,5131,EA
173,1228,Maden,Uluslararası Ticaret ve İşletmecilik,3356,EA
173,1228,Maden,Uluslararası Ticaret ve Lojistik,9009,EA
173,9030,Maden Teknolojisi,Jeoloji Mühendisliği,6235,SAY
173,9030,Maden Teknolojisi,Maden Mühendisliği,3251,SAY
173,9030,Maden Teknolojisi,Metalurji ve Malzeme Mühendisliği,3261,SAY
173,9030,Maden Teknolojisi,Ekonomi ve Finans,5105,EA
173,9030,Maden Teknolojisi,İletişim,3215,SÖZ
173,9030,Maden Teknolojisi,İletişim Bilimleri,8327,SÖZ
173,9030,Maden Teknolojisi,İletişim Tasarımı ve Yönetimi,9281,SÖZ
173,9030,Maden Teknolojisi,İletişim ve Tasarımı,1428,SÖZ
173,9030,Maden Teknolojisi,İşletme,3226,EA
173,9030,Maden Teknolojisi,Lojistik Yönetimi,8222,EA
173,9030,Maden Teknolojisi,Pazarlama,8334,EA
173,9030,Maden Teknolojisi,Uluslararası İşletme Yönetimi,4391,EA
173,9030,Maden Teknolojisi,Uluslararası Ticaret,3355,EA
173,9030,Maden Teknolojisi,Uluslararası Ticaret ve Finansman,5131,EA
173,9030,Maden Teknolojisi,Uluslararası Ticaret ve İşletmecilik,3356,EA
173,9030,Maden Teknolojisi,Uluslararası Ticaret ve Lojistik,9009,EA
173,1373,Madencilik Teknolojisi,Jeoloji Mühendisliği,6235,SAY
173,1373,Madencilik Teknolojisi,Maden Mühendisliği,3251,SAY
173,1373,Madencilik Teknolojisi,Metalurji ve Malzeme Mühendisliği,3261,SAY
173,1373,Madencilik Teknolojisi,Ekonomi ve Finans,5105,EA
173,1373,Madencilik Teknolojisi,İletişim,3215,SÖZ
173,1373,Madencilik Teknolojisi,İletişim Bilimleri,8327,SÖZ
173,1373,Madencilik Teknolojisi,İletişim Tasarımı ve Yönetimi,9281,SÖZ
173,1373,Madencilik Teknolojisi,İletişim ve Tasarımı,1428,SÖZ
173,1373,Madencilik Teknolojisi,İşletme,3226,EA
173,1373,Madencilik Teknolojisi,Lojistik Yönetimi,8222,EA
173,1373,Madencilik Teknolojisi,Pazarlama,8334,EA
173,1373,Madencilik Teknolojisi,Uluslararası İşletme Yönetimi,4391,EA
173,1373,Madencilik Teknolojisi,Uluslararası Ticaret,3355,EA
173,1373,Madencilik Teknolojisi,Uluslararası Ticaret ve Finansman,5131,EA
173,1373,Madencilik Teknolojisi,Uluslararası Ticaret ve İşletmecilik,3356,EA
173,1373,Madencilik Teknolojisi,Uluslararası Ticaret ve Lojistik,9009,EA
173,1229,Mağaza İşletmeciliği,Jeoloji Mühendisliği,6235,SAY
173,1229,Mağaza İşletmeciliği,Maden Mühendisliği,3251,SAY
173,1229,Mağaza İşletmeciliği,Metalurji ve Malzeme Mühendisliği,3261,SAY
173,1229,Mağaza İşletmeciliği,Ekonomi ve Finans,5105,EA
173,1229,Mağaza İşletmeciliği,İletişim,3215,SÖZ
173,1229,Mağaza İşletmeciliği,İletişim Bilimleri,8327,SÖZ
173,1229,Mağaza İşletmeciliği,İletişim Tasarımı ve Yönetimi,9281,SÖZ
173,1229,Mağaza İşletmeciliği,İletişim ve Tasarımı,1428,SÖZ
173,1229,Mağaza İşletmeciliği,İşletme,3226,EA
173,1229,Mağaza İşletmeciliği,Lojistik Yönetimi,8222,EA
173,1229,Mağaza İşletmeciliği,Pazarlama,8334,EA
173,1229,Mağaza İşletmeciliği,Uluslararası İşletme Yönetimi,4391,EA
173,1229,Mağaza İşletmeciliği,Uluslararası Ticaret,3355,EA
173,1229,Mağaza İşletmeciliği,Uluslararası Ticaret ve Finansman,5131,EA
173,1229,Mağaza İşletmeciliği,Uluslararası Ticaret ve İşletmecilik,3356,EA
173,1229,Mağaza İşletmeciliği,Uluslararası Ticaret ve Lojistik,9009,EA
174,1230,Mahalli İdareler,Kamu Yönetimi,3237,EA
174,1230,Mahalli İdareler,Siyaset Bilimi,3313,EA
174,1230,Mahalli İdareler,Siyaset Bilimi ve Kamu Yönetimi,3314,EA
174,1230,Mahalli İdareler,Siyaset Bilimi ve Uluslararası İlişkiler,3315,EA
174,1230,Mahalli İdareler,Uluslararası İlişkiler,3352,EA
174,1230,Mahalli İdareler,Yerel Yönetimler,9426,EA
174,8580,Yerel Yönetimler,Kamu Yönetimi,3237,EA
174,8580,Yerel Yönetimler,Siyaset Bilimi,3313,EA
174,8580,Yerel Yönetimler,Siyaset Bilimi ve Kamu Yönetimi,3314,EA
174,8580,Yerel Yönetimler,Siyaset Bilimi ve Uluslararası İlişkiler,3315,EA
174,8580,Yerel Yönetimler,Uluslararası İlişkiler,3352,EA
174,8580,Yerel Yönetimler,Yerel Yönetimler,9426,EA
175,1458,Mahkeme Büro Hizmetleri,Halkla İlişkiler ve Tanıtım,3198,SÖZ
175,1458,Mahkeme Büro Hizmetleri,İşletme,3226,EA
175,1458,Mahkeme Büro Hizmetleri,Kamu Yönetimi,3237,EA
175,1458,Mahkeme Büro Hizmetleri,Siyaset Bilimi ve Kamu Yönetimi,3314,EA
176,1232,Makine,İmalat Mühendisliği,5114,SAY
176,1232,Makine,Makine Mühendisliği,3252,SAY
176,1232,Makine,Malzeme Bilimi ve Mühendisliği,5118,SAY
176,1232,Makine,Malzeme Bilimi ve Nanoteknoloji Mühendisliği,9305,SAY
176,1232,Makine,Mekatronik Mühendisliği,5119,SAY
176,1232,Makine,Metalurji ve Malzeme Mühendisliği,3261,SAY
176,1232,Makine,Otomotiv Mühendisliği,8333,SAY
176,1232,Makine,Tarım Makineleri ve Teknolojileri Mühendisliği,9423,SAY
176,1232,Makine,Uçak Bakım ve Onarım,1361,SAY
176,1232,Makine,Uçak Gövde ve Motor Bakımı,1417,SAY
176,1232,Makine,Uçak Mühendisliği,3350,SAY
176,1374,Makine Resim ve Konstrüksiyonu,İmalat Mühendisliği,5114,SAY
176,1374,Makine Resim ve Konstrüksiyonu,Makine Mühendisliği,3252,SAY
176,1374,Makine Resim ve Konstrüksiyonu,Malzeme Bilimi ve Mühendisliği,5118,SAY
176,1374,Makine Resim ve Konstrüksiyonu,Malzeme Bilimi ve Nanoteknoloji Mühendisliği,9305,SAY
176,1374,Makine Resim ve Konstrüksiyonu,Mekatronik Mühendisliği,5119,SAY
176,1374,Makine Resim ve Konstrüksiyonu,Metalurji ve Malzeme Mühendisliği,3261,SAY
176,1374,Makine Resim ve Konstrüksiyonu,Otomotiv Mühendisliği,8333,SAY
176,1374,Makine Resim ve Konstrüksiyonu,Tarım Makineleri ve Teknolojileri Mühendisliği,9423,SAY
176,1374,Makine Resim ve Konstrüksiyonu,Uçak Bakım ve Onarım,1361,SAY
176,1374,Makine Resim ve Konstrüksiyonu,Uçak Gövde ve Motor Bakımı,1417,SAY
176,1374,Makine Resim ve Konstrüksiyonu,Uçak Mühendisliği,3350,SAY
176,1233,Makine Yağları ve Yağlama Teknolojisi,İmalat Mühendisliği,5114,SAY
176,1233,Makine Yağları ve Yağlama Teknolojisi,Makine Mühendisliği,3252,SAY
176,1233,Makine Yağları ve Yağlama Teknolojisi,Malzeme Bilimi ve Mühendisliği,5118,SAY
176,1233,Makine Yağları ve Yağlama Teknolojisi,Malzeme Bilimi ve Nanoteknoloji Mühendisliği,9305,SAY
176,1233,Makine Yağları ve Yağlama Teknolojisi,Mekatronik Mühendisliği,5119,SAY
176,1233,Makine Yağları ve Yağlama Teknolojisi,Metalurji ve Malzeme Mühendisliği,3261,SAY
176,1233,Makine Yağları ve Yağlama Teknolojisi,Otomotiv Mühendisliği,8333,SAY
176,1233,Makine Yağları ve Yağlama Teknolojisi,Tarım Makineleri ve Teknolojileri Mühendisliği,9423,SAY
176,1233,Makine Yağları ve Yağlama Teknolojisi,Uçak Bakım ve Onarım,1361,SAY
176,1233,Makine Yağları ve Yağlama Teknolojisi,Uçak Gövde ve Motor Bakımı,1417,SAY
176,1233,Makine Yağları ve Yağlama Teknolojisi,Uçak Mühendisliği,3350,SAY
176,1234,"Makine-Resim Konstrüksiyon / Makine, Resim ve Konstrüksiyon",İmalat Mühendisliği,5114,SAY
176,1234,"Makine-Resim Konstrüksiyon / Makine, Resim ve Konstrüksiyon",Makine Mühendisliği,3252,SAY
176,1234,"Makine-Resim Konstrüksiyon / Makine, Resim ve Konstrüksiyon",Malzeme Bilimi ve Mühendisliği,5118,SAY
176,1234,"Makine-Resim Konstrüksiyon / Makine, Resim ve Konstrüksiyon",Malzeme Bilimi ve Nanoteknoloji Mühendisliği,9305,SAY
176,1234,"Makine-Resim Konstrüksiyon / Makine, Resim ve Konstrüksiyon",Mekatronik Mühendisliği,5119,SAY
176,1234,"Makine-Resim Konstrüksiyon / Makine, Resim ve Konstrüksiyon",Metalurji ve Malzeme Mühendisliği,3261,SAY
176,1234,"Makine-Resim Konstrüksiyon / Makine, Resim ve Konstrüksiyon",Otomotiv Mühendisliği,8333,SAY
176,1234,"Makine-Resim Konstrüksiyon / Makine, Resim ve Konstrüksiyon",Tarım Makineleri ve Teknolojileri Mühendisliği,9423,SAY
176,1234,"Makine-Resim Konstrüksiyon / Makine, Resim ve Konstrüksiyon",Uçak Bakım ve Onarım,1361,SAY
176,1234,"Makine-Resim Konstrüksiyon / Makine, Resim ve Konstrüksiyon",Uçak Gövde ve Motor Bakımı,1417,SAY
176,1234,"Makine-Resim Konstrüksiyon / Makine, Resim ve Konstrüksiyon",Uçak Mühendisliği,3350,SAY
177,1235,Maliye,Bankacılık,3117,EA
177,1235,Maliye,Bankacılık ve Sigortacılık,3120,EA
177,1235,Maliye,Ekonomi,3159,EA
177,1235,Maliye,Finans ve Bankacılık,9371,EA
177,1235,Maliye,Gümrük İşletme,9118,EA
177,1235,Maliye,İktisat,3213,EA
177,1235,Maliye,İSLAM İKTİSADI VE FİNANS,1425,EA
177,1235,Maliye,Kamu Yönetimi,3237,EA
177,1235,Maliye,Maliye,3254,EA
177,1235,Maliye,Sermaye Piyasası,3302,EA
177,1235,Maliye,Sigortacılık,3306,EA
177,1235,Maliye,Sigortacılık ve Risk Yönetimi,5127,EA
177,1235,Maliye,Siyaset Bilimi,3313,EA
177,1235,Maliye,Siyaset Bilimi ve Kamu Yönetimi,3314,EA
177,1235,Maliye,Uluslararası Finans,6351,EA
177,1235,Maliye,Uluslararası Finans ve Bankacılık,9353,EA
177,1235,Maliye,Uluslararası İşletme Yönetimi,4391,EA
177,1235,Maliye,Uluslararası Ticaret,3355,EA
177,1235,Maliye,Uluslararası Ticaret ve Finansman,5131,EA
177,1235,Maliye,Uluslararası Ticaret ve İşletmecilik,3356,EA
177,1235,Maliye,Uluslararası Ticaret ve Lojistik,9009,EA
178,1236,Mantarcılık,Bahçe Bitkileri,8147,SAY
178,1236,Mantarcılık,Beslenme ve Diyetetik,3122,SAY
178,1236,Mantarcılık,Bitki Koruma,8158,SAY
178,1236,Mantarcılık,Bitkisel Üretim ve Teknolojileri,9269,SAY
178,1236,Mantarcılık,Gıda Mühendisliği,3191,SAY
178,1236,Mantarcılık,Gıda Teknolojisi,4271,SAY
178,1236,Mantarcılık,Organik Tarım İşletmeciliği,9333,EA
178,1236,Mantarcılık,Tarla Bitkileri,3385,SAY
179,9228,Marina İşletme,Deniz Ulaştırma İşletme Mühendisliği,3149,SAY
179,9228,Marina İşletme,Denizcilik İşletmeleri Yönetimi,3150,EA
179,9228,Marina İşletme,İşletme,3226,EA
179,9228,Marina İşletme,Lojistik Yönetimi,8222,EA
179,9228,Marina İşletme,Uluslararası İşletme Yönetimi,4391,EA
179,9393,Marina ve Yat İşletmeciliği,Deniz Ulaştırma İşletme Mühendisliği,3149,SAY
179,9393,Marina ve Yat İşletmeciliği,Denizcilik İşletmeleri Yönetimi,3150,EA
179,9393,Marina ve Yat İşletmeciliği,İşletme,3226,EA
179,9393,Marina ve Yat İşletmeciliği,Lojistik Yönetimi,8222,EA
179,9393,Marina ve Yat İşletmeciliği,Uluslararası İşletme Yönetimi,4391,EA
180,1237,Matbaacılık,Basım Teknolojileri,9391,SAY
180,1237,Matbaacılık,Basın ve Yayın,3121,SÖZ
180,1237,Matbaacılık,Fotoğraf,7158,SÖZ
180,1237,Matbaacılık,Fotoğraf ve Video,7211,SÖZ
180,1237,Matbaacılık,Gazetecilik,6188,SÖZ
180,1237,Matbaacılık,Görsel İletişim Tasarımı,5109,SÖZ
180,1237,Matbaacılık,Görsel Sanatlar,9162,SÖZ
180,1237,Matbaacılık,Grafik,7160,EA
180,1237,Matbaacılık,Grafik Sanatlar,7145,EA
180,1237,Matbaacılık,Grafik Tasarımı,7162,EA
180,1237,Matbaacılık,Halkla İlişkiler ve Reklamcılık,5111,SÖZ
180,1237,Matbaacılık,İletişim,3215,SÖZ
180,1237,Matbaacılık,İletişim Bilimleri,8327,SÖZ
180,1237,Matbaacılık,İletişim ve Tasarımı,1428,SÖZ
180,1237,Matbaacılık,Reklam Tasarımı ve İletişimi,8249,SÖZ
180,1237,Matbaacılık,Reklamcılık,3291,SÖZ
180,5349,Matbaacılık ve Baskı Teknikleri,Basım Teknolojileri,9391,SAY
180,5349,Matbaacılık ve Baskı Teknikleri,Basın ve Yayın,3121,SÖZ
180,5349,Matbaacılık ve Baskı Teknikleri,Fotoğraf,7158,SÖZ
180,5349,Matbaacılık ve Baskı Teknikleri,Fotoğraf ve Video,7211,SÖZ
180,5349,Matbaacılık ve Baskı Teknikleri,Gazetecilik,6188,SÖZ
180,5349,Matbaacılık ve Baskı Teknikleri,Görsel İletişim Tasarımı,5109,SÖZ
180,5349,Matbaacılık ve Baskı Teknikleri,Görsel Sanatlar,9162,SÖZ
180,5349,Matbaacılık ve Baskı Teknikleri,Grafik,7160,EA
180,5349,Matbaacılık ve Baskı Teknikleri,Grafik Sanatlar,7145,EA
180,5349,Matbaacılık ve Baskı Teknikleri,Grafik Tasarımı,7162,EA
180,5349,Matbaacılık ve Baskı Teknikleri,Halkla İlişkiler ve Reklamcılık,5111,SÖZ
180,5349,Matbaacılık ve Baskı Teknikleri,İletişim,3215,SÖZ
180,5349,Matbaacılık ve Baskı Teknikleri,İletişim Bilimleri,8327,SÖZ
180,5349,Matbaacılık ve Baskı Teknikleri,İletişim ve Tasarımı,1428,SÖZ
180,5349,Matbaacılık ve Baskı Teknikleri,Reklam Tasarımı ve İletişimi,8249,SÖZ
180,5349,Matbaacılık ve Baskı Teknikleri,Reklamcılık,3291,SÖZ
181,9133,Medya ve İletişim,Basın ve Yayın,3121,SÖZ
181,9133,Medya ve İletişim,Film Tasarımı ve Yazarlığı,1422,SÖZ
181,9133,Medya ve İletişim,Film Tasarımı ve Yönetimi,1406,SÖZ
181,9133,Medya ve İletişim,Film Tasarımı ve Yönetmenliği,1421,SÖZ
181,9133,Medya ve İletişim,Fotoğraf,7158,SÖZ
181,9133,Medya ve İletişim,Fotoğraf ve Video,7211,SÖZ
181,9133,Medya ve İletişim,Gazetecilik,6188,SÖZ
181,9133,Medya ve İletişim,Görsel İletişim Tasarımı,5109,SÖZ
181,9133,Medya ve İletişim,Görsel Sanatlar,9162,SÖZ
181,9133,Medya ve İletişim,İletişim,3215,SÖZ
181,9133,Medya ve İletişim,İletişim Bilimleri,8327,SÖZ
181,9133,Medya ve İletişim,İletişim Tasarımı ve Yönetimi,9281,SÖZ
181,9133,Medya ve İletişim,İletişim ve Tasarımı,1428,SÖZ
181,9133,Medya ve İletişim,"Kurgu, Ses ve Görüntü Yönetimi",9156,SÖZ
181,9133,Medya ve İletişim,Medya ve İletişim,8244,SÖZ
181,9133,Medya ve İletişim,"Radyo, Televizyon ve Sinema",3287,SÖZ
181,9133,Medya ve İletişim,Sinema ve Dijital Medya,9309,SÖZ
181,9133,Medya ve İletişim,Sinema ve Televizyon,3307,SÖZ
181,9133,Medya ve İletişim,Televizyon Haberciliği ve Programcılığı,8351,SÖZ
181,9133,Medya ve İletişim,Yeni Medya,9142,SÖZ
181,9133,Medya ve İletişim,Yeni Medya ve İletişim,9471,SÖZ
181,8641,Televizyon ve Radyo Programcılığı,Basın ve Yayın,3121,SÖZ
181,8641,Televizyon ve Radyo Programcılığı,Film Tasarımı ve Yazarlığı,1422,SÖZ
181,8641,Televizyon ve Radyo Programcılığı,Film Tasarımı ve Yönetimi,1406,SÖZ
181,8641,Televizyon ve Radyo Programcılığı,Film Tasarımı ve Yönetmenliği,1421,SÖZ
181,8641,Televizyon ve Radyo Programcılığı,Fotoğraf,7158,SÖZ
181,8641,Televizyon ve Radyo Programcılığı,Fotoğraf ve Video,7211,SÖZ
181,8641,Televizyon ve Radyo Programcılığı,Gazetecilik,6188,SÖZ
181,8641,Televizyon ve Radyo Programcılığı,Görsel İletişim Tasarımı,5109,SÖZ
181,8641,Televizyon ve Radyo Programcılığı,Görsel Sanatlar,9162,SÖZ
181,8641,Televizyon ve Radyo Programcılığı,İletişim,3215,SÖZ
181,8641,Televizyon ve Radyo Programcılığı,İletişim Bilimleri,8327,SÖZ
181,8641,Televizyon ve Radyo Programcılığı,İletişim Tasarımı ve Yönetimi,9281,SÖZ
181,8641,Televizyon ve Radyo Programcılığı,İletişim ve Tasarımı,1428,SÖZ
181,8641,Televizyon ve Radyo Programcılığı,"Kurgu, Ses ve Görüntü Yönetimi",9156,SÖZ
181,8641,Televizyon ve Radyo Programcılığı,Medya ve İletişim,8244,SÖZ
181,8641,Televizyon ve Radyo Programcılığı,"Radyo, Televizyon ve Sinema",3287,SÖZ
181,8641,Televizyon ve Radyo Programcılığı,Sinema ve Dijital Medya,9309,SÖZ
181,8641,Televizyon ve Radyo Programcılığı,Sinema ve Televizyon,3307,SÖZ
181,8641,Televizyon ve Radyo Programcılığı,Televizyon Haberciliği ve Programcılığı,8351,SÖZ
181,8641,Televizyon ve Radyo Programcılığı,Yeni Medya,9142,SÖZ
181,8641,Televizyon ve Radyo Programcılığı,Yeni Medya ve İletişim,9471,SÖZ
181,8643,Televizyon Yapım ve Yönetimi,Basın ve Yayın,3121,SÖZ
181,8643,Televizyon Yapım ve Yönetimi,Film Tasarımı ve Yazarlığı,1422,SÖZ
181,8643,Televizyon Yapım ve Yönetimi,Film Tasarımı ve Yönetimi,1406,SÖZ
181,8643,Televizyon Yapım ve Yönetimi,Film Tasarımı ve Yönetmenliği,1421,SÖZ
181,8643,Televizyon Yapım ve Yönetimi,Fotoğraf,7158,SÖZ
181,8643,Televizyon Yapım ve Yönetimi,Fotoğraf ve Video,7211,SÖZ
181,8643,Televizyon Yapım ve Yönetimi,Gazetecilik,6188,SÖZ
181,8643,Televizyon Yapım ve Yönetimi,Görsel İletişim Tasarımı,5109,SÖZ
181,8643,Televizyon Yapım ve Yönetimi,Görsel Sanatlar,9162,SÖZ
181,8643,Televizyon Yapım ve Yönetimi,İletişim,3215,SÖZ
181,8643,Televizyon Yapım ve Yönetimi,İletişim Bilimleri,8327,SÖZ
181,8643,Televizyon Yapım ve Yönetimi,İletişim Tasarımı ve Yönetimi,9281,SÖZ
181,8643,Televizyon Yapım ve Yönetimi,İletişim ve Tasarımı,1428,SÖZ
181,8643,Televizyon Yapım ve Yönetimi,"Kurgu, Ses ve Görüntü Yönetimi",9156,SÖZ
181,8643,Televizyon Yapım ve Yönetimi,Medya ve İletişim,8244,SÖZ
181,8643,Televizyon Yapım ve Yönetimi,"Radyo, Televizyon ve Sinema",3287,SÖZ
181,8643,Televizyon Yapım ve Yönetimi,Sinema ve Dijital Medya,9309,SÖZ
181,8643,Televizyon Yapım ve Yönetimi,Sinema ve Televizyon,3307,SÖZ
181,8643,Televizyon Yapım ve Yönetimi,Televizyon Haberciliği ve Programcılığı,8351,SÖZ
181,8643,Televizyon Yapım ve Yönetimi,Yeni Medya,9142,SÖZ
181,8643,Televizyon Yapım ve Yönetimi,Yeni Medya ve İletişim,9471,SÖZ
182,6238,Mekatronik,Elektrik Mühendisliği,3160,SAY
182,6238,Mekatronik,Elektrik-Elektronik Mühendisliği,3162,SAY
182,6238,Mekatronik,Elektronik Mühendisliği,3163,SAY
182,6238,Mekatronik,Elektronik ve Haberleşme Mühendisliği,3166,SAY
182,6238,Mekatronik,Havacılık Elektrik ve Elektroniği,3200,SAY
182,6238,Mekatronik,İmalat Mühendisliği,5114,SAY
182,6238,Mekatronik,Makine Mühendisliği,3252,SAY
182,6238,Mekatronik,Mekatronik Mühendisliği,5119,SAY
182,6238,Mekatronik,Otomotiv Mühendisliği,8333,SAY
182,6238,Mekatronik,Uçak Gövde ve Motor Bakımı,1417,SAY
182,9553,Mekatronik Teknolojisi,Elektrik Mühendisliği,3160,SAY
182,9553,Mekatronik Teknolojisi,Elektrik-Elektronik Mühendisliği,3162,SAY
182,9553,Mekatronik Teknolojisi,Elektronik Mühendisliği,3163,SAY
182,9553,Mekatronik Teknolojisi,Elektronik ve Haberleşme Mühendisliği,3166,SAY
182,9553,Mekatronik Teknolojisi,Havacılık Elektrik ve Elektroniği,3200,SAY
182,9553,Mekatronik Teknolojisi,İmalat Mühendisliği,5114,SAY
182,9553,Mekatronik Teknolojisi,Makine Mühendisliği,3252,SAY
182,9553,Mekatronik Teknolojisi,Mekatronik Mühendisliği,5119,SAY
182,9553,Mekatronik Teknolojisi,Otomotiv Mühendisliği,8333,SAY
182,9553,Mekatronik Teknolojisi,Uçak Gövde ve Motor Bakımı,1417,SAY
183,8611,Menkul Kıymetler ve Sermaye Piyasası,Aktüerya Bilimleri,5102,SAY
183,8611,Menkul Kıymetler ve Sermaye Piyasası,Bankacılık,3117,EA
183,8611,Menkul Kıymetler ve Sermaye Piyasası,Bankacılık ve Sigortacılık,3120,EA
183,8611,Menkul Kıymetler ve Sermaye Piyasası,Ekonometri,3158,EA
183,8611,Menkul Kıymetler ve Sermaye Piyasası,Ekonomi,3159,EA
183,8611,Menkul Kıymetler ve Sermaye Piyasası,Ekonomi ve Finans,5105,EA
183,8611,Menkul Kıymetler ve Sermaye Piyasası,Finans ve Bankacılık,9371,EA
183,8611,Menkul Kıymetler ve Sermaye Piyasası,İktisat,3213,EA
183,8611,Menkul Kıymetler ve Sermaye Piyasası,İSLAM İKTİSADI VE FİNANS,1425,EA
183,8611,Menkul Kıymetler ve Sermaye Piyasası,İşletme,3226,EA
183,8611,Menkul Kıymetler ve Sermaye Piyasası,Lojistik Yönetimi,8222,EA
183,8611,Menkul Kıymetler ve Sermaye Piyasası,Muhasebe ve Finans Yönetimi,5123,EA
183,8611,Menkul Kıymetler ve Sermaye Piyasası,Sermaye Piyasası,3302,EA
183,8611,Menkul Kıymetler ve Sermaye Piyasası,Sigortacılık,3306,EA
183,8611,Menkul Kıymetler ve Sermaye Piyasası,Sigortacılık ve Risk Yönetimi,5127,EA
183,8611,Menkul Kıymetler ve Sermaye Piyasası,Uluslararası Finans,6351,EA
183,8611,Menkul Kıymetler ve Sermaye Piyasası,Uluslararası Finans ve Bankacılık,9353,EA
183,8611,Menkul Kıymetler ve Sermaye Piyasası,Uluslararası İşletme Yönetimi,4391,EA
183,8611,Menkul Kıymetler ve Sermaye Piyasası,Uluslararası Ticaret ve Finansman,5131,EA
184,1239,Mermer Teknolojisi,İç Mimarlık,3211,SAY
184,1239,Mermer Teknolojisi,Jeoloji Mühendisliği,6235,SAY
184,1239,Mermer Teknolojisi,Maden Mühendisliği,3251,SAY
184,1240,Mermercilik,İç Mimarlık,3211,SAY
184,1240,Mermercilik,Jeoloji Mühendisliği,6235,SAY
184,1240,Mermercilik,Maden Mühendisliği,3251,SAY
185,1241,Metal İşleri,Kimya Mühendisliği,6241,SAY
185,1241,Metal İşleri,Malzeme Bilimi ve Mühendisliği,5118,SAY
185,1241,Metal İşleri,Metalurji ve Malzeme Mühendisliği,3261,SAY
185,1241,Metal İşleri,Nanobilim ve Nanoteknoloji,9481,SAY
185,1241,Metal İşleri,Nanoteknoloji Mühendisliği,9389,SAY
185,1242,Metalografi ve Malzeme Muayenesi,Kimya Mühendisliği,6241,SAY
185,1242,Metalografi ve Malzeme Muayenesi,Malzeme Bilimi ve Mühendisliği,5118,SAY
185,1242,Metalografi ve Malzeme Muayenesi,Metalurji ve Malzeme Mühendisliği,3261,SAY
185,1242,Metalografi ve Malzeme Muayenesi,Nanobilim ve Nanoteknoloji,9481,SAY
185,1242,Metalografi ve Malzeme Muayenesi,Nanoteknoloji Mühendisliği,9389,SAY
185,9092,Metalurji,Kimya Mühendisliği,6241,SAY
185,9092,Metalurji,Malzeme Bilimi ve Mühendisliği,5118,SAY
185,9092,Metalurji,Metalurji ve Malzeme Mühendisliği,3261,SAY
185,9092,Metalurji,Nanobilim ve Nanoteknoloji,9481,SAY
185,9092,Metalurji,Nanoteknoloji Mühendisliği,9389,SAY
185,1243,Metalurji Malzeme,Kimya Mühendisliği,6241,SAY
185,1243,Metalurji Malzeme,Malzeme Bilimi ve Mühendisliği,5118,SAY
185,1243,Metalurji Malzeme,Metalurji ve Malzeme Mühendisliği,3261,SAY
185,1243,Metalurji Malzeme,Nanobilim ve Nanoteknoloji,9481,SAY
185,1243,Metalurji Malzeme,Nanoteknoloji Mühendisliği,9389,SAY
186,9035,Meyve ve Sebze İşleme Teknolojisi,Bahçe Bitkileri,8147,SAY
186,9035,Meyve ve Sebze İşleme Teknolojisi,Bitki Koruma,8158,SAY
186,9035,Meyve ve Sebze İşleme Teknolojisi,Bitkisel Üretim ve Teknolojileri,9269,SAY
186,9035,Meyve ve Sebze İşleme Teknolojisi,Gıda Mühendisliği,3191,SAY
186,9035,Meyve ve Sebze İşleme Teknolojisi,Gıda Teknolojisi,4271,SAY
186,9035,Meyve ve Sebze İşleme Teknolojisi,Organik Tarım İşletmeciliği,9333,EA
186,9035,Meyve ve Sebze İşleme Teknolojisi,Tarla Bitkileri,3385,SAY
186,6244,Meyve-Sebze İşleme,Bahçe Bitkileri,8147,SAY
186,6244,Meyve-Sebze İşleme,Bitki Koruma,8158,SAY
186,6244,Meyve-Sebze İşleme,Bitkisel Üretim ve Teknolojileri,9269,SAY
186,6244,Meyve-Sebze İşleme,Gıda Mühendisliği,3191,SAY
186,6244,Meyve-Sebze İşleme,Gıda Teknolojisi,4271,SAY
186,6244,Meyve-Sebze İşleme,Organik Tarım İşletmeciliği,9333,EA
186,6244,Meyve-Sebze İşleme,Tarla Bitkileri,3385,SAY
187,9097,Mimari Dekorasyon,Çini Tasarımı ve Onarımı,1404,SÖZ
187,9097,Mimari Dekorasyon,Geleneksel Türk Sanatları,8321,SÖZ
187,9097,Mimari Dekorasyon,İç Mimarlık,3211,SAY
187,9097,Mimari Dekorasyon,İç Mimarlık ve Çevre Tasarımı,3212,EA
187,9097,Mimari Dekorasyon,Kültür Varlıklarını Koruma ve Onarım,9141,EA
187,9097,Mimari Dekorasyon,Mimarlık,3263,SAY
187,9097,Mimari Dekorasyon,Seramik,7189,EA
187,8544,Mimari Dekoratif Sanatlar,Çini Tasarımı ve Onarımı,1404,SÖZ
187,8544,Mimari Dekoratif Sanatlar,Geleneksel Türk Sanatları,8321,SÖZ
187,8544,Mimari Dekoratif Sanatlar,İç Mimarlık,3211,SAY
187,8544,Mimari Dekoratif Sanatlar,İç Mimarlık ve Çevre Tasarımı,3212,EA
187,8544,Mimari Dekoratif Sanatlar,Kültür Varlıklarını Koruma ve Onarım,9141,EA
187,8544,Mimari Dekoratif Sanatlar,Mimarlık,3263,SAY
187,8544,Mimari Dekoratif Sanatlar,Seramik,7189,EA
188,9328,Mimarlık Teknolojisi,Kültür Varlıklarını Koruma ve Onarım,9141,EA
188,9328,Mimarlık Teknolojisi,Mimarlık,3263,SAY
188,9328,Mimarlık Teknolojisi,Şehir ve Bölge Planlama,3322,SAY
189,1245,Mobilya ve Dekorasyon,Ağaç İşleri Endüstri Mühendisliği,3101,SAY
189,1245,Mobilya ve Dekorasyon,Endüstriyel Tasarım,3170,SAY
189,1245,Mobilya ve Dekorasyon,İç Mimarlık,3211,SAY
189,1245,Mobilya ve Dekorasyon,İç Mimarlık ve Çevre Tasarımı,3212,EA
189,1245,Mobilya ve Dekorasyon,İmalat Mühendisliği,5114,SAY
189,1245,Mobilya ve Dekorasyon,Orman Endüstrisi Mühendisliği,3276,SAY
189,1245,Mobilya ve Dekorasyon,Orman Mühendisliği,6277,SAY
190,1246,Moda Tasarımı,Ayakkabı Tasarımı ve Üretimi,1306,EA
190,1246,Moda Tasarımı,Moda Tasarımı,3266,EA
190,1246,Moda Tasarımı,Tekstil,7180,SÖZ
190,1246,Moda Tasarımı,Tekstil Mühendisliği,3328,SAY
190,1246,Moda Tasarımı,Tekstil Tasarımı,7181,EA
190,1246,Moda Tasarımı,Tekstil ve Moda Tasarımı,7169,EA
190,8615,Moda ve Tekstil Tasarımı,Ayakkabı Tasarımı ve Üretimi,1306,EA
190,8615,Moda ve Tekstil Tasarımı,Moda Tasarımı,3266,EA
190,8615,Moda ve Tekstil Tasarımı,Tekstil,7180,SÖZ
190,8615,Moda ve Tekstil Tasarımı,Tekstil Mühendisliği,3328,SAY
190,8615,Moda ve Tekstil Tasarımı,Tekstil Tasarımı,7181,EA
190,8615,Moda ve Tekstil Tasarımı,Tekstil ve Moda Tasarımı,7169,EA
190,9399,Moda Yönetimi,Ayakkabı Tasarımı ve Üretimi,1306,EA
190,9399,Moda Yönetimi,Moda Tasarımı,3266,EA
190,9399,Moda Yönetimi,Tekstil,7180,SÖZ
190,9399,Moda Yönetimi,Tekstil Mühendisliği,3328,SAY
190,9399,Moda Yönetimi,Tekstil Tasarımı,7181,EA
190,9399,Moda Yönetimi,Tekstil ve Moda Tasarımı,7169,EA
190,1248,Moda-Konfeksiyon,Ayakkabı Tasarımı ve Üretimi,1306,EA
190,1248,Moda-Konfeksiyon,Moda Tasarımı,3266,EA
190,1248,Moda-Konfeksiyon,Tekstil,7180,SÖZ
190,1248,Moda-Konfeksiyon,Tekstil Mühendisliği,3328,SAY
190,1248,Moda-Konfeksiyon,Tekstil Tasarımı,7181,EA
190,1248,Moda-Konfeksiyon,Tekstil ve Moda Tasarımı,7169,EA
191,4321,Muhabere ve Elektronik Bilgi Sistemleri,Bilgisayar Mühendisliği,3124,SAY
191,4321,Muhabere ve Elektronik Bilgi Sistemleri,Elektrik Mühendisliği,3160,SAY
191,4321,Muhabere ve Elektronik Bilgi Sistemleri,Elektrik-Elektronik Mühendisliği,3162,SAY
191,4321,Muhabere ve Elektronik Bilgi Sistemleri,Elektronik Mühendisliği,3163,SAY
191,4321,Muhabere ve Elektronik Bilgi Sistemleri,Elektronik ve Haberleşme Mühendisliği,3166,SAY
191,4321,Muhabere ve Elektronik Bilgi Sistemleri,Havacılık Elektrik ve Elektroniği,3200,SAY
191,4321,Muhabere ve Elektronik Bilgi Sistemleri,Uçak Elektrik ve Elektroniği,1418,SAY
192,4323,Mühimmat ve Mühimmat Tahrip,Kimya Mühendisliği,6241,SAY
192,4323,Mühimmat ve Mühimmat Tahrip,Makine Mühendisliği,3252,SAY
192,4323,Mühimmat ve Mühimmat Tahrip,Metalurji ve Malzeme Mühendisliği,3261,SAY
193,9476,Müzik,Sahne Sanatları,8335,SÖZ
193,9476,Müzik,Sahne ve Gösteri Sanatları Yönetimi,7192,SÖZ
194,9563,Nüfus ve Vatandaşlık,Halkla İlişkiler ve Tanıtım,3198,SÖZ
194,9563,Nüfus ve Vatandaşlık,Kamu Yönetimi,3237,EA
194,9563,Nüfus ve Vatandaşlık,Siyaset Bilimi ve Kamu Yönetimi,3314,EA
195,9367,Nükleer Teknoloji ve Radyasyon Güvenliği,Elektrik Mühendisliği,3160,SAY
195,9367,Nükleer Teknoloji ve Radyasyon Güvenliği,Elektrik-Elektronik Mühendisliği,3162,SAY
195,9367,Nükleer Teknoloji ve Radyasyon Güvenliği,Enerji Sistemleri Mühendisliği,8319,SAY
195,9367,Nükleer Teknoloji ve Radyasyon Güvenliği,Enerji Yönetimi,9402,EA
195,9367,Nükleer Teknoloji ve Radyasyon Güvenliği,Fizik,3182,SAY
196,1251,Odiometri / Odyometri,Dil ve Konuşma Terapisi,9332,SAY
196,1251,Odiometri / Odyometri,Fizik,3182,SAY
196,1251,Odiometri / Odyometri,Odyoloji,9267,SAY
196,1251,Odiometri / Odyometri,Sağlık Yönetimi,6298,EA
197,8617,Odun Dışı Orman Ürünleri,Orman Endüstrisi Mühendisliği,3276,SAY
197,8617,Odun Dışı Orman Ürünleri,Orman Mühendisliği,6277,SAY
198,9327,Okul Öncesi Eğitimi,Çocuk Gelişimi,4235,EA
198,9327,Okul Öncesi Eğitimi,Okul Öncesi Öğretmenliği,3275,SÖZ
198,9327,Okul Öncesi Eğitimi,Özel Eğitim Öğretmenliği,8136,SÖZ
199,1252,Optisyenlik,Acil Yardım ve Afet Yönetimi,8342,SAY
199,1252,Optisyenlik,Fizik,3182,SAY
199,1252,Optisyenlik,Optik ve Akustik Mühendisliği,9379,SAY
199,1252,Optisyenlik,Sağlık Yönetimi,6298,EA
200,1506,OPTOELEKTRONİK VE ELEKTRO OPTİK TEKNOLOJİLERİ,Biyomedikal Mühendisliği,3134,SAY
200,1506,OPTOELEKTRONİK VE ELEKTRO OPTİK TEKNOLOJİLERİ,Elektrik-Elektronik Mühendisliği,3162,SAY
200,1506,OPTOELEKTRONİK VE ELEKTRO OPTİK TEKNOLOJİLERİ,Elektronik Mühendisliği,3163,SAY
200,1506,OPTOELEKTRONİK VE ELEKTRO OPTİK TEKNOLOJİLERİ,Elektronik ve Haberleşme Mühendisliği,3166,SAY
200,1506,OPTOELEKTRONİK VE ELEKTRO OPTİK TEKNOLOJİLERİ,Fizik,3182,SAY
200,1506,OPTOELEKTRONİK VE ELEKTRO OPTİK TEKNOLOJİLERİ,Makine Mühendisliği,3252,SAY
200,1506,OPTOELEKTRONİK VE ELEKTRO OPTİK TEKNOLOJİLERİ,Mekatronik Mühendisliği,5119,SAY
201,5352,Organik Tarım,Bahçe Bitkileri,8147,SAY
201,5352,Organik Tarım,Bitki Koruma,8158,SAY
201,5352,Organik Tarım,Bitkisel Üretim ve Teknolojileri,9269,SAY
201,5352,Organik Tarım,Biyosistem Mühendisliği,9114,SAY
201,5352,Organik Tarım,Gıda Mühendisliği,3191,SAY
201,5352,Organik Tarım,Organik Tarım İşletmeciliği,9333,EA
201,5352,Organik Tarım,Orman Mühendisliği,6277,SAY
201,5352,Organik Tarım,Tarım Ekonomisi,3382,EA
201,5352,Organik Tarım,Tarım Makineleri ve Teknolojileri Mühendisliği,9423,SAY
201,5352,Organik Tarım,Tarımsal Genetik Mühendisliği,9351,SAY
201,5352,Organik Tarım,Tarımsal Yapılar ve Sulama,3384,SAY
201,5352,Organik Tarım,Tarla Bitkileri,3385,SAY
201,5352,Organik Tarım,Toprak Bilimi ve Bitki Besleme,9048,SAY
201,5352,Organik Tarım,Tütün Eksperliği,6345,SAY
201,5352,Organik Tarım,Zootekni,8289,SAY
202,1254,Orta Kademe Yöneticiliği / Orta Kademe Yöneticilik,Ekonomi ve Finans,5105,EA
202,1254,Orta Kademe Yöneticiliği / Orta Kademe Yöneticilik,İşletme,3226,EA
202,1254,Orta Kademe Yöneticiliği / Orta Kademe Yöneticilik,Kamu Yönetimi,3237,EA
202,1254,Orta Kademe Yöneticiliği / Orta Kademe Yöneticilik,Lojistik Yönetimi,8222,EA
202,1254,Orta Kademe Yöneticiliği / Orta Kademe Yöneticilik,Pazarlama,8334,EA
202,1254,Orta Kademe Yöneticiliği / Orta Kademe Yöneticilik,Siyaset Bilimi,3313,EA
202,1254,Orta Kademe Yöneticiliği / Orta Kademe Yöneticilik,Siyaset Bilimi ve Kamu Yönetimi,3314,EA
202,1254,Orta Kademe Yöneticiliği / Orta Kademe Yöneticilik,Uluslararası İşletme Yönetimi,4391,EA
202,1254,Orta Kademe Yöneticiliği / Orta Kademe Yöneticilik,Uluslararası Ticaret,3355,EA
202,1254,Orta Kademe Yöneticiliği / Orta Kademe Yöneticilik,Uluslararası Ticaret ve Finansman,5131,EA
202,1254,Orta Kademe Yöneticiliği / Orta Kademe Yöneticilik,Uluslararası Ticaret ve İşletmecilik,3356,EA
202,1254,Orta Kademe Yöneticiliği / Orta Kademe Yöneticilik,Uluslararası Ticaret ve Lojistik,9009,EA
203,9085,Ortopedik Protez ve Ortez,Acil Yardım ve Afet Yönetimi,8342,SAY
203,9085,Ortopedik Protez ve Ortez,Biyomedikal Mühendisliği,3134,SAY
203,9085,Ortopedik Protez ve Ortez,Ergoterapi,9225,SAY
203,9085,Ortopedik Protez ve Ortez,Fizyoterapi ve Rehabilitasyon,8344,SAY
203,9085,Ortopedik Protez ve Ortez,Ortez ve Protez,1426,SAY
203,9085,Ortopedik Protez ve Ortez,Sağlık Yönetimi,6298,EA
204,1256,Oto Boya Karoseri Doğrultma Teknikerliği,Otomotiv Mühendisliği,8333,SAY
204,9053,Oto Boya ve Karoseri,Otomotiv Mühendisliği,8333,SAY
205,1257,Oto Elektrik-Elektronik,Elektrik Mühendisliği,3160,SAY
205,1257,Oto Elektrik-Elektronik,Elektrik-Elektronik Mühendisliği,3162,SAY
205,1257,Oto Elektrik-Elektronik,Elektronik Mühendisliği,3163,SAY
205,1257,Oto Elektrik-Elektronik,Elektronik ve Haberleşme Mühendisliği,3166,SAY
205,1257,Oto Elektrik-Elektronik,Havacılık Elektrik ve Elektroniği,3200,SAY
205,1257,Oto Elektrik-Elektronik,Uçak Elektrik ve Elektroniği,1418,SAY
206,1258,Oto Motor Teknolojileri,Makine Mühendisliği,3252,SAY
206,1258,Oto Motor Teknolojileri,Otomotiv Mühendisliği,8333,SAY
206,1258,Oto Motor Teknolojileri,Uçak Bakım ve Onarım,1361,SAY
206,1258,Oto Motor Teknolojileri,Uçak Gövde ve Motor Bakımı,1417,SAY
206,1262,Otomotiv Satış Sonrası Hizmet,Makine Mühendisliği,3252,SAY
206,1262,Otomotiv Satış Sonrası Hizmet,Otomotiv Mühendisliği,8333,SAY
206,1262,Otomotiv Satış Sonrası Hizmet,Uçak Bakım ve Onarım,1361,SAY
206,1262,Otomotiv Satış Sonrası Hizmet,Uçak Gövde ve Motor Bakımı,1417,SAY
206,4364,Termik Motorlar ve Otomobil,Makine Mühendisliği,3252,SAY
206,4364,Termik Motorlar ve Otomobil,Otomotiv Mühendisliği,8333,SAY
206,4364,Termik Motorlar ve Otomobil,Uçak Bakım ve Onarım,1361,SAY
206,4364,Termik Motorlar ve Otomobil,Uçak Gövde ve Motor Bakımı,1417,SAY
207,1261,Otomotiv,Enerji Sistemleri Mühendisliği,8319,SAY
207,1261,Otomotiv,Gemi İnşaatı ve Gemi Makineleri Mühendisliği,8322,SAY
207,1261,Otomotiv,Makine Mühendisliği,3252,SAY
207,1261,Otomotiv,Otomotiv Mühendisliği,8333,SAY
207,1261,Otomotiv,Uçak Bakım ve Onarım,1361,SAY
207,1261,Otomotiv,Uçak Gövde ve Motor Bakımı,1417,SAY
207,1261,Otomotiv,Uçak Mühendisliği,3350,SAY
207,8552,Otomotiv Endüstrisi,Enerji Sistemleri Mühendisliği,8319,SAY
207,8552,Otomotiv Endüstrisi,Gemi İnşaatı ve Gemi Makineleri Mühendisliği,8322,SAY
207,8552,Otomotiv Endüstrisi,Makine Mühendisliği,3252,SAY
207,8552,Otomotiv Endüstrisi,Otomotiv Mühendisliği,8333,SAY
207,8552,Otomotiv Endüstrisi,Uçak Bakım ve Onarım,1361,SAY
207,8552,Otomotiv Endüstrisi,Uçak Gövde ve Motor Bakımı,1417,SAY
207,8552,Otomotiv Endüstrisi,Uçak Mühendisliği,3350,SAY
207,1432,Otomotiv Gövde ve Yüzey İşlem Teknolojileri,Enerji Sistemleri Mühendisliği,8319,SAY
207,1432,Otomotiv Gövde ve Yüzey İşlem Teknolojileri,Gemi İnşaatı ve Gemi Makineleri Mühendisliği,8322,SAY
207,1432,Otomotiv Gövde ve Yüzey İşlem Teknolojileri,Makine Mühendisliği,3252,SAY
207,1432,Otomotiv Gövde ve Yüzey İşlem Teknolojileri,Otomotiv Mühendisliği,8333,SAY
207,1432,Otomotiv Gövde ve Yüzey İşlem Teknolojileri,Uçak Bakım ve Onarım,1361,SAY
207,1432,Otomotiv Gövde ve Yüzey İşlem Teknolojileri,Uçak Gövde ve Motor Bakımı,1417,SAY
207,1432,Otomotiv Gövde ve Yüzey İşlem Teknolojileri,Uçak Mühendisliği,3350,SAY
207,1263,Otomotiv Tasarım ve İmalat,Enerji Sistemleri Mühendisliği,8319,SAY
207,1263,Otomotiv Tasarım ve İmalat,Gemi İnşaatı ve Gemi Makineleri Mühendisliği,8322,SAY
207,1263,Otomotiv Tasarım ve İmalat,Makine Mühendisliği,3252,SAY
207,1263,Otomotiv Tasarım ve İmalat,Otomotiv Mühendisliği,8333,SAY
207,1263,Otomotiv Tasarım ve İmalat,Uçak Bakım ve Onarım,1361,SAY
207,1263,Otomotiv Tasarım ve İmalat,Uçak Gövde ve Motor Bakımı,1417,SAY
207,1263,Otomotiv Tasarım ve İmalat,Uçak Mühendisliği,3350,SAY
207,9043,Otomotiv Teknolojisi,Enerji Sistemleri Mühendisliği,8319,SAY
207,9043,Otomotiv Teknolojisi,Gemi İnşaatı ve Gemi Makineleri Mühendisliği,8322,SAY
207,9043,Otomotiv Teknolojisi,Makine Mühendisliği,3252,SAY
207,9043,Otomotiv Teknolojisi,Otomotiv Mühendisliği,8333,SAY
207,9043,Otomotiv Teknolojisi,Uçak Bakım ve Onarım,1361,SAY
207,9043,Otomotiv Teknolojisi,Uçak Gövde ve Motor Bakımı,1417,SAY
207,9043,Otomotiv Teknolojisi,Uçak Mühendisliği,3350,SAY
208,1466,OYUN GELİŞTİRME VE PROGRAMLAMA,DİJİTAL OYUN TASARIMI,9432,SAY
208,1466,OYUN GELİŞTİRME VE PROGRAMLAMA,Tekstil,7180,SÖZ
208,1466,OYUN GELİŞTİRME VE PROGRAMLAMA,Tekstil Mühendisliği,3328,SAY
208,1466,OYUN GELİŞTİRME VE PROGRAMLAMA,Tekstil Tasarımı,7181,EA
208,1466,OYUN GELİŞTİRME VE PROGRAMLAMA,Tekstil ve Moda Tasarımı,7169,EA
208,6265,Pamuk Eksperliği ve İplikçilik,DİJİTAL OYUN TASARIMI,9432,SAY
208,6265,Pamuk Eksperliği ve İplikçilik,Tekstil,7180,SÖZ
208,6265,Pamuk Eksperliği ve İplikçilik,Tekstil Mühendisliği,3328,SAY
208,6265,Pamuk Eksperliği ve İplikçilik,Tekstil Tasarımı,7181,EA
208,6265,Pamuk Eksperliği ve İplikçilik,Tekstil ve Moda Tasarımı,7169,EA
208,5354,Pamuk Pazarlama ve İplikçilik,DİJİTAL OYUN TASARIMI,9432,SAY
208,5354,Pamuk Pazarlama ve İplikçilik,Tekstil,7180,SÖZ
208,5354,Pamuk Pazarlama ve İplikçilik,Tekstil Mühendisliği,3328,SAY
208,5354,Pamuk Pazarlama ve İplikçilik,Tekstil Tasarımı,7181,EA
208,5354,Pamuk Pazarlama ve İplikçilik,Tekstil ve Moda Tasarımı,7169,EA
209,1266,Pancar Yetiştiriciliği ve Şeker Teknolojisi,Bahçe Bitkileri,8147,SAY
209,1266,Pancar Yetiştiriciliği ve Şeker Teknolojisi,Bitki Koruma,8158,SAY
209,1266,Pancar Yetiştiriciliği ve Şeker Teknolojisi,Bitkisel Üretim ve Teknolojileri,9269,SAY
209,1266,Pancar Yetiştiriciliği ve Şeker Teknolojisi,Tarla Bitkileri,3385,SAY
209,5362,Subtropik İklim Bitkileri,Bahçe Bitkileri,8147,SAY
209,5362,Subtropik İklim Bitkileri,Bitki Koruma,8158,SAY
209,5362,Subtropik İklim Bitkileri,Bitkisel Üretim ve Teknolojileri,9269,SAY
209,5362,Subtropik İklim Bitkileri,Tarla Bitkileri,3385,SAY
209,9084,Subtropikal Bitki Yetiştiriciliği,Bahçe Bitkileri,8147,SAY
209,9084,Subtropikal Bitki Yetiştiriciliği,Bitki Koruma,8158,SAY
209,9084,Subtropikal Bitki Yetiştiriciliği,Bitkisel Üretim ve Teknolojileri,9269,SAY
209,9084,Subtropikal Bitki Yetiştiriciliği,Tarla Bitkileri,3385,SAY
209,8637,Tarım Ürünlerinin Muhafazası ve Depolanması,Bahçe Bitkileri,8147,SAY
209,8637,Tarım Ürünlerinin Muhafazası ve Depolanması,Bitki Koruma,8158,SAY
209,8637,Tarım Ürünlerinin Muhafazası ve Depolanması,Bitkisel Üretim ve Teknolojileri,9269,SAY
209,8637,Tarım Ürünlerinin Muhafazası ve Depolanması,Tarla Bitkileri,3385,SAY
209,9038,Tarımsal Ürünler Muhafaza ve Depolama Teknolojisi,Bahçe Bitkileri,8147,SAY
209,9038,Tarımsal Ürünler Muhafaza ve Depolama Teknolojisi,Bitki Koruma,8158,SAY
209,9038,Tarımsal Ürünler Muhafaza ve Depolama Teknolojisi,Bitkisel Üretim ve Teknolojileri,9269,SAY
209,9038,Tarımsal Ürünler Muhafaza ve Depolama Teknolojisi,Tarla Bitkileri,3385,SAY
209,8581,Zeytin Endüstrisi,Bahçe Bitkileri,8147,SAY
209,8581,Zeytin Endüstrisi,Bitki Koruma,8158,SAY
209,8581,Zeytin Endüstrisi,Bitkisel Üretim ve Teknolojileri,9269,SAY
209,8581,Zeytin Endüstrisi,Tarla Bitkileri,3385,SAY
209,5379,Zeytin Yetiştiriciliği ve Değerlendirilmesi,Bahçe Bitkileri,8147,SAY
209,5379,Zeytin Yetiştiriciliği ve Değerlendirilmesi,Bitki Koruma,8158,SAY
209,5379,Zeytin Yetiştiriciliği ve Değerlendirilmesi,Bitkisel Üretim ve Teknolojileri,9269,SAY
209,5379,Zeytin Yetiştiriciliği ve Değerlendirilmesi,Tarla Bitkileri,3385,SAY
209,9058,Zeytincilik ve Zeytin İşleme Teknolojisi,Bahçe Bitkileri,8147,SAY
209,9058,Zeytincilik ve Zeytin İşleme Teknolojisi,Bitki Koruma,8158,SAY
209,9058,Zeytincilik ve Zeytin İşleme Teknolojisi,Bitkisel Üretim ve Teknolojileri,9269,SAY
209,9058,Zeytincilik ve Zeytin İşleme Teknolojisi,Tarla Bitkileri,3385,SAY
210,5355,Para ve Sermaye Yönetimi,Bankacılık,3117,EA
210,5355,Para ve Sermaye Yönetimi,Bankacılık ve Sigortacılık,3120,EA
210,5355,Para ve Sermaye Yönetimi,Ekonometri,3158,EA
210,5355,Para ve Sermaye Yönetimi,Ekonomi,3159,EA
210,5355,Para ve Sermaye Yönetimi,Ekonomi ve Finans,5105,EA
210,5355,Para ve Sermaye Yönetimi,Finans ve Bankacılık,9371,EA
210,5355,Para ve Sermaye Yönetimi,İktisat,3213,EA
210,5355,Para ve Sermaye Yönetimi,İSLAM İKTİSADI VE FİNANS,1425,EA
210,5355,Para ve Sermaye Yönetimi,İşletme,3226,EA
210,5355,Para ve Sermaye Yönetimi,Lojistik Yönetimi,8222,EA
210,5355,Para ve Sermaye Yönetimi,Sermaye Piyasası,3302,EA
210,5355,Para ve Sermaye Yönetimi,Uluslararası Finans,6351,EA
210,5355,Para ve Sermaye Yönetimi,Uluslararası Finans ve Bankacılık,9353,EA
210,5355,Para ve Sermaye Yönetimi,Uluslararası İşletme Yönetimi,4391,EA
210,5355,Para ve Sermaye Yönetimi,Uluslararası Ticaret ve Finansman,5131,EA
210,5355,Para ve Sermaye Yönetimi,Uluslararası Ticaret ve İşletmecilik,3356,EA
211,1366,Pastacılık ve Ekmekçilik,Gastronomi ve Mutfak Sanatları,5108,SÖZ
211,1366,Pastacılık ve Ekmekçilik,Yiyecek ve İçecek İşletmeciliği,8288,EA
212,1267,Patoloji Laboratuvar,Acil Yardım ve Afet Yönetimi,8342,SAY
212,1267,Patoloji Laboratuvar,Biyoloji,3133,SAY
212,1267,Patoloji Laboratuvar,Biyomühendislik,3135,SAY
212,1267,Patoloji Laboratuvar,Biyoteknoloji,9266,SAY
212,1267,Patoloji Laboratuvar,Genetik ve Biyomühendislik,8195,SAY
212,1267,Patoloji Laboratuvar,Hemşirelik,3204,SAY
212,1267,Patoloji Laboratuvar,Moleküler Biyoloji ve Genetik,3267,SAY
212,1267,Patoloji Laboratuvar,Sağlık Yönetimi,6298,EA
212,9088,Patoloji Laboratuvar Teknikleri,Acil Yardım ve Afet Yönetimi,8342,SAY
212,9088,Patoloji Laboratuvar Teknikleri,Biyoloji,3133,SAY
212,9088,Patoloji Laboratuvar Teknikleri,Biyomühendislik,3135,SAY
212,9088,Patoloji Laboratuvar Teknikleri,Biyoteknoloji,9266,SAY
212,9088,Patoloji Laboratuvar Teknikleri,Genetik ve Biyomühendislik,8195,SAY
212,9088,Patoloji Laboratuvar Teknikleri,Hemşirelik,3204,SAY
212,9088,Patoloji Laboratuvar Teknikleri,Moleküler Biyoloji ve Genetik,3267,SAY
212,9088,Patoloji Laboratuvar Teknikleri,Sağlık Yönetimi,6298,EA
212,8557,Sağlık Laboratuvarı,Acil Yardım ve Afet Yönetimi,8342,SAY
212,8557,Sağlık Laboratuvarı,Biyoloji,3133,SAY
212,8557,Sağlık Laboratuvarı,Biyomühendislik,3135,SAY
212,8557,Sağlık Laboratuvarı,Biyoteknoloji,9266,SAY
212,8557,Sağlık Laboratuvarı,Genetik ve Biyomühendislik,8195,SAY
212,8557,Sağlık Laboratuvarı,Hemşirelik,3204,SAY
212,8557,Sağlık Laboratuvarı,Moleküler Biyoloji ve Genetik,3267,SAY
212,8557,Sağlık Laboratuvarı,Sağlık Yönetimi,6298,EA
212,9083,Tıbbi Laboratuar Teknikleri / Tıbbi Laboratuvar Teknikleri,Acil Yardım ve Afet Yönetimi,8342,SAY
212,9083,Tıbbi Laboratuar Teknikleri / Tıbbi Laboratuvar Teknikleri,Biyoloji,3133,SAY
212,9083,Tıbbi Laboratuar Teknikleri / Tıbbi Laboratuvar Teknikleri,Biyomühendislik,3135,SAY
212,9083,Tıbbi Laboratuar Teknikleri / Tıbbi Laboratuvar Teknikleri,Biyoteknoloji,9266,SAY
212,9083,Tıbbi Laboratuar Teknikleri / Tıbbi Laboratuvar Teknikleri,Genetik ve Biyomühendislik,8195,SAY
212,9083,Tıbbi Laboratuar Teknikleri / Tıbbi Laboratuvar Teknikleri,Hemşirelik,3204,SAY
212,9083,Tıbbi Laboratuar Teknikleri / Tıbbi Laboratuvar Teknikleri,Moleküler Biyoloji ve Genetik,3267,SAY
212,9083,Tıbbi Laboratuar Teknikleri / Tıbbi Laboratuvar Teknikleri,Sağlık Yönetimi,6298,EA
212,1330,Tıbbi Laboratuvar,Acil Yardım ve Afet Yönetimi,8342,SAY
212,1330,Tıbbi Laboratuvar,Biyoloji,3133,SAY
212,1330,Tıbbi Laboratuvar,Biyomühendislik,3135,SAY
212,1330,Tıbbi Laboratuvar,Biyoteknoloji,9266,SAY
212,1330,Tıbbi Laboratuvar,Genetik ve Biyomühendislik,8195,SAY
212,1330,Tıbbi Laboratuvar,Hemşirelik,3204,SAY
212,1330,Tıbbi Laboratuvar,Moleküler Biyoloji ve Genetik,3267,SAY
212,1330,Tıbbi Laboratuvar,Sağlık Yönetimi,6298,EA
213,1268,Pazarlama,Ekonomi ve Finans,5105,EA
213,1268,Pazarlama,Halkla İlişkiler ve Reklamcılık,5111,SÖZ
213,1268,Pazarlama,Halkla İlişkiler ve Tanıtım,3198,SÖZ
213,1268,Pazarlama,İletişim,3215,SÖZ
213,1268,Pazarlama,İletişim Bilimleri,8327,SÖZ
213,1268,Pazarlama,İşletme,3226,EA
213,1268,Pazarlama,Lojistik Yönetimi,8222,EA
213,1268,Pazarlama,Pazarlama,8334,EA
213,1268,Pazarlama,Reklam Tasarımı ve İletişimi,8249,SÖZ
213,1268,Pazarlama,Reklamcılık,3291,SÖZ
213,1268,Pazarlama,Uluslararası İşletme Yönetimi,4391,EA
213,1268,Pazarlama,Uluslararası Ticaret,3355,EA
213,1268,Pazarlama,Uluslararası Ticaret ve Finansman,5131,EA
213,1268,Pazarlama,Uluslararası Ticaret ve İşletmecilik,3356,EA
213,1268,Pazarlama,Uluslararası Ticaret ve Lojistik,9009,EA
213,8553,Pazarlama ve Satış,Ekonomi ve Finans,5105,EA
213,8553,Pazarlama ve Satış,Halkla İlişkiler ve Reklamcılık,5111,SÖZ
213,8553,Pazarlama ve Satış,Halkla İlişkiler ve Tanıtım,3198,SÖZ
213,8553,Pazarlama ve Satış,İletişim,3215,SÖZ
213,8553,Pazarlama ve Satış,İletişim Bilimleri,8327,SÖZ
213,8553,Pazarlama ve Satış,İşletme,3226,EA
213,8553,Pazarlama ve Satış,Lojistik Yönetimi,8222,EA
213,8553,Pazarlama ve Satış,Pazarlama,8334,EA
213,8553,Pazarlama ve Satış,Reklam Tasarımı ve İletişimi,8249,SÖZ
213,8553,Pazarlama ve Satış,Reklamcılık,3291,SÖZ
213,8553,Pazarlama ve Satış,Uluslararası İşletme Yönetimi,4391,EA
213,8553,Pazarlama ve Satış,Uluslararası Ticaret,3355,EA
213,8553,Pazarlama ve Satış,Uluslararası Ticaret ve Finansman,5131,EA
213,8553,Pazarlama ve Satış,Uluslararası Ticaret ve İşletmecilik,3356,EA
213,8553,Pazarlama ve Satış,Uluslararası Ticaret ve Lojistik,9009,EA
213,1269,Perakende Satış ve Mağaza Yönetimi,Ekonomi ve Finans,5105,EA
213,1269,Perakende Satış ve Mağaza Yönetimi,Halkla İlişkiler ve Reklamcılık,5111,SÖZ
213,1269,Perakende Satış ve Mağaza Yönetimi,Halkla İlişkiler ve Tanıtım,3198,SÖZ
213,1269,Perakende Satış ve Mağaza Yönetimi,İletişim,3215,SÖZ
213,1269,Perakende Satış ve Mağaza Yönetimi,İletişim Bilimleri,8327,SÖZ
213,1269,Perakende Satış ve Mağaza Yönetimi,İşletme,3226,EA
213,1269,Perakende Satış ve Mağaza Yönetimi,Lojistik Yönetimi,8222,EA
213,1269,Perakende Satış ve Mağaza Yönetimi,Pazarlama,8334,EA
213,1269,Perakende Satış ve Mağaza Yönetimi,Reklam Tasarımı ve İletişimi,8249,SÖZ
213,1269,Perakende Satış ve Mağaza Yönetimi,Reklamcılık,3291,SÖZ
213,1269,Perakende Satış ve Mağaza Yönetimi,Uluslararası İşletme Yönetimi,4391,EA
213,1269,Perakende Satış ve Mağaza Yönetimi,Uluslararası Ticaret,3355,EA
213,1269,Perakende Satış ve Mağaza Yönetimi,Uluslararası Ticaret ve Finansman,5131,EA
213,1269,Perakende Satış ve Mağaza Yönetimi,Uluslararası Ticaret ve İşletmecilik,3356,EA
213,1269,Perakende Satış ve Mağaza Yönetimi,Uluslararası Ticaret ve Lojistik,9009,EA
213,1270,Perakendecilik ve Mağaza Yönetimi,Ekonomi ve Finans,5105,EA
213,1270,Perakendecilik ve Mağaza Yönetimi,Halkla İlişkiler ve Reklamcılık,5111,SÖZ
213,1270,Perakendecilik ve Mağaza Yönetimi,Halkla İlişkiler ve Tanıtım,3198,SÖZ
213,1270,Perakendecilik ve Mağaza Yönetimi,İletişim,3215,SÖZ
213,1270,Perakendecilik ve Mağaza Yönetimi,İletişim Bilimleri,8327,SÖZ
213,1270,Perakendecilik ve Mağaza Yönetimi,İşletme,3226,EA
213,1270,Perakendecilik ve Mağaza Yönetimi,Lojistik Yönetimi,8222,EA
213,1270,Perakendecilik ve Mağaza Yönetimi,Pazarlama,8334,EA
213,1270,Perakendecilik ve Mağaza Yönetimi,Reklam Tasarımı ve İletişimi,8249,SÖZ
213,1270,Perakendecilik ve Mağaza Yönetimi,Reklamcılık,3291,SÖZ
213,1270,Perakendecilik ve Mağaza Yönetimi,Uluslararası İşletme Yönetimi,4391,EA
213,1270,Perakendecilik ve Mağaza Yönetimi,Uluslararası Ticaret,3355,EA
213,1270,Perakendecilik ve Mağaza Yönetimi,Uluslararası Ticaret ve Finansman,5131,EA
213,1270,Perakendecilik ve Mağaza Yönetimi,Uluslararası Ticaret ve İşletmecilik,3356,EA
213,1270,Perakendecilik ve Mağaza Yönetimi,Uluslararası Ticaret ve Lojistik,9009,EA
213,6292,Satış ve Reklam Yönetimi,Ekonomi ve Finans,5105,EA
213,6292,Satış ve Reklam Yönetimi,Halkla İlişkiler ve Reklamcılık,5111,SÖZ
213,6292,Satış ve Reklam Yönetimi,Halkla İlişkiler ve Tanıtım,3198,SÖZ
213,6292,Satış ve Reklam Yönetimi,İletişim,3215,SÖZ
213,6292,Satış ve Reklam Yönetimi,İletişim Bilimleri,8327,SÖZ
213,6292,Satış ve Reklam Yönetimi,İşletme,3226,EA
213,6292,Satış ve Reklam Yönetimi,Lojistik Yönetimi,8222,EA
213,6292,Satış ve Reklam Yönetimi,Pazarlama,8334,EA
213,6292,Satış ve Reklam Yönetimi,Reklam Tasarımı ve İletişimi,8249,SÖZ
213,6292,Satış ve Reklam Yönetimi,Reklamcılık,3291,SÖZ
213,6292,Satış ve Reklam Yönetimi,Uluslararası İşletme Yönetimi,4391,EA
213,6292,Satış ve Reklam Yönetimi,Uluslararası Ticaret,3355,EA
213,6292,Satış ve Reklam Yönetimi,Uluslararası Ticaret ve Finansman,5131,EA
213,6292,Satış ve Reklam Yönetimi,Uluslararası Ticaret ve İşletmecilik,3356,EA
213,6292,Satış ve Reklam Yönetimi,Uluslararası Ticaret ve Lojistik,9009,EA
213,1293,Satış Yönetimi,Ekonomi ve Finans,5105,EA
213,1293,Satış Yönetimi,Halkla İlişkiler ve Reklamcılık,5111,SÖZ
213,1293,Satış Yönetimi,Halkla İlişkiler ve Tanıtım,3198,SÖZ
213,1293,Satış Yönetimi,İletişim,3215,SÖZ
213,1293,Satış Yönetimi,İletişim Bilimleri,8327,SÖZ
213,1293,Satış Yönetimi,İşletme,3226,EA
213,1293,Satış Yönetimi,Lojistik Yönetimi,8222,EA
213,1293,Satış Yönetimi,Pazarlama,8334,EA
213,1293,Satış Yönetimi,Reklam Tasarımı ve İletişimi,8249,SÖZ
213,1293,Satış Yönetimi,Reklamcılık,3291,SÖZ
213,1293,Satış Yönetimi,Uluslararası İşletme Yönetimi,4391,EA
213,1293,Satış Yönetimi,Uluslararası Ticaret,3355,EA
213,1293,Satış Yönetimi,Uluslararası Ticaret ve Finansman,5131,EA
213,1293,Satış Yönetimi,Uluslararası Ticaret ve İşletmecilik,3356,EA
213,1293,Satış Yönetimi,Uluslararası Ticaret ve Lojistik,9009,EA
214,5356,Perfüzyon,Hemşirelik,3204,SAY
214,5356,Perfüzyon,Perfüzyon,9401,SAY
214,5356,Perfüzyon,Kimya,3240,SAY
214,5356,Perfüzyon,Kimya Mühendisliği,6241,SAY
214,5356,Perfüzyon,Petrol ve Doğalgaz Mühendisliği,3281,SAY
214,9201,Perfüzyon Teknikleri,Hemşirelik,3204,SAY
214,9201,Perfüzyon Teknikleri,Perfüzyon,9401,SAY
214,9201,Perfüzyon Teknikleri,Kimya,3240,SAY
214,9201,Perfüzyon Teknikleri,Kimya Mühendisliği,6241,SAY
214,9201,Perfüzyon Teknikleri,Petrol ve Doğalgaz Mühendisliği,3281,SAY
214,8554,Petrokimya,Hemşirelik,3204,SAY
214,8554,Petrokimya,Perfüzyon,9401,SAY
214,8554,Petrokimya,Kimya,3240,SAY
214,8554,Petrokimya,Kimya Mühendisliği,6241,SAY
214,8554,Petrokimya,Petrol ve Doğalgaz Mühendisliği,3281,SAY
214,8556,Rafineri,Hemşirelik,3204,SAY
214,8556,Rafineri,Perfüzyon,9401,SAY
214,8556,Rafineri,Kimya,3240,SAY
214,8556,Rafineri,Kimya Mühendisliği,6241,SAY
214,8556,Rafineri,Petrol ve Doğalgaz Mühendisliği,3281,SAY
214,1287,Rafineri ve Petrokimya,Hemşirelik,3204,SAY
214,1287,Rafineri ve Petrokimya,Perfüzyon,9401,SAY
214,1287,Rafineri ve Petrokimya,Kimya,3240,SAY
214,1287,Rafineri ve Petrokimya,Kimya Mühendisliği,6241,SAY
214,1287,Rafineri ve Petrokimya,Petrol ve Doğalgaz Mühendisliği,3281,SAY
214,9041,Rafineri ve Petro-Kimya Teknolojisi,Hemşirelik,3204,SAY
214,9041,Rafineri ve Petro-Kimya Teknolojisi,Perfüzyon,9401,SAY
214,9041,Rafineri ve Petro-Kimya Teknolojisi,Kimya,3240,SAY
214,9041,Rafineri ve Petro-Kimya Teknolojisi,Kimya Mühendisliği,6241,SAY
214,9041,Rafineri ve Petro-Kimya Teknolojisi,Petrol ve Doğalgaz Mühendisliği,3281,SAY
215,1276,Piyasa Araştırmaları ve Pazarlama,Halkla İlişkiler ve Reklamcılık,5111,SÖZ
215,1276,Piyasa Araştırmaları ve Pazarlama,Halkla İlişkiler ve Tanıtım,3198,SÖZ
215,1276,Piyasa Araştırmaları ve Pazarlama,İletişim,3215,SÖZ
215,1276,Piyasa Araştırmaları ve Pazarlama,İletişim Bilimleri,8327,SÖZ
215,1276,Piyasa Araştırmaları ve Pazarlama,İletişim ve Tasarımı,1428,SÖZ
215,1276,Piyasa Araştırmaları ve Pazarlama,Pazarlama,8334,EA
215,1276,Piyasa Araştırmaları ve Pazarlama,Reklam Tasarımı ve İletişimi,8249,SÖZ
215,1276,Piyasa Araştırmaları ve Pazarlama,Reklamcılık,3291,SÖZ
215,1277,Piyasa Araştırmaları ve Reklamcılık,Halkla İlişkiler ve Reklamcılık,5111,SÖZ
215,1277,Piyasa Araştırmaları ve Reklamcılık,Halkla İlişkiler ve Tanıtım,3198,SÖZ
215,1277,Piyasa Araştırmaları ve Reklamcılık,İletişim,3215,SÖZ
215,1277,Piyasa Araştırmaları ve Reklamcılık,İletişim Bilimleri,8327,SÖZ
215,1277,Piyasa Araştırmaları ve Reklamcılık,İletişim ve Tasarımı,1428,SÖZ
215,1277,Piyasa Araştırmaları ve Reklamcılık,Pazarlama,8334,EA
215,1277,Piyasa Araştırmaları ve Reklamcılık,Reklam Tasarımı ve İletişimi,8249,SÖZ
215,1277,Piyasa Araştırmaları ve Reklamcılık,Reklamcılık,3291,SÖZ
216,1279,Protez ve Ortez,Acil Yardım ve Afet Yönetimi,8342,SAY
216,1279,Protez ve Ortez,Biyomedikal Mühendisliği,3134,SAY
216,1279,Protez ve Ortez,Fizyoterapi ve Rehabilitasyon,8344,SAY
216,1279,Protez ve Ortez,Ortez ve Protez,1426,SAY
216,1279,Protez ve Ortez,Sağlık Yönetimi,6298,EA
217,6286,Radyo Tv Yayımcılığı / Radyo-Tv Yayımcılığı,Basın ve Yayın,3121,SÖZ
217,6286,Radyo Tv Yayımcılığı / Radyo-Tv Yayımcılığı,Film Tasarımı ve Yazarlığı,1422,SÖZ
217,6286,Radyo Tv Yayımcılığı / Radyo-Tv Yayımcılığı,Film Tasarımı ve Yönetimi,1406,SÖZ
217,6286,Radyo Tv Yayımcılığı / Radyo-Tv Yayımcılığı,Yayımcılığı Film Tasarımı ve Yönetmenliği,1421,SÖZ
217,6286,Radyo Tv Yayımcılığı / Radyo-Tv Yayımcılığı,Fotoğraf,7158,SÖZ
217,6286,Radyo Tv Yayımcılığı / Radyo-Tv Yayımcılığı,Fotoğraf ve Video,7211,SÖZ
217,6286,Radyo Tv Yayımcılığı / Radyo-Tv Yayımcılığı,Gazetecilik,6188,SÖZ
217,6286,Radyo Tv Yayımcılığı / Radyo-Tv Yayımcılığı,Görsel İletişim Tasarımı,5109,SÖZ
217,6286,Radyo Tv Yayımcılığı / Radyo-Tv Yayımcılığı,Görsel Sanatlar,9162,SÖZ
217,6286,Radyo Tv Yayımcılığı / Radyo-Tv Yayımcılığı,Grafik Tasarımı,7162,EA
217,6286,Radyo Tv Yayımcılığı / Radyo-Tv Yayımcılığı,Halkla İlişkiler ve Reklamcılık,5111,SÖZ
217,6286,Radyo Tv Yayımcılığı / Radyo-Tv Yayımcılığı,Halkla İlişkiler ve Tanıtım,3198,SÖZ
217,6286,Radyo Tv Yayımcılığı / Radyo-Tv Yayımcılığı,İletişim,3215,SÖZ
217,6286,Radyo Tv Yayımcılığı / Radyo-Tv Yayımcılığı,İletişim Bilimleri,8327,SÖZ
217,6286,Radyo Tv Yayımcılığı / Radyo-Tv Yayımcılığı,İletişim Tasarımı ve Yönetimi,9281,SÖZ
217,6286,Radyo Tv Yayımcılığı / Radyo-Tv Yayımcılığı,İletişim ve Tasarımı,1428,SÖZ
217,6286,Radyo Tv Yayımcılığı / Radyo-Tv Yayımcılığı,"Kurgu, Ses ve Görüntü Yönetimi",9156,SÖZ
217,6286,Radyo Tv Yayımcılığı / Radyo-Tv Yayımcılığı,Medya ve İletişim,8244,SÖZ
217,6286,Radyo Tv Yayımcılığı / Radyo-Tv Yayımcılığı,"Radyo, Televizyon ve Sinema",3287,SÖZ
217,6286,Radyo Tv Yayımcılığı / Radyo-Tv Yayımcılığı,Reklamcılık,3291,SÖZ
217,6286,Radyo Tv Yayımcılığı / Radyo-Tv Yayımcılığı,Sinema ve Dijital Medya,9309,SÖZ
217,6286,Radyo Tv Yayımcılığı / Radyo-Tv Yayımcılığı,Sinema ve Televizyon,3307,SÖZ
217,6286,Radyo Tv Yayımcılığı / Radyo-Tv Yayımcılığı,Televizyon Haberciliği ve Programcılığı,8351,SÖZ
217,6286,Radyo Tv Yayımcılığı / Radyo-Tv Yayımcılığı,Yeni Medya,9142,SÖZ
217,6286,Radyo Tv Yayımcılığı / Radyo-Tv Yayımcılığı,Yeni Medya ve İletişim,9471,SÖZ
217,9248,Radyo Tv Yayıncılığı,Basın ve Yayın,3121,SÖZ
217,9248,Radyo Tv Yayıncılığı,Film Tasarımı ve Yazarlığı,1422,SÖZ
217,9248,Radyo Tv Yayıncılığı,Film Tasarımı ve Yönetimi,1406,SÖZ
217,9248,Radyo Tv Yayıncılığı,Yayımcılığı Film Tasarımı ve Yönetmenliği,1421,SÖZ
217,9248,Radyo Tv Yayıncılığı,Fotoğraf,7158,SÖZ
217,9248,Radyo Tv Yayıncılığı,Fotoğraf ve Video,7211,SÖZ
217,9248,Radyo Tv Yayıncılığı,Gazetecilik,6188,SÖZ
217,9248,Radyo Tv Yayıncılığı,Görsel İletişim Tasarımı,5109,SÖZ
217,9248,Radyo Tv Yayıncılığı,Görsel Sanatlar,9162,SÖZ
217,9248,Radyo Tv Yayıncılığı,Grafik Tasarımı,7162,EA
217,9248,Radyo Tv Yayıncılığı,Halkla İlişkiler ve Reklamcılık,5111,SÖZ
217,9248,Radyo Tv Yayıncılığı,Halkla İlişkiler ve Tanıtım,3198,SÖZ
217,9248,Radyo Tv Yayıncılığı,İletişim,3215,SÖZ
217,9248,Radyo Tv Yayıncılığı,İletişim Bilimleri,8327,SÖZ
217,9248,Radyo Tv Yayıncılığı,İletişim Tasarımı ve Yönetimi,9281,SÖZ
217,9248,Radyo Tv Yayıncılığı,İletişim ve Tasarımı,1428,SÖZ
217,9248,Radyo Tv Yayıncılığı,"Kurgu, Ses ve Görüntü Yönetimi",9156,SÖZ
217,9248,Radyo Tv Yayıncılığı,Medya ve İletişim,8244,SÖZ
217,9248,Radyo Tv Yayıncılığı,"Radyo, Televizyon ve Sinema",3287,SÖZ
217,9248,Radyo Tv Yayıncılığı,Reklamcılık,3291,SÖZ
217,9248,Radyo Tv Yayıncılığı,Sinema ve Dijital Medya,9309,SÖZ
217,9248,Radyo Tv Yayıncılığı,Sinema ve Televizyon,3307,SÖZ
217,9248,Radyo Tv Yayıncılığı,Televizyon Haberciliği ve Programcılığı,8351,SÖZ
217,9248,Radyo Tv Yayıncılığı,Yeni Medya,9142,SÖZ
217,9248,Radyo Tv Yayıncılığı,Yeni Medya ve İletişim,9471,SÖZ
217,1282,Programcılığı,Basın ve Yayın,3121,SÖZ
217,1282,Programcılığı,Film Tasarımı ve Yazarlığı,1422,SÖZ
217,1282,Programcılığı,Film Tasarımı ve Yönetimi,1406,SÖZ
217,1282,Programcılığı,Yayımcılığı Film Tasarımı ve Yönetmenliği,1421,SÖZ
217,1282,Programcılığı,Fotoğraf,7158,SÖZ
217,1282,Programcılığı,Fotoğraf ve Video,7211,SÖZ
217,1282,Programcılığı,Gazetecilik,6188,SÖZ
217,1282,Programcılığı,Görsel İletişim Tasarımı,5109,SÖZ
217,1282,Programcılığı,Görsel Sanatlar,9162,SÖZ
217,1282,Programcılığı,Grafik Tasarımı,7162,EA
217,1282,Programcılığı,Halkla İlişkiler ve Reklamcılık,5111,SÖZ
217,1282,Programcılığı,Halkla İlişkiler ve Tanıtım,3198,SÖZ
217,1282,Programcılığı,İletişim,3215,SÖZ
217,1282,Programcılığı,İletişim Bilimleri,8327,SÖZ
217,1282,Programcılığı,İletişim Tasarımı ve Yönetimi,9281,SÖZ
217,1282,Programcılığı,İletişim ve Tasarımı,1428,SÖZ
217,1282,Programcılığı,"Kurgu, Ses ve Görüntü Yönetimi",9156,SÖZ
217,1282,Programcılığı,Medya ve İletişim,8244,SÖZ
217,1282,Programcılığı,"Radyo, Televizyon ve Sinema",3287,SÖZ
217,1282,Programcılığı,Reklamcılık,3291,SÖZ
217,1282,Programcılığı,Sinema ve Dijital Medya,9309,SÖZ
217,1282,Programcılığı,Sinema ve Televizyon,3307,SÖZ
217,1282,Programcılığı,Televizyon Haberciliği ve Programcılığı,8351,SÖZ
217,1282,Programcılığı,Yeni Medya,9142,SÖZ
217,1282,Programcılığı,Yeni Medya ve İletişim,9471,SÖZ
217,1284,Radyo ve Televizyon Yayımcılığı / Radyo-Televizyon,Basın ve Yayın,3121,SÖZ
217,1284,Radyo ve Televizyon Yayımcılığı / Radyo-Televizyon,Film Tasarımı ve Yazarlığı,1422,SÖZ
217,1284,Radyo ve Televizyon Yayımcılığı / Radyo-Televizyon,Film Tasarımı ve Yönetimi,1406,SÖZ
217,1284,Radyo ve Televizyon Yayımcılığı / Radyo-Televizyon,Yayımcılığı Film Tasarımı ve Yönetmenliği,1421,SÖZ
217,1284,Radyo ve Televizyon Yayımcılığı / Radyo-Televizyon,Fotoğraf,7158,SÖZ
217,1284,Radyo ve Televizyon Yayımcılığı / Radyo-Televizyon,Fotoğraf ve Video,7211,SÖZ
217,1284,Radyo ve Televizyon Yayımcılığı / Radyo-Televizyon,Gazetecilik,6188,SÖZ
217,1284,Radyo ve Televizyon Yayımcılığı / Radyo-Televizyon,Görsel İletişim Tasarımı,5109,SÖZ
217,1284,Radyo ve Televizyon Yayımcılığı / Radyo-Televizyon,Görsel Sanatlar,9162,SÖZ
217,1284,Radyo ve Televizyon Yayımcılığı / Radyo-Televizyon,Grafik Tasarımı,7162,EA
217,1284,Radyo ve Televizyon Yayımcılığı / Radyo-Televizyon,Halkla İlişkiler ve Reklamcılık,5111,SÖZ
217,1284,Radyo ve Televizyon Yayımcılığı / Radyo-Televizyon,Halkla İlişkiler ve Tanıtım,3198,SÖZ
217,1284,Radyo ve Televizyon Yayımcılığı / Radyo-Televizyon,İletişim,3215,SÖZ
217,1284,Radyo ve Televizyon Yayımcılığı / Radyo-Televizyon,İletişim Bilimleri,8327,SÖZ
217,1284,Radyo ve Televizyon Yayımcılığı / Radyo-Televizyon,İletişim Tasarımı ve Yönetimi,9281,SÖZ
217,1284,Radyo ve Televizyon Yayımcılığı / Radyo-Televizyon,İletişim ve Tasarımı,1428,SÖZ
217,1284,Radyo ve Televizyon Yayımcılığı / Radyo-Televizyon,"Kurgu, Ses ve Görüntü Yönetimi",9156,SÖZ
217,1284,Radyo ve Televizyon Yayımcılığı / Radyo-Televizyon,Medya ve İletişim,8244,SÖZ
217,1284,Radyo ve Televizyon Yayımcılığı / Radyo-Televizyon,"Radyo, Televizyon ve Sinema",3287,SÖZ
217,1284,Radyo ve Televizyon Yayımcılığı / Radyo-Televizyon,Reklamcılık,3291,SÖZ
217,1284,Radyo ve Televizyon Yayımcılığı / Radyo-Televizyon,Sinema ve Dijital Medya,9309,SÖZ
217,1284,Radyo ve Televizyon Yayımcılığı / Radyo-Televizyon,Sinema ve Televizyon,3307,SÖZ
217,1284,Radyo ve Televizyon Yayımcılığı / Radyo-Televizyon,Televizyon Haberciliği ve Programcılığı,8351,SÖZ
217,1284,Radyo ve Televizyon Yayımcılığı / Radyo-Televizyon,Yeni Medya,9142,SÖZ
217,1284,Radyo ve Televizyon Yayımcılığı / Radyo-Televizyon,Yeni Medya ve İletişim,9471,SÖZ
217,4340,Radyo ve Televizyon Yayıncılığı,Basın ve Yayın,3121,SÖZ
217,4340,Radyo ve Televizyon Yayıncılığı,Film Tasarımı ve Yazarlığı,1422,SÖZ
217,4340,Radyo ve Televizyon Yayıncılığı,Film Tasarımı ve Yönetimi,1406,SÖZ
217,4340,Radyo ve Televizyon Yayıncılığı,Yayımcılığı Film Tasarımı ve Yönetmenliği,1421,SÖZ
217,4340,Radyo ve Televizyon Yayıncılığı,Fotoğraf,7158,SÖZ
217,4340,Radyo ve Televizyon Yayıncılığı,Fotoğraf ve Video,7211,SÖZ
217,4340,Radyo ve Televizyon Yayıncılığı,Gazetecilik,6188,SÖZ
217,4340,Radyo ve Televizyon Yayıncılığı,Görsel İletişim Tasarımı,5109,SÖZ
217,4340,Radyo ve Televizyon Yayıncılığı,Görsel Sanatlar,9162,SÖZ
217,4340,Radyo ve Televizyon Yayıncılığı,Grafik Tasarımı,7162,EA
217,4340,Radyo ve Televizyon Yayıncılığı,Halkla İlişkiler ve Reklamcılık,5111,SÖZ
217,4340,Radyo ve Televizyon Yayıncılığı,Halkla İlişkiler ve Tanıtım,3198,SÖZ
217,4340,Radyo ve Televizyon Yayıncılığı,İletişim,3215,SÖZ
217,4340,Radyo ve Televizyon Yayıncılığı,İletişim Bilimleri,8327,SÖZ
217,4340,Radyo ve Televizyon Yayıncılığı,İletişim Tasarımı ve Yönetimi,9281,SÖZ
217,4340,Radyo ve Televizyon Yayıncılığı,İletişim ve Tasarımı,1428,SÖZ
217,4340,Radyo ve Televizyon Yayıncılığı,"Kurgu, Ses ve Görüntü Yönetimi",9156,SÖZ
217,4340,Radyo ve Televizyon Yayıncılığı,Medya ve İletişim,8244,SÖZ
217,4340,Radyo ve Televizyon Yayıncılığı,"Radyo, Televizyon ve Sinema",3287,SÖZ
217,4340,Radyo ve Televizyon Yayıncılığı,Reklamcılık,3291,SÖZ
217,4340,Radyo ve Televizyon Yayıncılığı,Sinema ve Dijital Medya,9309,SÖZ
217,4340,Radyo ve Televizyon Yayıncılığı,Sinema ve Televizyon,3307,SÖZ
217,4340,Radyo ve Televizyon Yayıncılığı,Televizyon Haberciliği ve Programcılığı,8351,SÖZ
217,4340,Radyo ve Televizyon Yayıncılığı,Yeni Medya,9142,SÖZ
217,4340,Radyo ve Televizyon Yayıncılığı,Yeni Medya ve İletişim,9471,SÖZ
217,1280,Radyo ve Tv Yayımcılığı,Basın ve Yayın,3121,SÖZ
217,1280,Radyo ve Tv Yayımcılığı,Film Tasarımı ve Yazarlığı,1422,SÖZ
217,1280,Radyo ve Tv Yayımcılığı,Film Tasarımı ve Yönetimi,1406,SÖZ
217,1280,Radyo ve Tv Yayımcılığı,Yayımcılığı Film Tasarımı ve Yönetmenliği,1421,SÖZ
217,1280,Radyo ve Tv Yayımcılığı,Fotoğraf,7158,SÖZ
217,1280,Radyo ve Tv Yayımcılığı,Fotoğraf ve Video,7211,SÖZ
217,1280,Radyo ve Tv Yayımcılığı,Gazetecilik,6188,SÖZ
217,1280,Radyo ve Tv Yayımcılığı,Görsel İletişim Tasarımı,5109,SÖZ
217,1280,Radyo ve Tv Yayımcılığı,Görsel Sanatlar,9162,SÖZ
217,1280,Radyo ve Tv Yayımcılığı,Grafik Tasarımı,7162,EA
217,1280,Radyo ve Tv Yayımcılığı,Halkla İlişkiler ve Reklamcılık,5111,SÖZ
217,1280,Radyo ve Tv Yayımcılığı,Halkla İlişkiler ve Tanıtım,3198,SÖZ
217,1280,Radyo ve Tv Yayımcılığı,İletişim,3215,SÖZ
217,1280,Radyo ve Tv Yayımcılığı,İletişim Bilimleri,8327,SÖZ
217,1280,Radyo ve Tv Yayımcılığı,İletişim Tasarımı ve Yönetimi,9281,SÖZ
217,1280,Radyo ve Tv Yayımcılığı,İletişim ve Tasarımı,1428,SÖZ
217,1280,Radyo ve Tv Yayımcılığı,"Kurgu, Ses ve Görüntü Yönetimi",9156,SÖZ
217,1280,Radyo ve Tv Yayımcılığı,Medya ve İletişim,8244,SÖZ
217,1280,Radyo ve Tv Yayımcılığı,"Radyo, Televizyon ve Sinema",3287,SÖZ
217,1280,Radyo ve Tv Yayımcılığı,Reklamcılık,3291,SÖZ
217,1280,Radyo ve Tv Yayımcılığı,Sinema ve Dijital Medya,9309,SÖZ
217,1280,Radyo ve Tv Yayımcılığı,Sinema ve Televizyon,3307,SÖZ
217,1280,Radyo ve Tv Yayımcılığı,Televizyon Haberciliği ve Programcılığı,8351,SÖZ
217,1280,Radyo ve Tv Yayımcılığı,Yeni Medya,9142,SÖZ
217,1280,Radyo ve Tv Yayımcılığı,Yeni Medya ve İletişim,9471,SÖZ
218,1283,Radyo ve Televizyon Tekniği / Radyo-Televizyon Tekniği,Basın ve Yayın,3121,SÖZ
218,1283,Radyo ve Televizyon Tekniği / Radyo-Televizyon Tekniği,Elektrik-Elektronik Mühendisliği,3162,SAY
218,1283,Radyo ve Televizyon Tekniği / Radyo-Televizyon Tekniği,Elektronik Mühendisliği,3163,SAY
218,1283,Radyo ve Televizyon Tekniği / Radyo-Televizyon Tekniği,Elektronik ve Haberleşme Mühendisliği,3166,SAY
218,1283,Radyo ve Televizyon Tekniği / Radyo-Televizyon Tekniği,Film Tasarımı ve Yazarlığı,1422,SÖZ
218,1283,Radyo ve Televizyon Tekniği / Radyo-Televizyon Tekniği,Film Tasarımı ve Yönetimi,1406,SÖZ
218,1283,Radyo ve Televizyon Tekniği / Radyo-Televizyon Tekniği,Film Tasarımı ve Yönetmenliği,1421,SÖZ
218,1283,Radyo ve Televizyon Tekniği / Radyo-Televizyon Tekniği,Gazetecilik,6188,SÖZ
218,1283,Radyo ve Televizyon Tekniği / Radyo-Televizyon Tekniği,Görsel İletişim Tasarımı,5109,SÖZ
218,1283,Radyo ve Televizyon Tekniği / Radyo-Televizyon Tekniği,İletişim,3215,SÖZ
218,1283,Radyo ve Televizyon Tekniği / Radyo-Televizyon Tekniği,İletişim Bilimleri,8327,SÖZ
218,1283,Radyo ve Televizyon Tekniği / Radyo-Televizyon Tekniği,İletişim Tasarımı ve Yönetimi,9281,SÖZ
218,1283,Radyo ve Televizyon Tekniği / Radyo-Televizyon Tekniği,İletişim ve Tasarımı,1428,SÖZ
218,1283,Radyo ve Televizyon Tekniği / Radyo-Televizyon Tekniği,"Kurgu, Ses ve Görüntü Yönetimi",9156,SÖZ
218,1283,Radyo ve Televizyon Tekniği / Radyo-Televizyon Tekniği,Medya ve İletişim,8244,SÖZ
218,1283,Radyo ve Televizyon Tekniği / Radyo-Televizyon Tekniği,"Radyo, Televizyon ve Sinema",3287,SÖZ
218,1283,Radyo ve Televizyon Tekniği / Radyo-Televizyon Tekniği,Sinema ve Dijital Medya,9309,SÖZ
218,1283,Radyo ve Televizyon Tekniği / Radyo-Televizyon Tekniği,Sinema ve Televizyon,3307,SÖZ
218,1283,Radyo ve Televizyon Tekniği / Radyo-Televizyon Tekniği,Televizyon Haberciliği ve Programcılığı,8351,SÖZ
218,1283,Radyo ve Televizyon Tekniği / Radyo-Televizyon Tekniği,Yeni Medya,9142,SÖZ
218,1283,Radyo ve Televizyon Tekniği / Radyo-Televizyon Tekniği,Yeni Medya ve İletişim,9471,SÖZ
218,9070,Radyo ve Televizyon Teknolojisi,Basın ve Yayın,3121,SÖZ
218,9070,Radyo ve Televizyon Teknolojisi,Elektrik-Elektronik Mühendisliği,3162,SAY
218,9070,Radyo ve Televizyon Teknolojisi,Elektronik Mühendisliği,3163,SAY
218,9070,Radyo ve Televizyon Teknolojisi,Elektronik ve Haberleşme Mühendisliği,3166,SAY
218,9070,Radyo ve Televizyon Teknolojisi,Film Tasarımı ve Yazarlığı,1422,SÖZ
218,9070,Radyo ve Televizyon Teknolojisi,Film Tasarımı ve Yönetimi,1406,SÖZ
218,9070,Radyo ve Televizyon Teknolojisi,Film Tasarımı ve Yönetmenliği,1421,SÖZ
218,9070,Radyo ve Televizyon Teknolojisi,Gazetecilik,6188,SÖZ
218,9070,Radyo ve Televizyon Teknolojisi,Görsel İletişim Tasarımı,5109,SÖZ
218,9070,Radyo ve Televizyon Teknolojisi,İletişim,3215,SÖZ
218,9070,Radyo ve Televizyon Teknolojisi,İletişim Bilimleri,8327,SÖZ
218,9070,Radyo ve Televizyon Teknolojisi,İletişim Tasarımı ve Yönetimi,9281,SÖZ
218,9070,Radyo ve Televizyon Teknolojisi,İletişim ve Tasarımı,1428,SÖZ
218,9070,Radyo ve Televizyon Teknolojisi,"Kurgu, Ses ve Görüntü Yönetimi",9156,SÖZ
218,9070,Radyo ve Televizyon Teknolojisi,Medya ve İletişim,8244,SÖZ
218,9070,Radyo ve Televizyon Teknolojisi,"Radyo, Televizyon ve Sinema",3287,SÖZ
218,9070,Radyo ve Televizyon Teknolojisi,Sinema ve Dijital Medya,9309,SÖZ
218,9070,Radyo ve Televizyon Teknolojisi,Sinema ve Televizyon,3307,SÖZ
218,9070,Radyo ve Televizyon Teknolojisi,Televizyon Haberciliği ve Programcılığı,8351,SÖZ
218,9070,Radyo ve Televizyon Teknolojisi,Yeni Medya,9142,SÖZ
218,9070,Radyo ve Televizyon Teknolojisi,Yeni Medya ve İletişim,9471,SÖZ
219,1281,Radyoloji,Acil Yardım ve Afet Yönetimi,8342,SAY
219,1281,Radyoloji,Hemşirelik,3204,SAY
219,1281,Radyoloji,Sağlık Yönetimi,6298,EA
219,1281,Radyoloji,Elektrik Mühendisliği Sistemler,3160,SAY
219,1281,Radyoloji,Elektrik-Elektronik Mühendisliği,3162,SAY
219,1281,Radyoloji,Elektronik Mühendisliği,3163,SAY
219,1281,Radyoloji,Elektronik ve Haberleşme Mühendisliği,3166,SAY
219,1281,Radyoloji,Mekatronik Mühendisliği,5119,SAY
219,1285,Radyoterapi,Acil Yardım ve Afet Yönetimi,8342,SAY
219,1285,Radyoterapi,Hemşirelik,3204,SAY
219,1285,Radyoterapi,Sağlık Yönetimi,6298,EA
219,1285,Radyoterapi,Elektrik Mühendisliği Sistemler,3160,SAY
219,1285,Radyoterapi,Elektrik-Elektronik Mühendisliği,3162,SAY
219,1285,Radyoterapi,Elektronik Mühendisliği,3163,SAY
219,1285,Radyoterapi,Elektronik ve Haberleşme Mühendisliği,3166,SAY
219,1285,Radyoterapi,Mekatronik Mühendisliği,5119,SAY
219,9086,Tıbbi Görüntüleme Teknikleri,Acil Yardım ve Afet Yönetimi,8342,SAY
219,9086,Tıbbi Görüntüleme Teknikleri,Hemşirelik,3204,SAY
219,9086,Tıbbi Görüntüleme Teknikleri,Sağlık Yönetimi,6298,EA
219,9086,Tıbbi Görüntüleme Teknikleri,Elektrik Mühendisliği Sistemler,3160,SAY
219,9086,Tıbbi Görüntüleme Teknikleri,Elektrik-Elektronik Mühendisliği,3162,SAY
219,9086,Tıbbi Görüntüleme Teknikleri,Elektronik Mühendisliği,3163,SAY
219,9086,Tıbbi Görüntüleme Teknikleri,Elektronik ve Haberleşme Mühendisliği,3166,SAY
219,9086,Tıbbi Görüntüleme Teknikleri,Mekatronik Mühendisliği,5119,SAY
219,1377,Raylı Sistemler Elektrik ve Elektronik,Acil Yardım ve Afet Yönetimi,8342,SAY
219,1377,Raylı Sistemler Elektrik ve Elektronik,Hemşirelik,3204,SAY
219,1377,Raylı Sistemler Elektrik ve Elektronik,Sağlık Yönetimi,6298,EA
219,1377,Raylı Sistemler Elektrik ve Elektronik,Elektrik Mühendisliği Sistemler,3160,SAY
219,1377,Raylı Sistemler Elektrik ve Elektronik,Elektrik-Elektronik Mühendisliği,3162,SAY
219,1377,Raylı Sistemler Elektrik ve Elektronik,Elektronik Mühendisliği,3163,SAY
219,1377,Raylı Sistemler Elektrik ve Elektronik,Elektronik ve Haberleşme Mühendisliği,3166,SAY
219,1377,Raylı Sistemler Elektrik ve Elektronik,Mekatronik Mühendisliği,5119,SAY
219,8621,Elektrik ve Elektronik Teknolojisi,Acil Yardım ve Afet Yönetimi,8342,SAY
219,8621,Elektrik ve Elektronik Teknolojisi,Hemşirelik,3204,SAY
219,8621,Elektrik ve Elektronik Teknolojisi,Sağlık Yönetimi,6298,EA
219,8621,Elektrik ve Elektronik Teknolojisi,Elektrik Mühendisliği Sistemler,3160,SAY
219,8621,Elektrik ve Elektronik Teknolojisi,Elektrik-Elektronik Mühendisliği,3162,SAY
219,8621,Elektrik ve Elektronik Teknolojisi,Elektronik Mühendisliği,3163,SAY
219,8621,Elektrik ve Elektronik Teknolojisi,Elektronik ve Haberleşme Mühendisliği,3166,SAY
219,8621,Elektrik ve Elektronik Teknolojisi,Mekatronik Mühendisliği,5119,SAY
220,8623,Raylı Sistemler İşletmeciliği,Çalışma Ekonomisi ve Endüstri İlişkileri,3141,EA
220,8623,Raylı Sistemler İşletmeciliği,Lojistik Yönetimi,8222,EA
221,9325,Reklamcılık,Halkla İlişkiler ve Reklamcılık,5111,SÖZ
221,9325,Reklamcılık,Halkla İlişkiler ve Tanıtım,3198,SÖZ
221,9325,Reklamcılık,İletişim,3215,SÖZ
221,9325,Reklamcılık,İletişim Bilimleri,8327,SÖZ
221,9325,Reklamcılık,Reklam Tasarımı ve İletişimi,8249,SÖZ
221,9325,Reklamcılık,Reklamcılık,3291,SÖZ
221,1289,Reklamcılık Yönetimi,Halkla İlişkiler ve Reklamcılık,5111,SÖZ
221,1289,Reklamcılık Yönetimi,Halkla İlişkiler ve Tanıtım,3198,SÖZ
221,1289,Reklamcılık Yönetimi,İletişim,3215,SÖZ
221,1289,Reklamcılık Yönetimi,İletişim Bilimleri,8327,SÖZ
221,1289,Reklamcılık Yönetimi,Reklam Tasarımı ve İletişimi,8249,SÖZ
221,1289,Reklamcılık Yönetimi,Reklamcılık,3291,SÖZ
222,2110,Sağlık Kurumları İşletmeciliği,Acil Yardım ve Afet Yönetimi,8342,SAY
222,2110,Sağlık Kurumları İşletmeciliği,İşletme,3226,EA
222,2110,Sağlık Kurumları İşletmeciliği,Sağlık Yönetimi,6298,EA
222,2110,Sağlık Kurumları İşletmeciliği,Sosyal Hizmet,6318,EA
222,2110,Sağlık Kurumları İşletmeciliği,Uluslararası İşletme Yönetimi,4391,EA
222,9330,Sağlık Yönetimi,Acil Yardım ve Afet Yönetimi,8342,SAY
222,9330,Sağlık Yönetimi,İşletme,3226,EA
222,9330,Sağlık Yönetimi,Sağlık Yönetimi,6298,EA
222,9330,Sağlık Yönetimi,Sosyal Hizmet,6318,EA
222,9330,Sağlık Yönetimi,Uluslararası İşletme Yönetimi,4391,EA
223,8558,Sağlık Memurluğu,Hemşirelik,3204,SAY
223,8558,Sağlık Memurluğu,Sağlık Yönetimi,6298,EA
223,8558,Sağlık Memurluğu,Ekonomi ve Finans,5105,EA
223,8558,Sağlık Memurluğu,İşletme,3226,EA
223,8558,Sağlık Memurluğu,Turizm İşletmeciliği,3337,EA
223,8558,Sağlık Memurluğu,Turizm Rehberliği,4372,SÖZ
223,8558,Sağlık Memurluğu,Uluslararası İşletme Yönetimi,4391,EA
223,8559,Sağlık Teknikerliği,Hemşirelik,3204,SAY
223,8559,Sağlık Teknikerliği,Sağlık Yönetimi,6298,EA
223,8559,Sağlık Teknikerliği,Ekonomi ve Finans,5105,EA
223,8559,Sağlık Teknikerliği,İşletme,3226,EA
223,8559,Sağlık Teknikerliği,Turizm İşletmeciliği,3337,EA
223,8559,Sağlık Teknikerliği,Turizm Rehberliği,4372,SÖZ
223,8559,Sağlık Teknikerliği,Uluslararası İşletme Yönetimi,4391,EA
223,9439,Sağlık Turizmi İşletmeciliği,Hemşirelik,3204,SAY
223,9439,Sağlık Turizmi İşletmeciliği,Sağlık Yönetimi,6298,EA
223,9439,Sağlık Turizmi İşletmeciliği,Ekonomi ve Finans,5105,EA
223,9439,Sağlık Turizmi İşletmeciliği,İşletme,3226,EA
223,9439,Sağlık Turizmi İşletmeciliği,Turizm İşletmeciliği,3337,EA
223,9439,Sağlık Turizmi İşletmeciliği,Turizm Rehberliği,4372,SÖZ
223,9439,Sağlık Turizmi İşletmeciliği,Uluslararası İşletme Yönetimi,4391,EA
224,1378,Sahne Işık ve Ses Teknolojileri,Film Tasarımı ve Yazarlığı,1422,SÖZ
224,1378,Sahne Işık ve Ses Teknolojileri,Film Tasarımı ve Yönetimi,1406,SÖZ
224,1378,Sahne Işık ve Ses Teknolojileri,Film Tasarımı ve Yönetmenliği,1421,SÖZ
224,1378,Sahne Işık ve Ses Teknolojileri,Görsel İletişim Tasarımı,5109,SÖZ
224,1378,Sahne Işık ve Ses Teknolojileri,Görsel Sanatlar,9162,SÖZ
224,1378,Sahne Işık ve Ses Teknolojileri,İletişim ve Tasarımı,1428,SÖZ
224,1378,Sahne Işık ve Ses Teknolojileri,"Kurgu, Ses ve Görüntü Yönetimi",9156,SÖZ
224,1378,Sahne Işık ve Ses Teknolojileri,"Radyo, Televizyon ve Sinema",3287,SÖZ
224,1378,Sahne Işık ve Ses Teknolojileri,Sahne Sanatları,8335,SÖZ
224,1378,Sahne Işık ve Ses Teknolojileri,Sahne Tasarımı,7176,SÖZ
224,1378,Sahne Işık ve Ses Teknolojileri,Sahne ve Gösteri Sanatları Yönetimi,7192,SÖZ
224,1378,Sahne Işık ve Ses Teknolojileri,Sinema ve Dijital Medya,9309,SÖZ
224,1378,Sahne Işık ve Ses Teknolojileri,Sinema ve Televizyon,3307,SÖZ
224,4343,Sahne ve Gösteri Sanatları Işık Teknolojisi,Film Tasarımı ve Yazarlığı,1422,SÖZ
224,4343,Sahne ve Gösteri Sanatları Işık Teknolojisi,Film Tasarımı ve Yönetimi,1406,SÖZ
224,4343,Sahne ve Gösteri Sanatları Işık Teknolojisi,Film Tasarımı ve Yönetmenliği,1421,SÖZ
224,4343,Sahne ve Gösteri Sanatları Işık Teknolojisi,Görsel İletişim Tasarımı,5109,SÖZ
224,4343,Sahne ve Gösteri Sanatları Işık Teknolojisi,Görsel Sanatlar,9162,SÖZ
224,4343,Sahne ve Gösteri Sanatları Işık Teknolojisi,İletişim ve Tasarımı,1428,SÖZ
224,4343,Sahne ve Gösteri Sanatları Işık Teknolojisi,"Kurgu, Ses ve Görüntü Yönetimi",9156,SÖZ
224,4343,Sahne ve Gösteri Sanatları Işık Teknolojisi,"Radyo, Televizyon ve Sinema",3287,SÖZ
224,4343,Sahne ve Gösteri Sanatları Işık Teknolojisi,Sahne Sanatları,8335,SÖZ
224,4343,Sahne ve Gösteri Sanatları Işık Teknolojisi,Sahne Tasarımı,7176,SÖZ
224,4343,Sahne ve Gösteri Sanatları Işık Teknolojisi,Sahne ve Gösteri Sanatları Yönetimi,7192,SÖZ
224,4343,Sahne ve Gösteri Sanatları Işık Teknolojisi,Sinema ve Dijital Medya,9309,SÖZ
224,4343,Sahne ve Gösteri Sanatları Işık Teknolojisi,Sinema ve Televizyon,3307,SÖZ
224,4344,Sahne ve Gösteri Sanatları Ses Teknolojisi,Film Tasarımı ve Yazarlığı,1422,SÖZ
224,4344,Sahne ve Gösteri Sanatları Ses Teknolojisi,Film Tasarımı ve Yönetimi,1406,SÖZ
224,4344,Sahne ve Gösteri Sanatları Ses Teknolojisi,Film Tasarımı ve Yönetmenliği,1421,SÖZ
224,4344,Sahne ve Gösteri Sanatları Ses Teknolojisi,Görsel İletişim Tasarımı,5109,SÖZ
224,4344,Sahne ve Gösteri Sanatları Ses Teknolojisi,Görsel Sanatlar,9162,SÖZ
224,4344,Sahne ve Gösteri Sanatları Ses Teknolojisi,İletişim ve Tasarımı,1428,SÖZ
224,4344,Sahne ve Gösteri Sanatları Ses Teknolojisi,"Kurgu, Ses ve Görüntü Yönetimi",9156,SÖZ
224,4344,Sahne ve Gösteri Sanatları Ses Teknolojisi,"Radyo, Televizyon ve Sinema",3287,SÖZ
224,4344,Sahne ve Gösteri Sanatları Ses Teknolojisi,Sahne Sanatları,8335,SÖZ
224,4344,Sahne ve Gösteri Sanatları Ses Teknolojisi,Sahne Tasarımı,7176,SÖZ
224,4344,Sahne ve Gösteri Sanatları Ses Teknolojisi,Sahne ve Gösteri Sanatları Yönetimi,7192,SÖZ
224,4344,Sahne ve Gösteri Sanatları Ses Teknolojisi,Sinema ve Dijital Medya,9309,SÖZ
224,4344,Sahne ve Gösteri Sanatları Ses Teknolojisi,Sinema ve Televizyon,3307,SÖZ
224,9015,Sahne ve Gösteri Sanatları Teknolojisi,Film Tasarımı ve Yazarlığı,1422,SÖZ
224,9015,Sahne ve Gösteri Sanatları Teknolojisi,Film Tasarımı ve Yönetimi,1406,SÖZ
224,9015,Sahne ve Gösteri Sanatları Teknolojisi,Film Tasarımı ve Yönetmenliği,1421,SÖZ
224,9015,Sahne ve Gösteri Sanatları Teknolojisi,Görsel İletişim Tasarımı,5109,SÖZ
224,9015,Sahne ve Gösteri Sanatları Teknolojisi,Görsel Sanatlar,9162,SÖZ
224,9015,Sahne ve Gösteri Sanatları Teknolojisi,İletişim ve Tasarımı,1428,SÖZ
224,9015,Sahne ve Gösteri Sanatları Teknolojisi,"Kurgu, Ses ve Görüntü Yönetimi",9156,SÖZ
224,9015,Sahne ve Gösteri Sanatları Teknolojisi,"Radyo, Televizyon ve Sinema",3287,SÖZ
224,9015,Sahne ve Gösteri Sanatları Teknolojisi,Sahne Sanatları,8335,SÖZ
224,9015,Sahne ve Gösteri Sanatları Teknolojisi,Sahne Tasarımı,7176,SÖZ
224,9015,Sahne ve Gösteri Sanatları Teknolojisi,Sahne ve Gösteri Sanatları Yönetimi,7192,SÖZ
224,9015,Sahne ve Gösteri Sanatları Teknolojisi,Sinema ve Dijital Medya,9309,SÖZ
224,9015,Sahne ve Gösteri Sanatları Teknolojisi,Sinema ve Televizyon,3307,SÖZ
225,5357,Sahne Tasarımı,İç Mimarlık,3211,SAY
225,5357,Sahne Tasarımı,İç Mimarlık ve Çevre Tasarımı,3212,EA
225,5357,Sahne Tasarımı,Sahne Sanatları,8335,SÖZ
225,5357,Sahne Tasarımı,Sahne Tasarımı,7176,SÖZ
225,5357,Sahne Tasarımı,Sahne ve Gösteri Sanatları Yönetimi,7192,SÖZ
225,9017,Sahne ve Dekor Tasarımı,İç Mimarlık,3211,SAY
225,9017,Sahne ve Dekor Tasarımı,İç Mimarlık ve Çevre Tasarımı,3212,EA
225,9017,Sahne ve Dekor Tasarımı,Sahne Sanatları,8335,SÖZ
225,9017,Sahne ve Dekor Tasarımı,Sahne Tasarımı,7176,SÖZ
225,9017,Sahne ve Dekor Tasarımı,Sahne ve Gösteri Sanatları Yönetimi,7192,SÖZ
226,9261,Sanat,İletişim ve Tasarımı,1428,SÖZ
226,9261,Sanat,Ayakkabı Tasarımı ve Üretimi,1306,EA
226,9261,Sanat,Deri Mühendisliği,3151,SAY
226,9261,Sanat,Moda Tasarımı,3266,EA
226,9261,Sanat,Tekstil Mühendisliği,3328,SAY
226,9261,Sanat,Tekstil Tasarımı,7181,EA
226,9261,Sanat,Tekstil ve Moda Tasarımı,7169,EA
226,9148,Saraciye Tasarımı ve Üretimi,İletişim ve Tasarımı,1428,SÖZ
226,9148,Saraciye Tasarımı ve Üretimi,Ayakkabı Tasarımı ve Üretimi,1306,EA
226,9148,Saraciye Tasarımı ve Üretimi,Deri Mühendisliği,3151,SAY
226,9148,Saraciye Tasarımı ve Üretimi,Moda Tasarımı,3266,EA
226,9148,Saraciye Tasarımı ve Üretimi,Tekstil Mühendisliği,3328,SAY
226,9148,Saraciye Tasarımı ve Üretimi,Tekstil Tasarımı,7181,EA
226,9148,Saraciye Tasarımı ve Üretimi,Tekstil ve Moda Tasarımı,7169,EA
227,1294,Sebze Üretimi,Bahçe Bitkileri,8147,SAY
227,1294,Sebze Üretimi,Bitki Koruma,8158,SAY
227,1294,Sebze Üretimi,Bitkisel Üretim ve Teknolojileri,9269,SAY
227,1294,Sebze Üretimi,Organik Tarım İşletmeciliği,9333,EA
227,1294,Sebze Üretimi,Tarla Bitkileri,3385,SAY
227,9103,Turunçgil Tarımı ve İşleme Teknolojisi,Bahçe Bitkileri,8147,SAY
227,9103,Turunçgil Tarımı ve İşleme Teknolojisi,Bitki Koruma,8158,SAY
227,9103,Turunçgil Tarımı ve İşleme Teknolojisi,Bitkisel Üretim ve Teknolojileri,9269,SAY
227,9103,Turunçgil Tarımı ve İşleme Teknolojisi,Organik Tarım İşletmeciliği,9333,EA
227,9103,Turunçgil Tarımı ve İşleme Teknolojisi,Tarla Bitkileri,3385,SAY
228,1297,Seracılık ve Süs Bitkileri Yetiştiriciliği,Bahçe Bitkileri,8147,SAY
228,1297,Seracılık ve Süs Bitkileri Yetiştiriciliği,Bitki Koruma,8158,SAY
228,1297,Seracılık ve Süs Bitkileri Yetiştiriciliği,Bitkisel Üretim ve Teknolojileri,9269,SAY
228,1297,Seracılık ve Süs Bitkileri Yetiştiriciliği,Organik Tarım İşletmeciliği,9333,EA
228,1297,Seracılık ve Süs Bitkileri Yetiştiriciliği,Peyzaj Mimarlığı,6283,SAY
228,1297,Seracılık ve Süs Bitkileri Yetiştiriciliği,Tarımsal Biyoteknoloji,9106,SAY
228,1297,Seracılık ve Süs Bitkileri Yetiştiriciliği,Tarımsal Yapılar ve Sulama,3384,SAY
228,1297,Seracılık ve Süs Bitkileri Yetiştiriciliği,Tarla Bitkileri,3385,SAY
228,1297,Seracılık ve Süs Bitkileri Yetiştiriciliği,Toprak Bilimi ve Bitki Besleme,9048,SAY
228,8566,Süs Bitkileri Yetiştiriciliği,Bahçe Bitkileri,8147,SAY
228,8566,Süs Bitkileri Yetiştiriciliği,Bitki Koruma,8158,SAY
228,8566,Süs Bitkileri Yetiştiriciliği,Bitkisel Üretim ve Teknolojileri,9269,SAY
228,8566,Süs Bitkileri Yetiştiriciliği,Organik Tarım İşletmeciliği,9333,EA
228,8566,Süs Bitkileri Yetiştiriciliği,Peyzaj Mimarlığı,6283,SAY
228,8566,Süs Bitkileri Yetiştiriciliği,Tarımsal Biyoteknoloji,9106,SAY
228,8566,Süs Bitkileri Yetiştiriciliği,Tarımsal Yapılar ve Sulama,3384,SAY
228,8566,Süs Bitkileri Yetiştiriciliği,Tarla Bitkileri,3385,SAY
228,8566,Süs Bitkileri Yetiştiriciliği,Toprak Bilimi ve Bitki Besleme,9048,SAY
229,4351,Sevk ve İdare,Çalışma Ekonomisi ve Endüstri İlişkileri,3141,EA
229,4351,Sevk ve İdare,Kamu Yönetimi,3237,EA
229,4351,Sevk ve İdare,Siyaset Bilimi ve Kamu Yönetimi,3314,EA
230,1304,Sıhhi Tesisat,Enerji Sistemleri Mühendisliği,8319,SAY
230,1304,Sıhhi Tesisat,Enerji Yönetimi,9402,EA
230,1304,Sıhhi Tesisat,Makine Mühendisliği,3252,SAY
230,8563,Sıhhi Tesisat ve Doğalgaz,Enerji Sistemleri Mühendisliği,8319,SAY
230,8563,Sıhhi Tesisat ve Doğalgaz,Enerji Yönetimi,9402,EA
230,8563,Sıhhi Tesisat ve Doğalgaz,Makine Mühendisliği,3252,SAY
230,1351,Yapı Donatım Teknolojisi,Enerji Sistemleri Mühendisliği,8319,SAY
230,1351,Yapı Donatım Teknolojisi,Enerji Yönetimi,9402,EA
230,1351,Yapı Donatım Teknolojisi,Makine Mühendisliği,3252,SAY
230,5377,Yapı Tesisat Teknolojisi,Enerji Sistemleri Mühendisliği,8319,SAY
230,5377,Yapı Tesisat Teknolojisi,Enerji Yönetimi,9402,EA
230,5377,Yapı Tesisat Teknolojisi,Makine Mühendisliği,3252,SAY
231,9558,Silah Sanayi Teknikerliği,İmalat Mühendisliği,5114,SAY
231,9558,Silah Sanayi Teknikerliği,Makine Mühendisliği,3252,SAY
231,9558,Silah Sanayi Teknikerliği,Mekatronik Mühendisliği,5119,SAY
232,9145,Hizmetleri,Havacılık Yönetimi,9428,EA
232,9145,Hizmetleri,Lojistik Yönetimi,8222,EA
232,9145,Hizmetleri,Seyahat İşletmeciliği,6303,EA
232,9145,Hizmetleri,Seyahat İşletmeciliği ve Turizm Rehberliği,9202,EA
232,9145,Hizmetleri,Turizm İşletmeciliği,3337,EA
232,9145,Hizmetleri,Turizm Rehberliği,4372,SÖZ
233,2111,Sosyal Bilimler,Halkla İlişkiler ve Tanıtım,3198,SÖZ
233,2111,Sosyal Bilimler,Kamu Yönetimi,3237,EA
233,2111,Sosyal Bilimler,Sosyoloji,3319,EA
234,9098,Sosyal Güvenlik,Çalışma Ekonomisi ve Endüstri İlişkileri,3141,EA
234,9098,Sosyal Güvenlik,İktisat,3213,EA
234,9098,Sosyal Güvenlik,İSLAM İKTİSADI VE FİNANS,1425,EA
234,9098,Sosyal Güvenlik,İşletme,3226,EA
234,9098,Sosyal Güvenlik,Maliye,3254,EA
234,9098,Sosyal Güvenlik,Sigortacılık,3306,EA
234,9098,Sosyal Güvenlik,Sigortacılık ve Sosyal Güvenlik,9360,EA
235,4352,Sosyal Hizmetler,Sosyal Hizmet,6318,EA
235,4352,Sosyal Hizmetler,Sosyoloji,3319,EA
236,1364,Sosyal Medya Yöneticiliği,İletişim,3215,SÖZ
236,1364,Sosyal Medya Yöneticiliği,İletişim Bilimleri,8327,SÖZ
236,1364,Sosyal Medya Yöneticiliği,İletişim ve Tasarımı,1428,SÖZ
236,1364,Sosyal Medya Yöneticiliği,Medya ve İletişim,8244,SÖZ
236,1364,Sosyal Medya Yöneticiliği,Yeni Medya,9142,SÖZ
236,1364,Sosyal Medya Yöneticiliği,Yeni Medya ve İletişim,9471,SÖZ
237,9130,Spor Yönetimi,İşletme,3226,EA
237,9130,Spor Yönetimi,Rekreasyon,7103,EA
237,9130,Spor Yönetimi,Spor Yöneticiliği,7104,EA
237,9130,Spor Yönetimi,Uluslararası İşletme Yönetimi,4391,EA
238,1307,Su Ürünleri,Balıkçılık Teknolojisi Mühendisliği,3116,SAY
238,1307,Su Ürünleri,Su Ürünleri Mühendisliği,8337,SAY
238,1307,Su Ürünleri,Zootekni,8289,SAY
239,5361,Sualtı,Balıkçılık Teknolojisi Mühendisliği,3116,SAY
239,5361,Sualtı,Su Ürünleri Mühendisliği,8337,SAY
239,5361,Sualtı,Orman Mühendisliği,6277,SAY
239,5361,Sualtı,Peyzaj Mimarlığı,6283,SAY
239,5361,Sualtı,Tarımsal Yapılar ve Sulama,3384,SAY
239,4355,Sualtı Teknolojisi / Su Altı Teknolojisi,Balıkçılık Teknolojisi Mühendisliği,3116,SAY
239,4355,Sualtı Teknolojisi / Su Altı Teknolojisi,Su Ürünleri Mühendisliği,8337,SAY
239,4355,Sualtı Teknolojisi / Su Altı Teknolojisi,Orman Mühendisliği,6277,SAY
239,4355,Sualtı Teknolojisi / Su Altı Teknolojisi,Peyzaj Mimarlığı,6283,SAY
239,4355,Sualtı Teknolojisi / Su Altı Teknolojisi,Tarımsal Yapılar ve Sulama,3384,SAY
239,1308,Sulama Teknolojisi,Balıkçılık Teknolojisi Mühendisliği,3116,SAY
239,1308,Sulama Teknolojisi,Su Ürünleri Mühendisliği,8337,SAY
239,1308,Sulama Teknolojisi,Orman Mühendisliği,6277,SAY
239,1308,Sulama Teknolojisi,Peyzaj Mimarlığı,6283,SAY
239,1308,Sulama Teknolojisi,Tarımsal Yapılar ve Sulama,3384,SAY
240,1309,Süt Hayvancılığı,Hayvansal Üretim ve Teknolojileri,9455,SAY
240,1309,Süt Hayvancılığı,Süt Teknolojisi,8258,SAY
240,1309,Süt Hayvancılığı,Tarımsal Biyoteknoloji,9106,SAY
240,1309,Süt Hayvancılığı,Veteriner,6373,SAY
240,1309,Süt Hayvancılığı,Zootekni,8289,SAY
240,9317,Süt ve Besi Hayvancılığı,Hayvansal Üretim ve Teknolojileri,9455,SAY
240,9317,Süt ve Besi Hayvancılığı,Süt Teknolojisi,8258,SAY
240,9317,Süt ve Besi Hayvancılığı,Tarımsal Biyoteknoloji,9106,SAY
240,9317,Süt ve Besi Hayvancılığı,Veteriner,6373,SAY
240,9317,Süt ve Besi Hayvancılığı,Zootekni,8289,SAY
241,1310,Süt ve Ürünleri,Gıda Mühendisliği,3191,SAY
241,1310,Süt ve Ürünleri,Gıda Teknolojisi,4271,SAY
241,1310,Süt ve Ürünleri,Süt Teknolojisi,8258,SAY
241,9027,Süt ve Ürünleri Teknolojisi,Gıda Mühendisliği,3191,SAY
241,9027,Süt ve Ürünleri Teknolojisi,Gıda Teknolojisi,4271,SAY
241,9027,Süt ve Ürünleri Teknolojisi,Süt Teknolojisi,8258,SAY
242,4356,Şarap Üretim Teknolojisi,Bahçe Bitkileri,8147,SAY
242,4356,Şarap Üretim Teknolojisi,Bitki Koruma,8158,SAY
242,4356,Şarap Üretim Teknolojisi,Bitkisel Üretim ve Teknolojileri,9269,SAY
242,4356,Şarap Üretim Teknolojisi,Gıda Mühendisliği,3191,SAY
242,4356,Şarap Üretim Teknolojisi,Gıda Teknolojisi,4271,SAY
242,4356,Şarap Üretim Teknolojisi,Organik Tarım İşletmeciliği,9333,EA
242,8631,Şarap Üretim Teknolojisi ve Bağcılık,Bahçe Bitkileri,8147,SAY
242,8631,Şarap Üretim Teknolojisi ve Bağcılık,Bitki Koruma,8158,SAY
242,8631,Şarap Üretim Teknolojisi ve Bağcılık,Bitkisel Üretim ve Teknolojileri,9269,SAY
242,8631,Şarap Üretim Teknolojisi ve Bağcılık,Gıda Mühendisliği,3191,SAY
242,8631,Şarap Üretim Teknolojisi ve Bağcılık,Gıda Teknolojisi,4271,SAY
242,8631,Şarap Üretim Teknolojisi ve Bağcılık,Organik Tarım İşletmeciliği,9333,EA
243,8633,Şeker Teknolojisi,Gıda Mühendisliği,3191,SAY
243,8633,Şeker Teknolojisi,Gıda Teknolojisi,4271,SAY
243,8633,Şeker Teknolojisi,Kimya Mühendisliği,6241,SAY
244,4358,Tahıl Çiftliği,Bitki Koruma,8158,SAY
244,4358,Tahıl Çiftliği,Tarla Bitkileri,3385,SAY
245,1509,TALAŞLI ÜRETİM TEKNİKERLİĞİ,İmalat Mühendisliği,5114,SAY
245,1509,TALAŞLI ÜRETİM TEKNİKERLİĞİ,Makine Mühendisliği,3252,SAY
245,1509,TALAŞLI ÜRETİM TEKNİKERLİĞİ,Malzeme Bilimi ve Mühendisliği,5118,SAY
245,1509,TALAŞLI ÜRETİM TEKNİKERLİĞİ,Malzeme Bilimi ve Nanoteknoloji Mühendisliği,9305,SAY
245,1509,TALAŞLI ÜRETİM TEKNİKERLİĞİ,Metalurji ve Malzeme Mühendisliği,3261,SAY
246,1312,Tapu Kadastro Meslek Yüksekokulu,Harita Mühendisliği,8324,SAY
246,1312,Tapu Kadastro Meslek Yüksekokulu,Tapu Kadastro,9288,EA
246,1312,Tapu Kadastro Meslek Yüksekokulu,Biyosistem Mühendisliği,9114,SAY
246,1312,Tapu Kadastro Meslek Yüksekokulu,Tarım Makineleri ve Teknolojileri Mühendisliği,9423,SAY
246,1312,Tapu Kadastro Meslek Yüksekokulu,Tarımsal Yapılar ve Sulama,3384,SAY
246,8567,Tapu ve Kadastro / Tapu Kadastro,Harita Mühendisliği,8324,SAY
246,8567,Tapu ve Kadastro / Tapu Kadastro,Tapu Kadastro,9288,EA
246,8567,Tapu ve Kadastro / Tapu Kadastro,Biyosistem Mühendisliği,9114,SAY
246,8567,Tapu ve Kadastro / Tapu Kadastro,Tarım Makineleri ve Teknolojileri Mühendisliği,9423,SAY
246,8567,Tapu ve Kadastro / Tapu Kadastro,Tarımsal Yapılar ve Sulama,3384,SAY
246,1313,Tarım Alet ve Makineleri,Harita Mühendisliği,8324,SAY
246,1313,Tarım Alet ve Makineleri,Tapu Kadastro,9288,EA
246,1313,Tarım Alet ve Makineleri,Biyosistem Mühendisliği,9114,SAY
246,1313,Tarım Alet ve Makineleri,Tarım Makineleri ve Teknolojileri Mühendisliği,9423,SAY
246,1313,Tarım Alet ve Makineleri,Tarımsal Yapılar ve Sulama,3384,SAY
246,8568,Tarım Makinaları / Tarım Makineleri,Harita Mühendisliği,8324,SAY
246,8568,Tarım Makinaları / Tarım Makineleri,Tapu Kadastro,9288,EA
246,8568,Tarım Makinaları / Tarım Makineleri,Biyosistem Mühendisliği,9114,SAY
246,8568,Tarım Makinaları / Tarım Makineleri,Tarım Makineleri ve Teknolojileri Mühendisliği,9423,SAY
246,8568,Tarım Makinaları / Tarım Makineleri,Tarımsal Yapılar ve Sulama,3384,SAY
247,8635,Tarım İşletmeciliği ve Pazarlama,Ekonomi ve Finans,5105,EA
247,8635,Tarım İşletmeciliği ve Pazarlama,İşletme,3226,EA
247,8635,Tarım İşletmeciliği ve Pazarlama,Lojistik Yönetimi,8222,EA
247,8635,Tarım İşletmeciliği ve Pazarlama,Pazarlama,8334,EA
247,8635,Tarım İşletmeciliği ve Pazarlama,Tarım Ekonomisi,3382,EA
247,8635,Tarım İşletmeciliği ve Pazarlama,Uluslararası İşletme Yönetimi,4391,EA
248,1315,Tarımsal Laboratuvar,Bitki Koruma,8158,SAY
248,1315,Tarımsal Laboratuvar,Bitkisel Üretim ve Teknolojileri,9269,SAY
248,1315,Tarımsal Laboratuvar,Gıda Teknolojisi,4271,SAY
248,1315,Tarımsal Laboratuvar,Organik Tarım İşletmeciliği,9333,EA
248,1315,Tarımsal Laboratuvar,Tarımsal Yapılar ve Sulama,3384,SAY
248,1315,Tarımsal Laboratuvar,Toprak Bilimi ve Bitki Besleme,9048,SAY
249,1316,Tarımsal Pazarlama,Ekonomi ve Finans,5105,EA
249,1316,Tarımsal Pazarlama,İşletme,3226,EA
249,1316,Tarımsal Pazarlama,Lojistik Yönetimi,8222,EA
249,1316,Tarımsal Pazarlama,Muhasebe ve Finans Yönetimi,5123,EA
249,1316,Tarımsal Pazarlama,Pazarlama,8334,EA
249,1316,Tarımsal Pazarlama,Tarım Ekonomisi,3382,EA
249,1316,Tarımsal Pazarlama,Uluslararası İşletme Yönetimi,4391,EA
249,1316,Tarımsal Pazarlama,Uluslararası Ticaret,3355,EA
249,1316,Tarımsal Pazarlama,Uluslararası Ticaret ve Finansman,5131,EA
249,1316,Tarımsal Pazarlama,Uluslararası Ticaret ve İşletmecilik,3356,EA
249,1316,Tarımsal Pazarlama,Uluslararası Ticaret ve Lojistik,9009,EA
250,4361,Tarımsal Sulama,Biyosistem Mühendisliği,9114,SAY
250,4361,Tarımsal Sulama,Tarımsal Yapılar ve Sulama,3384,SAY
250,4361,Tarımsal Sulama,Basım Teknolojileri,9391,SAY
250,4361,Tarımsal Sulama,Basın ve Yayın,3121,SÖZ
250,4361,Tarımsal Sulama,Fotoğraf,7158,SÖZ
250,4361,Tarımsal Sulama,Fotoğraf ve Video,7211,SÖZ
250,4361,Tarımsal Sulama,Gazetecilik,6188,SÖZ
250,4361,Tarımsal Sulama,Görsel İletişim Tasarımı,5109,SÖZ
250,4361,Tarımsal Sulama,Görsel Sanatlar,9162,SÖZ
250,4361,Tarımsal Sulama,Grafik,7160,EA
250,4361,Tarımsal Sulama,Grafik Sanatlar,7145,EA
250,4361,Tarımsal Sulama,Grafik Tasarımı,7162,EA
250,4361,Tarımsal Sulama,Halkla İlişkiler ve Reklamcılık,5111,SÖZ
250,4361,Tarımsal Sulama,İletişim,3215,SÖZ
250,4361,Tarımsal Sulama,İletişim Bilimleri,8327,SÖZ
250,4361,Tarımsal Sulama,İletişim Tasarımı ve Yönetimi,9281,SÖZ
250,4361,Tarımsal Sulama,İletişim ve Tasarımı,1428,SÖZ
250,4361,Tarımsal Sulama,Reklam Tasarımı ve İletişimi,8249,SÖZ
250,4361,Tarımsal Sulama,Reklamcılık,3291,SÖZ
250,4361,Tarımsal Sulama,Yeni Medya,9142,SÖZ
250,4361,Tarımsal Sulama,Yeni Medya ve İletişim,9471,SÖZ
250,1317,Tarımsal Sulama Yönetimi,Biyosistem Mühendisliği,9114,SAY
250,1317,Tarımsal Sulama Yönetimi,Tarımsal Yapılar ve Sulama,3384,SAY
250,1317,Tarımsal Sulama Yönetimi,Basım Teknolojileri,9391,SAY
250,1317,Tarımsal Sulama Yönetimi,Basın ve Yayın,3121,SÖZ
250,1317,Tarımsal Sulama Yönetimi,Fotoğraf,7158,SÖZ
250,1317,Tarımsal Sulama Yönetimi,Fotoğraf ve Video,7211,SÖZ
250,1317,Tarımsal Sulama Yönetimi,Gazetecilik,6188,SÖZ
250,1317,Tarımsal Sulama Yönetimi,Görsel İletişim Tasarımı,5109,SÖZ
250,1317,Tarımsal Sulama Yönetimi,Görsel Sanatlar,9162,SÖZ
250,1317,Tarımsal Sulama Yönetimi,Grafik,7160,EA
250,1317,Tarımsal Sulama Yönetimi,Grafik Sanatlar,7145,EA
250,1317,Tarımsal Sulama Yönetimi,Grafik Tasarımı,7162,EA
250,1317,Tarımsal Sulama Yönetimi,Halkla İlişkiler ve Reklamcılık,5111,SÖZ
250,1317,Tarımsal Sulama Yönetimi,İletişim,3215,SÖZ
250,1317,Tarımsal Sulama Yönetimi,İletişim Bilimleri,8327,SÖZ
250,1317,Tarımsal Sulama Yönetimi,İletişim Tasarımı ve Yönetimi,9281,SÖZ
250,1317,Tarımsal Sulama Yönetimi,İletişim ve Tasarımı,1428,SÖZ
250,1317,Tarımsal Sulama Yönetimi,Reklam Tasarımı ve İletişimi,8249,SÖZ
250,1317,Tarımsal Sulama Yönetimi,Reklamcılık,3291,SÖZ
250,1317,Tarımsal Sulama Yönetimi,Yeni Medya,9142,SÖZ
250,1317,Tarımsal Sulama Yönetimi,Yeni Medya ve İletişim,9471,SÖZ
250,8639,Tasarım ve Basım-Yayımcılık,Biyosistem Mühendisliği,9114,SAY
250,8639,Tasarım ve Basım-Yayımcılık,Tarımsal Yapılar ve Sulama,3384,SAY
250,8639,Tasarım ve Basım-Yayımcılık,Basım Teknolojileri,9391,SAY
250,8639,Tasarım ve Basım-Yayımcılık,Basın ve Yayın,3121,SÖZ
250,8639,Tasarım ve Basım-Yayımcılık,Fotoğraf,7158,SÖZ
250,8639,Tasarım ve Basım-Yayımcılık,Fotoğraf ve Video,7211,SÖZ
250,8639,Tasarım ve Basım-Yayımcılık,Gazetecilik,6188,SÖZ
250,8639,Tasarım ve Basım-Yayımcılık,Görsel İletişim Tasarımı,5109,SÖZ
250,8639,Tasarım ve Basım-Yayımcılık,Görsel Sanatlar,9162,SÖZ
250,8639,Tasarım ve Basım-Yayımcılık,Grafik,7160,EA
250,8639,Tasarım ve Basım-Yayımcılık,Grafik Sanatlar,7145,EA
250,8639,Tasarım ve Basım-Yayımcılık,Grafik Tasarımı,7162,EA
250,8639,Tasarım ve Basım-Yayımcılık,Halkla İlişkiler ve Reklamcılık,5111,SÖZ
250,8639,Tasarım ve Basım-Yayımcılık,İletişim,3215,SÖZ
250,8639,Tasarım ve Basım-Yayımcılık,İletişim Bilimleri,8327,SÖZ
250,8639,Tasarım ve Basım-Yayımcılık,İletişim Tasarımı ve Yönetimi,9281,SÖZ
250,8639,Tasarım ve Basım-Yayımcılık,İletişim ve Tasarımı,1428,SÖZ
250,8639,Tasarım ve Basım-Yayımcılık,Reklam Tasarımı ve İletişimi,8249,SÖZ
250,8639,Tasarım ve Basım-Yayımcılık,Reklamcılık,3291,SÖZ
250,8639,Tasarım ve Basım-Yayımcılık,Yeni Medya,9142,SÖZ
250,8639,Tasarım ve Basım-Yayımcılık,Yeni Medya ve İletişim,9471,SÖZ
251,1319,Taş İşlemeciliği,Jeoloji Mühendisliği,6235,SAY
251,1319,Taş İşlemeciliği,Maden Mühendisliği,3251,SAY
252,1322,Teknik Seramik,Cam,8160,SÖZ
252,1322,Teknik Seramik,Malzeme Bilimi ve Mühendisliği,5118,SAY
252,1322,Teknik Seramik,Seramik,7189,EA
252,1322,Teknik Seramik,Seramik ve Cam,7179,SÖZ
253,8569,Tekstil ve Halı Makineleri,Makine Mühendisliği,3252,SAY
253,8569,Tekstil ve Halı Makineleri,Mekatronik Mühendisliği,5119,SAY
253,8569,Tekstil ve Halı Makineleri,Tekstil Mühendisliği,3328,SAY
253,8569,Tekstil ve Halı Makineleri,Tekstil Tasarımı,7181,EA
254,6327,Telekomünikasyon,Bilgisayar ve Öğretim Teknolojileri Öğretmenliği,3129,SAY
254,6327,Telekomünikasyon,Elektrik-Elektronik Mühendisliği,3162,SAY
254,6327,Telekomünikasyon,Elektronik Mühendisliği,3163,SAY
254,6327,Telekomünikasyon,Elektronik ve Haberleşme Mühendisliği,3166,SAY
254,6327,Telekomünikasyon,Havacılık Elektrik ve Elektroniği,3200,SAY
254,6327,Telekomünikasyon,Uçak Elektrik ve Elektroniği,1418,SAY
255,1511,TELE-SAĞLIK TEKNİKERLİĞİ,Acil Yardım ve Afet Yönetimi,8342,SAY
255,1511,TELE-SAĞLIK TEKNİKERLİĞİ,Hemşirelik,3204,SAY
255,1511,TELE-SAĞLIK TEKNİKERLİĞİ,Sağlık Yönetimi,6298,EA
255,1511,TELE-SAĞLIK TEKNİKERLİĞİ,Yönetim Bilişim Sistemleri,3361,EA
256,8570,Termik Santral Makineleri,Enerji Sistemleri Mühendisliği,8319,SAY
256,8570,Termik Santral Makineleri,Gemi İnşaatı ve Gemi Makineleri Mühendisliği,8322,SAY
256,8570,Termik Santral Makineleri,Makine Mühendisliği,3252,SAY
257,8571,Termik Santrallerde Enerji Üretimi,Elektrik Mühendisliği,3160,SAY
257,8571,Termik Santrallerde Enerji Üretimi,Elektrik-Elektronik Mühendisliği,3162,SAY
257,8571,Termik Santrallerde Enerji Üretimi,Elektronik Mühendisliği,3163,SAY
257,8571,Termik Santrallerde Enerji Üretimi,Elektronik ve Haberleşme Mühendisliği,3166,SAY
257,8571,Termik Santrallerde Enerji Üretimi,Enerji Sistemleri Mühendisliği,8319,SAY
257,8571,Termik Santrallerde Enerji Üretimi,Enerji Yönetimi,9402,EA
258,1328,Tesisat Teknolojisi,Makine Mühendisliği,3252,SAY
258,1328,Tesisat Teknolojisi,İşletme,3226,EA
258,1328,Tesisat Teknolojisi,Sağlık Yönetimi,6298,EA
258,1328,Tesisat Teknolojisi,Uluslararası İşletme Yönetimi,4391,EA
258,1329,Tıbbi Dokümantasyon ve Sekreterlik,Makine Mühendisliği,3252,SAY
258,1329,Tıbbi Dokümantasyon ve Sekreterlik,İşletme,3226,EA
258,1329,Tıbbi Dokümantasyon ve Sekreterlik,Sağlık Yönetimi,6298,EA
258,1329,Tıbbi Dokümantasyon ve Sekreterlik,Uluslararası İşletme Yönetimi,4391,EA
258,4366,Tıbbi İstatistik ve Bilgisayar,Makine Mühendisliği,3252,SAY
258,4366,Tıbbi İstatistik ve Bilgisayar,İşletme,3226,EA
258,4366,Tıbbi İstatistik ve Bilgisayar,Sağlık Yönetimi,6298,EA
258,4366,Tıbbi İstatistik ve Bilgisayar,Uluslararası İşletme Yönetimi,4391,EA
259,1331,Tıbbi Mümessillik ve Pazarlama,Halkla İlişkiler ve Reklamcılık,5111,SÖZ
259,1331,Tıbbi Mümessillik ve Pazarlama,Halkla İlişkiler ve Tanıtım,3198,SÖZ
259,1331,Tıbbi Mümessillik ve Pazarlama,Pazarlama,8334,EA
259,1331,Tıbbi Mümessillik ve Pazarlama,Uluslararası Ticaret,3355,EA
259,1331,Tıbbi Mümessillik ve Pazarlama,Uluslararası Ticaret ve Finansman,5131,EA
259,1331,Tıbbi Mümessillik ve Pazarlama,Uluslararası Ticaret ve İşletmecilik,3356,EA
259,1331,Tıbbi Mümessillik ve Pazarlama,Uluslararası Ticaret ve Lojistik,9009,EA
259,9089,Tıbbi Tanıtım ve Pazarlama,Halkla İlişkiler ve Reklamcılık,5111,SÖZ
259,9089,Tıbbi Tanıtım ve Pazarlama,Halkla İlişkiler ve Tanıtım,3198,SÖZ
259,9089,Tıbbi Tanıtım ve Pazarlama,Pazarlama,8334,EA
259,9089,Tıbbi Tanıtım ve Pazarlama,Uluslararası Ticaret,3355,EA
259,9089,Tıbbi Tanıtım ve Pazarlama,Uluslararası Ticaret ve Finansman,5131,EA
259,9089,Tıbbi Tanıtım ve Pazarlama,Uluslararası Ticaret ve İşletmecilik,3356,EA
259,9089,Tıbbi Tanıtım ve Pazarlama,Uluslararası Ticaret ve Lojistik,9009,EA
260,1332,Tıbbi ve Aromatik Bitkiler,Bahçe Bitkileri,8147,SAY
260,1332,Tıbbi ve Aromatik Bitkiler,Bitki Koruma,8158,SAY
260,1332,Tıbbi ve Aromatik Bitkiler,Bitkisel Üretim ve Teknolojileri,9269,SAY
260,1332,Tıbbi ve Aromatik Bitkiler,Kimya,3240,SAY
260,1332,Tıbbi ve Aromatik Bitkiler,Tarla Bitkileri,3385,SAY
261,1333,Ticaret ve Yönetim,Bankacılık,3117,EA
261,1333,Ticaret ve Yönetim,Bankacılık ve Sigortacılık,3120,EA
261,1333,Ticaret ve Yönetim,Ekonomi ve Finans,5105,EA
261,1333,Ticaret ve Yönetim,Finans ve Bankacılık,9371,EA
261,1333,Ticaret ve Yönetim,İşletme,3226,EA
261,1333,Ticaret ve Yönetim,Lojistik Yönetimi,8222,EA
261,1333,Ticaret ve Yönetim,Muhasebe ve Finans Yönetimi,5123,EA
261,1333,Ticaret ve Yönetim,Pazarlama,8334,EA
261,1333,Ticaret ve Yönetim,Sermaye Piyasası,3302,EA
261,1333,Ticaret ve Yönetim,Sigortacılık,3306,EA
261,1333,Ticaret ve Yönetim,Sigortacılık ve Risk Yönetimi,5127,EA
261,1333,Ticaret ve Yönetim,Teknoloji ve Bilgi Yönetimi,9286,EA
261,1333,Ticaret ve Yönetim,Uluslararası Finans,6351,EA
261,1333,Ticaret ve Yönetim,Uluslararası Finans ve Bankacılık,9353,EA
261,1333,Ticaret ve Yönetim,Uluslararası İşletme Yönetimi,4391,EA
261,1333,Ticaret ve Yönetim,Uluslararası Ticaret,3355,EA
261,1333,Ticaret ve Yönetim,Uluslararası Ticaret ve Finansman,5131,EA
261,1333,Ticaret ve Yönetim,Uluslararası Ticaret ve İşletmecilik,3356,EA
261,1333,Ticaret ve Yönetim,Uluslararası Ticaret ve Lojistik,9009,EA
261,1333,Ticaret ve Yönetim,Yönetim Bilişim Sistemleri,3361,EA
262,1334,Tohumculuk,Bahçe Bitkileri,8147,SAY
262,1334,Tohumculuk,Bitki Koruma,8158,SAY
262,1334,Tohumculuk,Bitkisel Üretim ve Teknolojileri,9269,SAY
262,1334,Tohumculuk,Organik Tarım İşletmeciliği,9333,EA
262,1334,Tohumculuk,Tarımsal Biyoteknoloji,9106,SAY
262,1334,Tohumculuk,Tarımsal Genetik Mühendisliği,9351,SAY
262,1334,Tohumculuk,Tarla Bitkileri,3385,SAY
262,9537,Tohumculuk Teknolojisi,Bahçe Bitkileri,8147,SAY
262,9537,Tohumculuk Teknolojisi,Bitki Koruma,8158,SAY
262,9537,Tohumculuk Teknolojisi,Bitkisel Üretim ve Teknolojileri,9269,SAY
262,9537,Tohumculuk Teknolojisi,Organik Tarım İşletmeciliği,9333,EA
262,9537,Tohumculuk Teknolojisi,Tarımsal Biyoteknoloji,9106,SAY
262,9537,Tohumculuk Teknolojisi,Tarımsal Genetik Mühendisliği,9351,SAY
262,9537,Tohumculuk Teknolojisi,Tarla Bitkileri,3385,SAY
263,8573,Turizm,Ekonomi ve Finans,5105,EA
263,8573,Turizm,Gastronomi ve Mutfak Sanatları,5108,SÖZ
263,8573,Turizm,İşletme,3226,EA
263,8573,Turizm,Rekreasyon Yönetimi,9172,SÖZ
263,8573,Turizm,Turizm İşletmeciliği,3337,EA
263,8573,Turizm,Turizm Rehberliği,4372,SÖZ
263,8573,Turizm,Uluslararası İşletme Yönetimi,4391,EA
263,8573,Turizm,Yiyecek ve İçecek İşletmeciliği,8288,EA
263,1335,Turizm İşletmeciliği,Ekonomi ve Finans,5105,EA
263,1335,Turizm İşletmeciliği,Gastronomi ve Mutfak Sanatları,5108,SÖZ
263,1335,Turizm İşletmeciliği,İşletme,3226,EA
263,1335,Turizm İşletmeciliği,Rekreasyon Yönetimi,9172,SÖZ
263,1335,Turizm İşletmeciliği,Turizm İşletmeciliği,3337,EA
263,1335,Turizm İşletmeciliği,Turizm Rehberliği,4372,SÖZ
263,1335,Turizm İşletmeciliği,Uluslararası İşletme Yönetimi,4391,EA
263,1335,Turizm İşletmeciliği,Yiyecek ve İçecek İşletmeciliği,8288,EA
263,1336,Turizm İşletmeciliği ve Otelcilik,Ekonomi ve Finans,5105,EA
263,1336,Turizm İşletmeciliği ve Otelcilik,Gastronomi ve Mutfak Sanatları,5108,SÖZ
263,1336,Turizm İşletmeciliği ve Otelcilik,İşletme,3226,EA
263,1336,Turizm İşletmeciliği ve Otelcilik,Rekreasyon Yönetimi,9172,SÖZ
263,1336,Turizm İşletmeciliği ve Otelcilik,Turizm İşletmeciliği,3337,EA
263,1336,Turizm İşletmeciliği ve Otelcilik,Turizm Rehberliği,4372,SÖZ
263,1336,Turizm İşletmeciliği ve Otelcilik,Uluslararası İşletme Yönetimi,4391,EA
263,1336,Turizm İşletmeciliği ve Otelcilik,Yiyecek ve İçecek İşletmeciliği,8288,EA
263,8574,Turizm Otel Yöneticiliği / Turizm ve Otel Yöneticiliği,Ekonomi ve Finans,5105,EA
263,8574,Turizm Otel Yöneticiliği / Turizm ve Otel Yöneticiliği,Gastronomi ve Mutfak Sanatları,5108,SÖZ
263,8574,Turizm Otel Yöneticiliği / Turizm ve Otel Yöneticiliği,İşletme,3226,EA
263,8574,Turizm Otel Yöneticiliği / Turizm ve Otel Yöneticiliği,Rekreasyon Yönetimi,9172,SÖZ
263,8574,Turizm Otel Yöneticiliği / Turizm ve Otel Yöneticiliği,Turizm İşletmeciliği,3337,EA
263,8574,Turizm Otel Yöneticiliği / Turizm ve Otel Yöneticiliği,Turizm Rehberliği,4372,SÖZ
263,8574,Turizm Otel Yöneticiliği / Turizm ve Otel Yöneticiliği,Uluslararası İşletme Yönetimi,4391,EA
263,8574,Turizm Otel Yöneticiliği / Turizm ve Otel Yöneticiliği,Yiyecek ve İçecek İşletmeciliği,8288,EA
263,4374,Turizm ve Konaklama İşletmeciliği,Ekonomi ve Finans,5105,EA
263,4374,Turizm ve Konaklama İşletmeciliği,Gastronomi ve Mutfak Sanatları,5108,SÖZ
263,4374,Turizm ve Konaklama İşletmeciliği,İşletme,3226,EA
263,4374,Turizm ve Konaklama İşletmeciliği,Rekreasyon Yönetimi,9172,SÖZ
263,4374,Turizm ve Konaklama İşletmeciliği,Turizm İşletmeciliği,3337,EA
263,4374,Turizm ve Konaklama İşletmeciliği,Turizm Rehberliği,4372,SÖZ
263,4374,Turizm ve Konaklama İşletmeciliği,Uluslararası İşletme Yönetimi,4391,EA
263,4374,Turizm ve Konaklama İşletmeciliği,Yiyecek ve İçecek İşletmeciliği,8288,EA
263,5368,Turizm ve Otel İşletmeciliği,Ekonomi ve Finans,5105,EA
263,5368,Turizm ve Otel İşletmeciliği,Gastronomi ve Mutfak Sanatları,5108,SÖZ
263,5368,Turizm ve Otel İşletmeciliği,İşletme,3226,EA
263,5368,Turizm ve Otel İşletmeciliği,Rekreasyon Yönetimi,9172,SÖZ
263,5368,Turizm ve Otel İşletmeciliği,Turizm İşletmeciliği,3337,EA
263,5368,Turizm ve Otel İşletmeciliği,Turizm Rehberliği,4372,SÖZ
263,5368,Turizm ve Otel İşletmeciliği,Uluslararası İşletme Yönetimi,4391,EA
263,5368,Turizm ve Otel İşletmeciliği,Yiyecek ve İçecek İşletmeciliği,8288,EA
263,1338,Turizm ve Otelcilik / Turizm-Otelcilik,Ekonomi ve Finans,5105,EA
263,1338,Turizm ve Otelcilik / Turizm-Otelcilik,Gastronomi ve Mutfak Sanatları,5108,SÖZ
263,1338,Turizm ve Otelcilik / Turizm-Otelcilik,İşletme,3226,EA
263,1338,Turizm ve Otelcilik / Turizm-Otelcilik,Rekreasyon Yönetimi,9172,SÖZ
263,1338,Turizm ve Otelcilik / Turizm-Otelcilik,Turizm İşletmeciliği,3337,EA
263,1338,Turizm ve Otelcilik / Turizm-Otelcilik,Turizm Rehberliği,4372,SÖZ
263,1338,Turizm ve Otelcilik / Turizm-Otelcilik,Uluslararası İşletme Yönetimi,4391,EA
263,1338,Turizm ve Otelcilik / Turizm-Otelcilik,Yiyecek ve İçecek İşletmeciliği,8288,EA
263,9529,Turizm ve Seyahat Otel İşletmeciliği,Ekonomi ve Finans,5105,EA
263,9529,Turizm ve Seyahat Otel İşletmeciliği,Gastronomi ve Mutfak Sanatları,5108,SÖZ
263,9529,Turizm ve Seyahat Otel İşletmeciliği,İşletme,3226,EA
263,9529,Turizm ve Seyahat Otel İşletmeciliği,Rekreasyon Yönetimi,9172,SÖZ
263,9529,Turizm ve Seyahat Otel İşletmeciliği,Turizm İşletmeciliği,3337,EA
263,9529,Turizm ve Seyahat Otel İşletmeciliği,Turizm Rehberliği,4372,SÖZ
263,9529,Turizm ve Seyahat Otel İşletmeciliği,Uluslararası İşletme Yönetimi,4391,EA
263,9529,Turizm ve Seyahat Otel İşletmeciliği,Yiyecek ve İçecek İşletmeciliği,8288,EA
263,1339,Turizm Yönetimi,Ekonomi ve Finans,5105,EA
263,1339,Turizm Yönetimi,Gastronomi ve Mutfak Sanatları,5108,SÖZ
263,1339,Turizm Yönetimi,İşletme,3226,EA
263,1339,Turizm Yönetimi,Rekreasyon Yönetimi,9172,SÖZ
263,1339,Turizm Yönetimi,Turizm İşletmeciliği,3337,EA
263,1339,Turizm Yönetimi,Turizm Rehberliği,4372,SÖZ
263,1339,Turizm Yönetimi,Uluslararası İşletme Yönetimi,4391,EA
263,1339,Turizm Yönetimi,Yiyecek ve İçecek İşletmeciliği,8288,EA
263,8575,"Turizm, Konaklama ve Otel İşletmeciliği",Ekonomi ve Finans,5105,EA
263,8575,"Turizm, Konaklama ve Otel İşletmeciliği",Gastronomi ve Mutfak Sanatları,5108,SÖZ
263,8575,"Turizm, Konaklama ve Otel İşletmeciliği",İşletme,3226,EA
263,8575,"Turizm, Konaklama ve Otel İşletmeciliği",Rekreasyon Yönetimi,9172,SÖZ
263,8575,"Turizm, Konaklama ve Otel İşletmeciliği",Turizm İşletmeciliği,3337,EA
263,8575,"Turizm, Konaklama ve Otel İşletmeciliği",Turizm Rehberliği,4372,SÖZ
263,8575,"Turizm, Konaklama ve Otel İşletmeciliği",Uluslararası İşletme Yönetimi,4391,EA
263,8575,"Turizm, Konaklama ve Otel İşletmeciliği",Yiyecek ve İçecek İşletmeciliği,8288,EA
264,5367,Turizm Animasyonu,Oyunculuk,7119,SÖZ
264,5367,Turizm Animasyonu,Rekreasyon,7103,EA
264,5367,Turizm Animasyonu,Rekreasyon Yönetimi,9172,SÖZ
264,5367,Turizm Animasyonu,Sahne Sanatları,8335,SÖZ
264,5367,Turizm Animasyonu,Tiyatro,7126,SÖZ
265,9078,Turizm ve Seyahat Hizmetleri,Ekonomi ve Finans,5105,EA
265,9078,Turizm ve Seyahat Hizmetleri,İşletme,3226,EA
265,9078,Turizm ve Seyahat Hizmetleri,Lojistik Yönetimi,8222,EA
265,9078,Turizm ve Seyahat Hizmetleri,Seyahat İşletmeciliği,6303,EA
265,9078,Turizm ve Seyahat Hizmetleri,Seyahat İşletmeciliği ve Turizm Rehberliği,9202,EA
265,9078,Turizm ve Seyahat Hizmetleri,Turizm İşletmeciliği,3337,EA
265,9078,Turizm ve Seyahat Hizmetleri,Turizm Rehberliği,4372,SÖZ
265,9078,Turizm ve Seyahat Hizmetleri,Uluslararası İşletme Yönetimi,4391,EA
265,5370,Turizm ve Seyahat İşletmeciliği,Ekonomi ve Finans,5105,EA
265,5370,Turizm ve Seyahat İşletmeciliği,İşletme,3226,EA
265,5370,Turizm ve Seyahat İşletmeciliği,Lojistik Yönetimi,8222,EA
265,5370,Turizm ve Seyahat İşletmeciliği,Seyahat İşletmeciliği,6303,EA
265,5370,Turizm ve Seyahat İşletmeciliği,Seyahat İşletmeciliği ve Turizm Rehberliği,9202,EA
265,5370,Turizm ve Seyahat İşletmeciliği,Turizm İşletmeciliği,3337,EA
265,5370,Turizm ve Seyahat İşletmeciliği,Turizm Rehberliği,4372,SÖZ
265,5370,Turizm ve Seyahat İşletmeciliği,Uluslararası İşletme Yönetimi,4391,EA
266,9057,Tütün Tarımı ve İşleme Teknolojisi,Bahçe Bitkileri,8147,SAY
266,9057,Tütün Tarımı ve İşleme Teknolojisi,Bitki Koruma,8158,SAY
266,9057,Tütün Tarımı ve İşleme Teknolojisi,Bitkisel Üretim ve Teknolojileri,9269,SAY
266,9057,Tütün Tarımı ve İşleme Teknolojisi,Tarla Bitkileri,3385,SAY
266,9057,Tütün Tarımı ve İşleme Teknolojisi,Tütün Eksperliği,6345,SAY
266,1340,Tütün Yetiştiriciliği ve İşlemeciliği,Bahçe Bitkileri,8147,SAY
266,1340,Tütün Yetiştiriciliği ve İşlemeciliği,Bitki Koruma,8158,SAY
266,1340,Tütün Yetiştiriciliği ve İşlemeciliği,Bitkisel Üretim ve Teknolojileri,9269,SAY
266,1340,Tütün Yetiştiriciliği ve İşlemeciliği,Tarla Bitkileri,3385,SAY
266,1340,Tütün Yetiştiriciliği ve İşlemeciliği,Tütün Eksperliği,6345,SAY
267,5371,Uçak Elektriği,Elektrik Mühendisliği,3160,SAY
267,5371,Uçak Elektriği,Elektrik-Elektronik Mühendisliği,3162,SAY
267,5371,Uçak Elektriği,Havacılık Elektrik ve Elektroniği,3200,SAY
267,5371,Uçak Elektriği,Havacılık ve Uzay Mühendisliği,3201,SAY
267,5371,Uçak Elektriği,Uçak Bakım ve Onarım,1361,SAY
267,5371,Uçak Elektriği,Uçak Elektrik ve Elektroniği,1418,SAY
267,5371,Uçak Elektriği,Uçak Gövde ve Motor Bakımı,1417,SAY
267,5371,Uçak Elektriği,Uçak Mühendisliği,3350,SAY
268,5372,Uçak Elektroniği,Elektrik-Elektronik Mühendisliği,3162,SAY
268,5372,Uçak Elektroniği,Elektronik Mühendisliği,3163,SAY
268,5372,Uçak Elektroniği,Elektronik ve Haberleşme Mühendisliği,3166,SAY
268,5372,Uçak Elektroniği,Havacılık Elektrik ve Elektroniği,3200,SAY
268,5372,Uçak Elektroniği,Havacılık ve Uzay Mühendisliği,3201,SAY
268,5372,Uçak Elektroniği,Uçak Bakım ve Onarım,1361,SAY
268,5372,Uçak Elektroniği,Uçak Elektrik ve Elektroniği,1418,SAY
268,5372,Uçak Elektroniği,Uçak Gövde ve Motor Bakımı,1417,SAY
268,5372,Uçak Elektroniği,Uçak Mühendisliği,3350,SAY
269,4379,Uçak Gövde Bakım,Havacılık Elektrik ve Elektroniği,3200,SAY
269,4379,Uçak Gövde Bakım,Havacılık ve Uzay Mühendisliği,3201,SAY
269,4379,Uçak Gövde Bakım,Makine Mühendisliği,3252,SAY
269,4379,Uçak Gövde Bakım,Otomotiv Mühendisliği,8333,SAY
269,4379,Uçak Gövde Bakım,Uçak Bakım ve Onarım,1361,SAY
269,4379,Uçak Gövde Bakım,Uçak Gövde ve Motor Bakımı,1417,SAY
269,4379,Uçak Gövde Bakım,Uçak Mühendisliği,3350,SAY
269,5373,Uçak Gövdesi,Havacılık Elektrik ve Elektroniği,3200,SAY
269,5373,Uçak Gövdesi,Havacılık ve Uzay Mühendisliği,3201,SAY
269,5373,Uçak Gövdesi,Makine Mühendisliği,3252,SAY
269,5373,Uçak Gövdesi,Otomotiv Mühendisliği,8333,SAY
269,5373,Uçak Gövdesi,Uçak Bakım ve Onarım,1361,SAY
269,5373,Uçak Gövdesi,Uçak Gövde ve Motor Bakımı,1417,SAY
269,5373,Uçak Gövdesi,Uçak Mühendisliği,3350,SAY
269,5374,Uçak Motoru,Havacılık Elektrik ve Elektroniği,3200,SAY
269,5374,Uçak Motoru,Havacılık ve Uzay Mühendisliği,3201,SAY
269,5374,Uçak Motoru,Makine Mühendisliği,3252,SAY
269,5374,Uçak Motoru,Otomotiv Mühendisliği,8333,SAY
269,5374,Uçak Motoru,Uçak Bakım ve Onarım,1361,SAY
269,5374,Uçak Motoru,Uçak Gövde ve Motor Bakımı,1417,SAY
269,5374,Uçak Motoru,Uçak Mühendisliği,3350,SAY
269,4380,Uçak Yer Destek Sistemleri,Havacılık Elektrik ve Elektroniği,3200,SAY
269,4380,Uçak Yer Destek Sistemleri,Havacılık ve Uzay Mühendisliği,3201,SAY
269,4380,Uçak Yer Destek Sistemleri,Makine Mühendisliği,3252,SAY
269,4380,Uçak Yer Destek Sistemleri,Otomotiv Mühendisliği,8333,SAY
269,4380,Uçak Yer Destek Sistemleri,Uçak Bakım ve Onarım,1361,SAY
269,4380,Uçak Yer Destek Sistemleri,Uçak Gövde ve Motor Bakımı,1417,SAY
269,4380,Uçak Yer Destek Sistemleri,Uçak Mühendisliği,3350,SAY
270,9146,Uçak Teknolojisi,Elektrik Mühendisliği,3160,SAY
270,9146,Uçak Teknolojisi,Elektrik-Elektronik Mühendisliği,3162,SAY
270,9146,Uçak Teknolojisi,Elektronik Mühendisliği,3163,SAY
270,9146,Uçak Teknolojisi,Elektronik ve Haberleşme Mühendisliği,3166,SAY
270,9146,Uçak Teknolojisi,Enerji Sistemleri Mühendisliği,8319,SAY
270,9146,Uçak Teknolojisi,Havacılık Elektrik ve Elektroniği,3200,SAY
270,9146,Uçak Teknolojisi,Havacılık ve Uzay Mühendisliği,3201,SAY
270,9146,Uçak Teknolojisi,Makine Mühendisliği,3252,SAY
270,9146,Uçak Teknolojisi,Otomotiv Mühendisliği,8333,SAY
270,9146,Uçak Teknolojisi,Uçak Bakım ve Onarım,1361,SAY
270,9146,Uçak Teknolojisi,Uçak Elektrik ve Elektroniği,1418,SAY
270,9146,Uçak Teknolojisi,Uçak Gövde ve Motor Bakımı,1417,SAY
270,9146,Uçak Teknolojisi,Uçak Mühendisliği,3350,SAY
271,4385,Ulaştırma ve Otomotiv,Gemi İnşaatı ve Gemi Makineleri Mühendisliği,8322,SAY
271,4385,Ulaştırma ve Otomotiv,Gemi Makineleri İşletme Mühendisliği,3190,SAY
271,4385,Ulaştırma ve Otomotiv,Havacılık Yönetimi,9428,EA
271,4385,Ulaştırma ve Otomotiv,Lojistik Yönetimi,8222,EA
271,4385,Ulaştırma ve Otomotiv,Makine Mühendisliği,3252,SAY
271,4385,Ulaştırma ve Otomotiv,Otomotiv Mühendisliği,8333,SAY
272,5376,Uluslararası Ticaret,Bankacılık,3117,EA
272,5376,Uluslararası Ticaret,Bankacılık ve Sigortacılık,3120,EA
272,5376,Uluslararası Ticaret,Ekonomi,3159,EA
272,5376,Uluslararası Ticaret,Ekonomi ve Finans,5105,EA
272,5376,Uluslararası Ticaret,Finans ve Bankacılık,9371,EA
272,5376,Uluslararası Ticaret,İktisat,3213,EA
272,5376,Uluslararası Ticaret,İSLAM İKTİSADI VE FİNANS,1425,EA
272,5376,Uluslararası Ticaret,Lojistik Yönetimi,8222,EA
272,5376,Uluslararası Ticaret,Sermaye Piyasası,3302,EA
272,5376,Uluslararası Ticaret,Sigortacılık,3306,EA
272,5376,Uluslararası Ticaret,Sigortacılık ve Risk Yönetimi,5127,EA
272,5376,Uluslararası Ticaret,Uluslararası Finans,6351,EA
272,5376,Uluslararası Ticaret,Uluslararası Finans ve Bankacılık,9353,EA
272,5376,Uluslararası Ticaret,Uluslararası İşletme Yönetimi,4391,EA
272,5376,Uluslararası Ticaret,Uluslararası Ticaret,3355,EA
272,5376,Uluslararası Ticaret,Uluslararası Ticaret ve Finansman,5131,EA
272,5376,Uluslararası Ticaret,Uluslararası Ticaret ve İşletmecilik,3356,EA
272,5376,Uluslararası Ticaret,Uluslararası Ticaret ve Lojistik,9009,EA
272,1343,Uluslararası Ticaret Yönetimi,Bankacılık,3117,EA
272,1343,Uluslararası Ticaret Yönetimi,Bankacılık ve Sigortacılık,3120,EA
272,1343,Uluslararası Ticaret Yönetimi,Ekonomi,3159,EA
272,1343,Uluslararası Ticaret Yönetimi,Ekonomi ve Finans,5105,EA
272,1343,Uluslararası Ticaret Yönetimi,Finans ve Bankacılık,9371,EA
272,1343,Uluslararası Ticaret Yönetimi,İktisat,3213,EA
272,1343,Uluslararası Ticaret Yönetimi,İSLAM İKTİSADI VE FİNANS,1425,EA
272,1343,Uluslararası Ticaret Yönetimi,Lojistik Yönetimi,8222,EA
272,1343,Uluslararası Ticaret Yönetimi,Sermaye Piyasası,3302,EA
272,1343,Uluslararası Ticaret Yönetimi,Sigortacılık,3306,EA
272,1343,Uluslararası Ticaret Yönetimi,Sigortacılık ve Risk Yönetimi,5127,EA
272,1343,Uluslararası Ticaret Yönetimi,Uluslararası Finans,6351,EA
272,1343,Uluslararası Ticaret Yönetimi,Uluslararası Finans ve Bankacılık,9353,EA
272,1343,Uluslararası Ticaret Yönetimi,Uluslararası İşletme Yönetimi,4391,EA
272,1343,Uluslararası Ticaret Yönetimi,Uluslararası Ticaret,3355,EA
272,1343,Uluslararası Ticaret Yönetimi,Uluslararası Ticaret ve Finansman,5131,EA
272,1343,Uluslararası Ticaret Yönetimi,Uluslararası Ticaret ve İşletmecilik,3356,EA
272,1343,Uluslararası Ticaret Yönetimi,Uluslararası Ticaret ve Lojistik,9009,EA
273,1381,Uygulamalı İspanyolca Çevirmenlik,İspanyol Dili ve Edebiyatı,3222,SÖZ
273,9199,Uygulamalı İspanyolca ve Çevirmenlik,İspanyol Dili ve Edebiyatı,3222,SÖZ
273,4394,Uygulamalı İspanyolca-Türkçe Çevirmenlik,İspanyol Dili ve Edebiyatı,3222,SÖZ
274,1382,Uygulamalı Rusça Çevirmenlik,Rus Dili ve Edebiyatı,3293,SÖZ
274,1382,Uygulamalı Rusça Çevirmenlik,Rusça Mütercim ve Tercümanlık,1401,SÖZ
274,9200,Uygulamalı Rusça ve Çevirmenlik,Rus Dili ve Edebiyatı,3293,SÖZ
274,9200,Uygulamalı Rusça ve Çevirmenlik,Rusça Mütercim ve Tercümanlık,1401,SÖZ
274,4396,Uygulamalı Rusça-Türkçe Çevirmenlik,Rus Dili ve Edebiyatı,3293,SÖZ
274,4396,Uygulamalı Rusça-Türkçe Çevirmenlik,Rusça Mütercim ve Tercümanlık,1401,SÖZ
275,1513,UZAKTAN ALGILAMA VE COĞRAFİ BİLGİ SİSTEMLERİ,Harita Mühendisliği,8324,SAY
275,1513,UZAKTAN ALGILAMA VE COĞRAFİ BİLGİ SİSTEMLERİ,İstatistik,3223,SAY
275,1513,UZAKTAN ALGILAMA VE COĞRAFİ BİLGİ SİSTEMLERİ,İstatistik ve Bilgisayar Bilimleri,3224,SAY
275,1513,UZAKTAN ALGILAMA VE COĞRAFİ BİLGİ SİSTEMLERİ,Matematik ve Bilgisayar Bilimleri,3256,SAY
276,9597,Üç Boyutlu Modelleme ve Animasyon,Çizgi Film ve Animasyon,7152,SÖZ
276,9597,Üç Boyutlu Modelleme ve Animasyon,Fotoğraf,7158,SÖZ
276,9597,Üç Boyutlu Modelleme ve Animasyon,Fotoğraf ve Video,7211,SÖZ
276,9597,Üç Boyutlu Modelleme ve Animasyon,Görsel İletişim Tasarımı,5109,SÖZ
276,9597,Üç Boyutlu Modelleme ve Animasyon,Görsel Sanatlar,9162,SÖZ
276,9597,Üç Boyutlu Modelleme ve Animasyon,Grafik,7160,EA
276,9597,Üç Boyutlu Modelleme ve Animasyon,Grafik Sanatlar,7145,EA
276,9597,Üç Boyutlu Modelleme ve Animasyon,Grafik Tasarımı,7162,EA
276,9597,Üç Boyutlu Modelleme ve Animasyon,İletişim Tasarımı ve Yönetimi,9281,SÖZ
276,9597,Üç Boyutlu Modelleme ve Animasyon,İletişim ve Tasarımı,1428,SÖZ
277,4397,Veteriner Sağlık Teknikerliği,Acil Yardım ve Afet Yönetimi,8342,SAY
277,4397,Veteriner Sağlık Teknikerliği,Hayvansal Üretim ve Teknolojileri,9455,SAY
277,4397,Veteriner Sağlık Teknikerliği,Sağlık Yönetimi,6298,EA
277,4397,Veteriner Sağlık Teknikerliği,Veteriner,6373,SAY
277,4397,Veteriner Sağlık Teknikerliği,Zootekni,8289,SAY
278,4399,Web Teknolojileri ve Programlama,Bilgisayar Bilimleri,8143,SAY
278,4399,Web Teknolojileri ve Programlama,Bilgisayar Mühendisliği,3124,SAY
278,4399,Web Teknolojileri ve Programlama,Bilgisayar ve Öğretim Teknolojileri Öğretmenliği,3129,SAY
278,4399,Web Teknolojileri ve Programlama,Grafik Tasarımı,7162,EA
279,8577,Yalıtım Teknolojisi,İnşaat Mühendisliği,3221,SAY
279,8577,Yalıtım Teknolojisi,Kimya,3240,SAY
279,8577,Yalıtım Teknolojisi,Kimya Mühendisliği,6241,SAY
279,9040,Yapı Yalıtım Teknolojisi,İnşaat Mühendisliği,3221,SAY
279,9040,Yapı Yalıtım Teknolojisi,Kimya,3240,SAY
279,9040,Yapı Yalıtım Teknolojisi,Kimya Mühendisliği,6241,SAY
280,1514,YAPI YÜZEYİ TASARIM TEKNİKERLİĞİ,İnşaat Mühendisliği,3221,SAY
280,1514,YAPI YÜZEYİ TASARIM TEKNİKERLİĞİ,Kültür Varlıklarını Koruma ve Onarım,9141,EA
281,9013,Yat İşletme ve Yönetimi,Deniz Ulaştırma İşletme Mühendisliği,3149,SAY
281,9013,Yat İşletme ve Yönetimi,Denizcilik İşletmeleri Yönetimi,3150,EA
281,9013,Yat İşletme ve Yönetimi,Lojistik Yönetimi,8222,EA
281,9013,Yat İşletme ve Yönetimi,Seyahat İşletmeciliği,6303,EA
281,9013,Yat İşletme ve Yönetimi,Seyahat İşletmeciliği ve Turizm Rehberliği,9202,EA
281,9013,Yat İşletme ve Yönetimi,Turizm İşletmeciliği,3337,EA
281,9013,Yat İşletme ve Yönetimi,Turizm Rehberliği,4372,SÖZ
281,9336,Yat Kaptanlığı,Deniz Ulaştırma İşletme Mühendisliği,3149,SAY
281,9336,Yat Kaptanlığı,Denizcilik İşletmeleri Yönetimi,3150,EA
281,9336,Yat Kaptanlığı,Lojistik Yönetimi,8222,EA
281,9336,Yat Kaptanlığı,Seyahat İşletmeciliği,6303,EA
281,9336,Yat Kaptanlığı,Seyahat İşletmeciliği ve Turizm Rehberliği,9202,EA
281,9336,Yat Kaptanlığı,Turizm İşletmeciliği,3337,EA
281,9336,Yat Kaptanlığı,Turizm Rehberliği,4372,SÖZ
281,5378,Yatçılık ve Yat İşletmeciliği,Deniz Ulaştırma İşletme Mühendisliği,3149,SAY
281,5378,Yatçılık ve Yat İşletmeciliği,Denizcilik İşletmeleri Yönetimi,3150,EA
281,5378,Yatçılık ve Yat İşletmeciliği,Lojistik Yönetimi,8222,EA
281,5378,Yatçılık ve Yat İşletmeciliği,Seyahat İşletmeciliği,6303,EA
281,5378,Yatçılık ve Yat İşletmeciliği,Seyahat İşletmeciliği ve Turizm Rehberliği,9202,EA
281,5378,Yatçılık ve Yat İşletmeciliği,Turizm İşletmeciliği,3337,EA
281,5378,Yatçılık ve Yat İşletmeciliği,Turizm Rehberliği,4372,SÖZ
282,1516,YEŞİL VE EKOLOJİK BİNA TEKNİKERLİĞİ,Çevre Mühendisliği,3142,SAY
282,1516,YEŞİL VE EKOLOJİK BİNA TEKNİKERLİĞİ,Enerji Sistemleri Mühendisliği,8319,SAY
282,1516,YEŞİL VE EKOLOJİK BİNA TEKNİKERLİĞİ,Enerji Yönetimi,9402,EA
282,1516,YEŞİL VE EKOLOJİK BİNA TEKNİKERLİĞİ,İnşaat Mühendisliği,3221,SAY
282,1516,YEŞİL VE EKOLOJİK BİNA TEKNİKERLİĞİ,Mimarlık,3263,SAY
283,4406,Yönetim,Bankacılık,3117,EA
283,4406,Yönetim,Bankacılık ve Sigortacılık,3120,EA
283,4406,Yönetim,Çalışma Ekonomisi ve Endüstri İlişkileri,3141,EA
283,4406,Yönetim,Ekonomi ve Finans,5105,EA
283,4406,Yönetim,Finans ve Bankacılık,9371,EA
283,4406,Yönetim,Havacılık Yönetimi,9428,EA
283,4406,Yönetim,İşletme,3226,EA
283,4406,Yönetim,Lojistik Yönetimi,8222,EA
283,4406,Yönetim,Sağlık Yönetimi,6298,EA
283,4406,Yönetim,Sermaye Piyasası,3302,EA
283,4406,Yönetim,Sigortacılık,3306,EA
283,4406,Yönetim,Sigortacılık ve Risk Yönetimi,5127,EA
283,4406,Yönetim,Sigortacılık ve Sosyal Güvenlik,9360,EA
283,4406,Yönetim,Teknoloji ve Bilgi Yönetimi,9286,EA
283,4406,Yönetim,Uluslararası Finans,6351,EA
283,4406,Yönetim,Uluslararası Finans ve Bankacılık,9353,EA
283,4406,Yönetim,Uluslararası İşletme Yönetimi,4391,EA
283,4406,Yönetim,Uluslararası Ticaret,3355,EA
283,4406,Yönetim,Uluslararası Ticaret ve Finansman,5131,EA
283,4406,Yönetim,Uluslararası Ticaret ve İşletmecilik,3356,EA
283,4406,Yönetim,Uluslararası Ticaret ve Lojistik,9009,EA
283,4406,Yönetim,Yönetim Bilişim Sistemleri,3361,EA
284,1102,Adalet,Çalışma Ekonomisi ve Endüstri İlişkileri,3141,EA
284,1102,Adalet,İktisat,3213,EA
284,1102,Adalet,İşletme,3226,EA
284,1102,Adalet,Kamu Yönetimi,3237,EA
284,1102,Adalet,Maliye,3254,EA
284,1102,Adalet,Siyaset Bilimi ve Kamu Yönetimi,3314,EA
284,1102,Adalet,Uluslararası İlişkiler,3352,EA
284,9339,Adalet Meslek Eğitimi,Çalışma Ekonomisi ve Endüstri İlişkileri,3141,EA
284,9339,Adalet Meslek Eğitimi,İktisat,3213,EA
284,9339,Adalet Meslek Eğitimi,İşletme,3226,EA
284,9339,Adalet Meslek Eğitimi,Kamu Yönetimi,3237,EA
284,9339,Adalet Meslek Eğitimi,Maliye,3254,EA
284,9339,Adalet Meslek Eğitimi,Siyaset Bilimi ve Kamu Yönetimi,3314,EA
284,9339,Adalet Meslek Eğitimi,Uluslararası İlişkiler,3352,EA
284,6352,Adalet Meslek Yüksekokulu,Çalışma Ekonomisi ve Endüstri İlişkileri,3141,EA
284,6352,Adalet Meslek Yüksekokulu,İktisat,3213,EA
284,6352,Adalet Meslek Yüksekokulu,İşletme,3226,EA
284,6352,Adalet Meslek Yüksekokulu,Kamu Yönetimi,3237,EA
284,6352,Adalet Meslek Yüksekokulu,Maliye,3254,EA
284,6352,Adalet Meslek Yüksekokulu,Siyaset Bilimi ve Kamu Yönetimi,3314,EA
284,6352,Adalet Meslek Yüksekokulu,Uluslararası İlişkiler,3352,EA
284,9077,Ağırlama Hizmetleri,Çalışma Ekonomisi ve Endüstri İlişkileri,3141,EA
284,9077,Ağırlama Hizmetleri,İktisat,3213,EA
284,9077,Ağırlama Hizmetleri,İşletme,3226,EA
284,9077,Ağırlama Hizmetleri,Kamu Yönetimi,3237,EA
284,9077,Ağırlama Hizmetleri,Maliye,3254,EA
284,9077,Ağırlama Hizmetleri,Siyaset Bilimi ve Kamu Yönetimi,3314,EA
284,9077,Ağırlama Hizmetleri,Uluslararası İlişkiler,3352,EA
284,5307,Avrupa Topluluğu,Çalışma Ekonomisi ve Endüstri İlişkileri,3141,EA
284,5307,Avrupa Topluluğu,İktisat,3213,EA
284,5307,Avrupa Topluluğu,İşletme,3226,EA
284,5307,Avrupa Topluluğu,Kamu Yönetimi,3237,EA
284,5307,Avrupa Topluluğu,Maliye,3254,EA
284,5307,Avrupa Topluluğu,Siyaset Bilimi ve Kamu Yönetimi,3314,EA
284,5307,Avrupa Topluluğu,Uluslararası İlişkiler,3352,EA
284,5308,Banka ve Sigorta Yönetimi,Çalışma Ekonomisi ve Endüstri İlişkileri,3141,EA
284,5308,Banka ve Sigorta Yönetimi,İktisat,3213,EA
284,5308,Banka ve Sigorta Yönetimi,İşletme,3226,EA
284,5308,Banka ve Sigorta Yönetimi,Kamu Yönetimi,3237,EA
284,5308,Banka ve Sigorta Yönetimi,Maliye,3254,EA
284,5308,Banka ve Sigorta Yönetimi,Siyaset Bilimi ve Kamu Yönetimi,3314,EA
284,5308,Banka ve Sigorta Yönetimi,Uluslararası İlişkiler,3352,EA
284,1114,Bankacılık,Çalışma Ekonomisi ve Endüstri İlişkileri,3141,EA
284,1114,Bankacılık,İktisat,3213,EA
284,1114,Bankacılık,İşletme,3226,EA
284,1114,Bankacılık,Kamu Yönetimi,3237,EA
284,1114,Bankacılık,Maliye,3254,EA
284,1114,Bankacılık,Siyaset Bilimi ve Kamu Yönetimi,3314,EA
284,1114,Bankacılık,Uluslararası İlişkiler,3352,EA
284,1115,Bankacılık ve Sigortacılık,Çalışma Ekonomisi ve Endüstri İlişkileri,3141,EA
284,1115,Bankacılık ve Sigortacılık,İktisat,3213,EA
284,1115,Bankacılık ve Sigortacılık,İşletme,3226,EA
284,1115,Bankacılık ve Sigortacılık,Kamu Yönetimi,3237,EA
284,1115,Bankacılık ve Sigortacılık,Maliye,3254,EA
284,1115,Bankacılık ve Sigortacılık,Siyaset Bilimi ve Kamu Yönetimi,3314,EA
284,1115,Bankacılık ve Sigortacılık,Uluslararası İlişkiler,3352,EA
284,1117,Bilgisayar Destekli Muhasebe,Çalışma Ekonomisi ve Endüstri İlişkileri,3141,EA
284,1117,Bilgisayar Destekli Muhasebe,İktisat,3213,EA
284,1117,Bilgisayar Destekli Muhasebe,İşletme,3226,EA
284,1117,Bilgisayar Destekli Muhasebe,Kamu Yönetimi,3237,EA
284,1117,Bilgisayar Destekli Muhasebe,Maliye,3254,EA
284,1117,Bilgisayar Destekli Muhasebe,Siyaset Bilimi ve Kamu Yönetimi,3314,EA
284,1117,Bilgisayar Destekli Muhasebe,Uluslararası İlişkiler,3352,EA
284,1124,Bilgisayarlı Muhasebe ve Vergi Uygulama,Çalışma Ekonomisi ve Endüstri İlişkileri,3141,EA
284,1124,Bilgisayarlı Muhasebe ve Vergi Uygulama,İktisat,3213,EA
284,1124,Bilgisayarlı Muhasebe ve Vergi Uygulama,İşletme,3226,EA
284,1124,Bilgisayarlı Muhasebe ve Vergi Uygulama,Kamu Yönetimi,3237,EA
284,1124,Bilgisayarlı Muhasebe ve Vergi Uygulama,Maliye,3254,EA
284,1124,Bilgisayarlı Muhasebe ve Vergi Uygulama,Siyaset Bilimi ve Kamu Yönetimi,3314,EA
284,1124,Bilgisayarlı Muhasebe ve Vergi Uygulama,Uluslararası İlişkiler,3352,EA
284,5317,Borsa ve Finans,Çalışma Ekonomisi ve Endüstri İlişkileri,3141,EA
284,5317,Borsa ve Finans,İktisat,3213,EA
284,5317,Borsa ve Finans,İşletme,3226,EA
284,5317,Borsa ve Finans,Kamu Yönetimi,3237,EA
284,5317,Borsa ve Finans,Maliye,3254,EA
284,5317,Borsa ve Finans,Siyaset Bilimi ve Kamu Yönetimi,3314,EA
284,5317,Borsa ve Finans,Uluslararası İlişkiler,3352,EA
284,4236,Deniz İşletmeciliği ve Yönetimi,Çalışma Ekonomisi ve Endüstri İlişkileri,3141,EA
284,4236,Deniz İşletmeciliği ve Yönetimi,İktisat,3213,EA
284,4236,Deniz İşletmeciliği ve Yönetimi,İşletme,3226,EA
284,4236,Deniz İşletmeciliği ve Yönetimi,Kamu Yönetimi,3237,EA
284,4236,Deniz İşletmeciliği ve Yönetimi,Maliye,3254,EA
284,4236,Deniz İşletmeciliği ve Yönetimi,Siyaset Bilimi ve Kamu Yönetimi,3314,EA
284,4236,Deniz İşletmeciliği ve Yönetimi,Uluslararası İlişkiler,3352,EA
284,9340,Deniz Kuvvetleri Meslek Eğitimi,Çalışma Ekonomisi ve Endüstri İlişkileri,3141,EA
284,9340,Deniz Kuvvetleri Meslek Eğitimi,İktisat,3213,EA
284,9340,Deniz Kuvvetleri Meslek Eğitimi,İşletme,3226,EA
284,9340,Deniz Kuvvetleri Meslek Eğitimi,Kamu Yönetimi,3237,EA
284,9340,Deniz Kuvvetleri Meslek Eğitimi,Maliye,3254,EA
284,9340,Deniz Kuvvetleri Meslek Eğitimi,Siyaset Bilimi ve Kamu Yönetimi,3314,EA
284,9340,Deniz Kuvvetleri Meslek Eğitimi,Uluslararası İlişkiler,3352,EA
284,9137,Deniz Ulaştırma ve İşletme,Çalışma Ekonomisi ve Endüstri İlişkileri,3141,EA
284,9137,Deniz Ulaştırma ve İşletme,İktisat,3213,EA
284,9137,Deniz Ulaştırma ve İşletme,İşletme,3226,EA
284,9137,Deniz Ulaştırma ve İşletme,Kamu Yönetimi,3237,EA
284,9137,Deniz Ulaştırma ve İşletme,Maliye,3254,EA
284,9137,Deniz Ulaştırma ve İşletme,Siyaset Bilimi ve Kamu Yönetimi,3314,EA
284,9137,Deniz Ulaştırma ve İşletme,Uluslararası İlişkiler,3352,EA
284,1139,Deniz ve Liman İşletme,Çalışma Ekonomisi ve Endüstri İlişkileri,3141,EA
284,1139,Deniz ve Liman İşletme,İktisat,3213,EA
284,1139,Deniz ve Liman İşletme,İşletme,3226,EA
284,1139,Deniz ve Liman İşletme,Kamu Yönetimi,3237,EA
284,1139,Deniz ve Liman İşletme,Maliye,3254,EA
284,1139,Deniz ve Liman İşletme,Siyaset Bilimi ve Kamu Yönetimi,3314,EA
284,1139,Deniz ve Liman İşletme,Uluslararası İlişkiler,3352,EA
284,9026,Deniz ve Liman İşletmeciliği,Çalışma Ekonomisi ve Endüstri İlişkileri,3141,EA
284,9026,Deniz ve Liman İşletmeciliği,İktisat,3213,EA
284,9026,Deniz ve Liman İşletmeciliği,İşletme,3226,EA
284,9026,Deniz ve Liman İşletmeciliği,Kamu Yönetimi,3237,EA
284,9026,Deniz ve Liman İşletmeciliği,Maliye,3254,EA
284,9026,Deniz ve Liman İşletmeciliği,Siyaset Bilimi ve Kamu Yönetimi,3314,EA
284,9026,Deniz ve Liman İşletmeciliği,Uluslararası İlişkiler,3352,EA
284,1156,Emlak ve Emlak Yönetimi,Çalışma Ekonomisi ve Endüstri İlişkileri,3141,EA
284,1156,Emlak ve Emlak Yönetimi,İktisat,3213,EA
284,1156,Emlak ve Emlak Yönetimi,İşletme,3226,EA
284,1156,Emlak ve Emlak Yönetimi,Kamu Yönetimi,3237,EA
284,1156,Emlak ve Emlak Yönetimi,Maliye,3254,EA
284,1156,Emlak ve Emlak Yönetimi,Siyaset Bilimi ve Kamu Yönetimi,3314,EA
284,1156,Emlak ve Emlak Yönetimi,Uluslararası İlişkiler,3352,EA
284,1383,Emlak Yönetimi,Çalışma Ekonomisi ve Endüstri İlişkileri,3141,EA
284,1383,Emlak Yönetimi,İktisat,3213,EA
284,1383,Emlak Yönetimi,İşletme,3226,EA
284,1383,Emlak Yönetimi,Kamu Yönetimi,3237,EA
284,1383,Emlak Yönetimi,Maliye,3254,EA
284,1383,Emlak Yönetimi,Siyaset Bilimi ve Kamu Yönetimi,3314,EA
284,1383,Emlak Yönetimi,Uluslararası İlişkiler,3352,EA
284,1157,Emtia Borsası,Çalışma Ekonomisi ve Endüstri İlişkileri,3141,EA
284,1157,Emtia Borsası,İktisat,3213,EA
284,1157,Emtia Borsası,İşletme,3226,EA
284,1157,Emtia Borsası,Kamu Yönetimi,3237,EA
284,1157,Emtia Borsası,Maliye,3254,EA
284,1157,Emtia Borsası,Siyaset Bilimi ve Kamu Yönetimi,3314,EA
284,1157,Emtia Borsası,Uluslararası İlişkiler,3352,EA
284,1163,Endüstriyel Yönetim,Çalışma Ekonomisi ve Endüstri İlişkileri,3141,EA
284,1163,Endüstriyel Yönetim,İktisat,3213,EA
284,1163,Endüstriyel Yönetim,İşletme,3226,EA
284,1163,Endüstriyel Yönetim,Kamu Yönetimi,3237,EA
284,1163,Endüstriyel Yönetim,Maliye,3254,EA
284,1163,Endüstriyel Yönetim,Siyaset Bilimi ve Kamu Yönetimi,3314,EA
284,1163,Endüstriyel Yönetim,Uluslararası İlişkiler,3352,EA
284,9230,Enerji Tesisleri İşletmeciliği,Çalışma Ekonomisi ve Endüstri İlişkileri,3141,EA
284,9230,Enerji Tesisleri İşletmeciliği,İktisat,3213,EA
284,9230,Enerji Tesisleri İşletmeciliği,İşletme,3226,EA
284,9230,Enerji Tesisleri İşletmeciliği,Kamu Yönetimi,3237,EA
284,9230,Enerji Tesisleri İşletmeciliği,Maliye,3254,EA
284,9230,Enerji Tesisleri İşletmeciliği,Siyaset Bilimi ve Kamu Yönetimi,3314,EA
284,9230,Enerji Tesisleri İşletmeciliği,Uluslararası İlişkiler,3352,EA
284,2105,Ev İdaresi,Çalışma Ekonomisi ve Endüstri İlişkileri,3141,EA
284,2105,Ev İdaresi,İktisat,3213,EA
284,2105,Ev İdaresi,İşletme,3226,EA
284,2105,Ev İdaresi,Kamu Yönetimi,3237,EA
284,2105,Ev İdaresi,Maliye,3254,EA
284,2105,Ev İdaresi,Siyaset Bilimi ve Kamu Yönetimi,3314,EA
284,2105,Ev İdaresi,Uluslararası İlişkiler,3352,EA
284,5335,Finans,Çalışma Ekonomisi ve Endüstri İlişkileri,3141,EA
284,5335,Finans,İktisat,3213,EA
284,5335,Finans,İşletme,3226,EA
284,5335,Finans,Kamu Yönetimi,3237,EA
284,5335,Finans,Maliye,3254,EA
284,5335,Finans,Siyaset Bilimi ve Kamu Yönetimi,3314,EA
284,5335,Finans,Uluslararası İlişkiler,3352,EA
284,8526,Finans ve Muhasebe,Çalışma Ekonomisi ve Endüstri İlişkileri,3141,EA
284,8526,Finans ve Muhasebe,İktisat,3213,EA
284,8526,Finans ve Muhasebe,İşletme,3226,EA
284,8526,Finans ve Muhasebe,Kamu Yönetimi,3237,EA
284,8526,Finans ve Muhasebe,Maliye,3254,EA
284,8526,Finans ve Muhasebe,Siyaset Bilimi ve Kamu Yönetimi,3314,EA
284,8526,Finans ve Muhasebe,Uluslararası İlişkiler,3352,EA
284,9799,"Finans, Bankacılık ve Sigortacılık",Çalışma Ekonomisi ve Endüstri İlişkileri,3141,EA
284,9799,"Finans, Bankacılık ve Sigortacılık",İktisat,3213,EA
284,9799,"Finans, Bankacılık ve Sigortacılık",İşletme,3226,EA
284,9799,"Finans, Bankacılık ve Sigortacılık",Kamu Yönetimi,3237,EA
284,9799,"Finans, Bankacılık ve Sigortacılık",Maliye,3254,EA
284,9799,"Finans, Bankacılık ve Sigortacılık",Siyaset Bilimi ve Kamu Yönetimi,3314,EA
284,9799,"Finans, Bankacılık ve Sigortacılık",Uluslararası İlişkiler,3352,EA
284,4266,Gayrimenkul Yönetimi,Çalışma Ekonomisi ve Endüstri İlişkileri,3141,EA
284,4266,Gayrimenkul Yönetimi,İktisat,3213,EA
284,4266,Gayrimenkul Yönetimi,İşletme,3226,EA
284,4266,Gayrimenkul Yönetimi,Kamu Yönetimi,3237,EA
284,4266,Gayrimenkul Yönetimi,Maliye,3254,EA
284,4266,Gayrimenkul Yönetimi,Siyaset Bilimi ve Kamu Yönetimi,3314,EA
284,4266,Gayrimenkul Yönetimi,Uluslararası İlişkiler,3352,EA
284,4267,Gayrimenkul Yönetimi ve Pazarlama,Çalışma Ekonomisi ve Endüstri İlişkileri,3141,EA
284,4267,Gayrimenkul Yönetimi ve Pazarlama,İktisat,3213,EA
284,4267,Gayrimenkul Yönetimi ve Pazarlama,İşletme,3226,EA
284,4267,Gayrimenkul Yönetimi ve Pazarlama,Kamu Yönetimi,3237,EA
284,4267,Gayrimenkul Yönetimi ve Pazarlama,Maliye,3254,EA
284,4267,Gayrimenkul Yönetimi ve Pazarlama,Siyaset Bilimi ve Kamu Yönetimi,3314,EA
284,4267,Gayrimenkul Yönetimi ve Pazarlama,Uluslararası İlişkiler,3352,EA
284,6176,Genel İşletme,Çalışma Ekonomisi ve Endüstri İlişkileri,3141,EA
284,6176,Genel İşletme,İktisat,3213,EA
284,6176,Genel İşletme,İşletme,3226,EA
284,6176,Genel İşletme,Kamu Yönetimi,3237,EA
284,6176,Genel İşletme,Maliye,3254,EA
284,6176,Genel İşletme,Siyaset Bilimi ve Kamu Yönetimi,3314,EA
284,6176,Genel İşletme,Uluslararası İlişkiler,3352,EA
284,8603,Girişimcilik ve Proje Yönetim Asistanlığı,Çalışma Ekonomisi ve Endüstri İlişkileri,3141,EA
284,8603,Girişimcilik ve Proje Yönetim Asistanlığı,İktisat,3213,EA
284,8603,Girişimcilik ve Proje Yönetim Asistanlığı,İşletme,3226,EA
284,8603,Girişimcilik ve Proje Yönetim Asistanlığı,Kamu Yönetimi,3237,EA
284,8603,Girişimcilik ve Proje Yönetim Asistanlığı,Maliye,3254,EA
284,8603,Girişimcilik ve Proje Yönetim Asistanlığı,Siyaset Bilimi ve Kamu Yönetimi,3314,EA
284,8603,Girişimcilik ve Proje Yönetim Asistanlığı,Uluslararası İlişkiler,3352,EA
284,8530,Gümrük İşleri,Çalışma Ekonomisi ve Endüstri İlişkileri,3141,EA
284,8530,Gümrük İşleri,İktisat,3213,EA
284,8530,Gümrük İşleri,İşletme,3226,EA
284,8530,Gümrük İşleri,Kamu Yönetimi,3237,EA
284,8530,Gümrük İşleri,Maliye,3254,EA
284,8530,Gümrük İşleri,Siyaset Bilimi ve Kamu Yönetimi,3314,EA
284,8530,Gümrük İşleri,Uluslararası İlişkiler,3352,EA
284,1178,Gümrük İşletme,Çalışma Ekonomisi ve Endüstri İlişkileri,3141,EA
284,1178,Gümrük İşletme,İktisat,3213,EA
284,1178,Gümrük İşletme,İşletme,3226,EA
284,1178,Gümrük İşletme,Kamu Yönetimi,3237,EA
284,1178,Gümrük İşletme,Maliye,3254,EA
284,1178,Gümrük İşletme,Siyaset Bilimi ve Kamu Yönetimi,3314,EA
284,1178,Gümrük İşletme,Uluslararası İlişkiler,3352,EA
284,9341,Hava Kuvvetleri Meslek Eğitimi,Çalışma Ekonomisi ve Endüstri İlişkileri,3141,EA
284,9341,Hava Kuvvetleri Meslek Eğitimi,İktisat,3213,EA
284,9341,Hava Kuvvetleri Meslek Eğitimi,İşletme,3226,EA
284,9341,Hava Kuvvetleri Meslek Eğitimi,Kamu Yönetimi,3237,EA
284,9341,Hava Kuvvetleri Meslek Eğitimi,Maliye,3254,EA
284,9341,Hava Kuvvetleri Meslek Eğitimi,Siyaset Bilimi ve Kamu Yönetimi,3314,EA
284,9341,Hava Kuvvetleri Meslek Eğitimi,Uluslararası İlişkiler,3352,EA
284,1199,Host ve Hosteslik / Host ve Hosteslik (Otobüs),Çalışma Ekonomisi ve Endüstri İlişkileri,3141,EA
284,1199,Host ve Hosteslik / Host ve Hosteslik (Otobüs),İktisat,3213,EA
284,1199,Host ve Hosteslik / Host ve Hosteslik (Otobüs),İşletme,3226,EA
284,1199,Host ve Hosteslik / Host ve Hosteslik (Otobüs),Kamu Yönetimi,3237,EA
284,1199,Host ve Hosteslik / Host ve Hosteslik (Otobüs),Maliye,3254,EA
284,1199,Host ve Hosteslik / Host ve Hosteslik (Otobüs),Siyaset Bilimi ve Kamu Yönetimi,3314,EA
284,1199,Host ve Hosteslik / Host ve Hosteslik (Otobüs),Uluslararası İlişkiler,3352,EA
284,9395,Hukuk Büro Yönetimi ve Sekreterliği,Çalışma Ekonomisi ve Endüstri İlişkileri,3141,EA
284,9395,Hukuk Büro Yönetimi ve Sekreterliği,İktisat,3213,EA
284,9395,Hukuk Büro Yönetimi ve Sekreterliği,İşletme,3226,EA
284,9395,Hukuk Büro Yönetimi ve Sekreterliği,Kamu Yönetimi,3237,EA
284,9395,Hukuk Büro Yönetimi ve Sekreterliği,Maliye,3254,EA
284,9395,Hukuk Büro Yönetimi ve Sekreterliği,Siyaset Bilimi ve Kamu Yönetimi,3314,EA
284,9395,Hukuk Büro Yönetimi ve Sekreterliği,Uluslararası İlişkiler,3352,EA
284,5338,İnsan Kaynakları,Çalışma Ekonomisi ve Endüstri İlişkileri,3141,EA
284,5338,İnsan Kaynakları,İktisat,3213,EA
284,5338,İnsan Kaynakları,İşletme,3226,EA
284,5338,İnsan Kaynakları,Kamu Yönetimi,3237,EA
284,5338,İnsan Kaynakları,Maliye,3254,EA
284,5338,İnsan Kaynakları,Siyaset Bilimi ve Kamu Yönetimi,3314,EA
284,5338,İnsan Kaynakları,Uluslararası İlişkiler,3352,EA
284,9073,İnsan Kaynakları Yönetimi,Çalışma Ekonomisi ve Endüstri İlişkileri,3141,EA
284,9073,İnsan Kaynakları Yönetimi,İktisat,3213,EA
284,9073,İnsan Kaynakları Yönetimi,İşletme,3226,EA
284,9073,İnsan Kaynakları Yönetimi,Kamu Yönetimi,3237,EA
284,9073,İnsan Kaynakları Yönetimi,Maliye,3254,EA
284,9073,İnsan Kaynakları Yönetimi,Siyaset Bilimi ve Kamu Yönetimi,3314,EA
284,9073,İnsan Kaynakları Yönetimi,Uluslararası İlişkiler,3352,EA
284,5339,İş İdaresi,Çalışma Ekonomisi ve Endüstri İlişkileri,3141,EA
284,5339,İş İdaresi,İktisat,3213,EA
284,5339,İş İdaresi,İşletme,3226,EA
284,5339,İş İdaresi,Kamu Yönetimi,3237,EA
284,5339,İş İdaresi,Maliye,3254,EA
284,5339,İş İdaresi,Siyaset Bilimi ve Kamu Yönetimi,3314,EA
284,5339,İş İdaresi,Uluslararası İlişkiler,3352,EA
284,5341,İşletme,Çalışma Ekonomisi ve Endüstri İlişkileri,3141,EA
284,5341,İşletme,İktisat,3213,EA
284,5341,İşletme,İşletme,3226,EA
284,5341,İşletme,Kamu Yönetimi,3237,EA
284,5341,İşletme,Maliye,3254,EA
284,5341,İşletme,Siyaset Bilimi ve Kamu Yönetimi,3314,EA
284,5341,İşletme,Uluslararası İlişkiler,3352,EA
284,1206,İşletme Organizasyonu ve Çiftlik Yönetimi,Çalışma Ekonomisi ve Endüstri İlişkileri,3141,EA
284,1206,İşletme Organizasyonu ve Çiftlik Yönetimi,İktisat,3213,EA
284,1206,İşletme Organizasyonu ve Çiftlik Yönetimi,İşletme,3226,EA
284,1206,İşletme Organizasyonu ve Çiftlik Yönetimi,Kamu Yönetimi,3237,EA
284,1206,İşletme Organizasyonu ve Çiftlik Yönetimi,Maliye,3254,EA
284,1206,İşletme Organizasyonu ve Çiftlik Yönetimi,Siyaset Bilimi ve Kamu Yönetimi,3314,EA
284,1206,İşletme Organizasyonu ve Çiftlik Yönetimi,Uluslararası İlişkiler,3352,EA
284,4296,İşletme Yönetimi,Çalışma Ekonomisi ve Endüstri İlişkileri,3141,EA
284,4296,İşletme Yönetimi,İktisat,3213,EA
284,4296,İşletme Yönetimi,İşletme,3226,EA
284,4296,İşletme Yönetimi,Kamu Yönetimi,3237,EA
284,4296,İşletme Yönetimi,Maliye,3254,EA
284,4296,İşletme Yönetimi,Siyaset Bilimi ve Kamu Yönetimi,3314,EA
284,4296,İşletme Yönetimi,Uluslararası İlişkiler,3352,EA
284,1207,İşletmecilik,Çalışma Ekonomisi ve Endüstri İlişkileri,3141,EA
284,1207,İşletmecilik,İktisat,3213,EA
284,1207,İşletmecilik,İşletme,3226,EA
284,1207,İşletmecilik,Kamu Yönetimi,3237,EA
284,1207,İşletmecilik,Maliye,3254,EA
284,1207,İşletmecilik,Siyaset Bilimi ve Kamu Yönetimi,3314,EA
284,1207,İşletmecilik,Uluslararası İlişkiler,3352,EA
284,9331,İşletme-Muhasebe,Çalışma Ekonomisi ve Endüstri İlişkileri,3141,EA
284,9331,İşletme-Muhasebe,İktisat,3213,EA
284,9331,İşletme-Muhasebe,İşletme,3226,EA
284,9331,İşletme-Muhasebe,Kamu Yönetimi,3237,EA
284,9331,İşletme-Muhasebe,Maliye,3254,EA
284,9331,İşletme-Muhasebe,Siyaset Bilimi ve Kamu Yönetimi,3314,EA
284,9331,İşletme-Muhasebe,Uluslararası İlişkiler,3352,EA
284,9295,Jandarma Meslek Eğitimi,Çalışma Ekonomisi ve Endüstri İlişkileri,3141,EA
284,9295,Jandarma Meslek Eğitimi,İktisat,3213,EA
284,9295,Jandarma Meslek Eğitimi,İşletme,3226,EA
284,9295,Jandarma Meslek Eğitimi,Kamu Yönetimi,3237,EA
284,9295,Jandarma Meslek Eğitimi,Maliye,3254,EA
284,9295,Jandarma Meslek Eğitimi,Siyaset Bilimi ve Kamu Yönetimi,3314,EA
284,9295,Jandarma Meslek Eğitimi,Uluslararası İlişkiler,3352,EA
285,2377,Kalite Kontrol,Çalışma Ekonomisi ve Endüstri İlişkileri,3141,EA
285,2377,Kalite Kontrol,İktisat,3213,EA
285,2377,Kalite Kontrol,İşletme,3226,EA
285,2377,Kalite Kontrol,Kamu Yönetimi,3237,EA
285,2377,Kalite Kontrol,Maliye,3254,EA
285,2377,Kalite Kontrol,Siyaset Bilimi ve Kamu Yönetimi,3314,EA
285,2377,Kalite Kontrol,Uluslararası İlişkiler Tur,3352,EA
285,9245,Kalite ve Ürün Yönetimi,Çalışma Ekonomisi ve Endüstri İlişkileri,3141,EA
285,9245,Kalite ve Ürün Yönetimi,İktisat,3213,EA
285,9245,Kalite ve Ürün Yönetimi,İşletme,3226,EA
285,9245,Kalite ve Ürün Yönetimi,Kamu Yönetimi,3237,EA
285,9245,Kalite ve Ürün Yönetimi,Maliye,3254,EA
285,9245,Kalite ve Ürün Yönetimi,Siyaset Bilimi ve Kamu Yönetimi,3314,EA
285,9245,Kalite ve Ürün Yönetimi,Uluslararası İlişkiler Tur,3352,EA
285,9182,Kamu Güvenlik ve Asayişin Sağlanması,Çalışma Ekonomisi ve Endüstri İlişkileri,3141,EA
285,9182,Kamu Güvenlik ve Asayişin Sağlanması,İktisat,3213,EA
285,9182,Kamu Güvenlik ve Asayişin Sağlanması,İşletme,3226,EA
285,9182,Kamu Güvenlik ve Asayişin Sağlanması,Kamu Yönetimi,3237,EA
285,9182,Kamu Güvenlik ve Asayişin Sağlanması,Maliye,3254,EA
285,9182,Kamu Güvenlik ve Asayişin Sağlanması,Siyaset Bilimi ve Kamu Yönetimi,3314,EA
285,9182,Kamu Güvenlik ve Asayişin Sağlanması,Uluslararası İlişkiler Tur,3352,EA
285,9342,Kara Kuvvetleri Meslek Eğitimi,Çalışma Ekonomisi ve Endüstri İlişkileri,3141,EA
285,9342,Kara Kuvvetleri Meslek Eğitimi,İktisat,3213,EA
285,9342,Kara Kuvvetleri Meslek Eğitimi,İşletme,3226,EA
285,9342,Kara Kuvvetleri Meslek Eğitimi,Kamu Yönetimi,3237,EA
285,9342,Kara Kuvvetleri Meslek Eğitimi,Maliye,3254,EA
285,9342,Kara Kuvvetleri Meslek Eğitimi,Siyaset Bilimi ve Kamu Yönetimi,3314,EA
285,9342,Kara Kuvvetleri Meslek Eğitimi,Uluslararası İlişkiler Tur,3352,EA
285,8538,Kargo / Kargo Hizmetleri,Çalışma Ekonomisi ve Endüstri İlişkileri,3141,EA
285,8538,Kargo / Kargo Hizmetleri,İktisat,3213,EA
285,8538,Kargo / Kargo Hizmetleri,İşletme,3226,EA
285,8538,Kargo / Kargo Hizmetleri,Kamu Yönetimi,3237,EA
285,8538,Kargo / Kargo Hizmetleri,Maliye,3254,EA
285,8538,Kargo / Kargo Hizmetleri,Siyaset Bilimi ve Kamu Yönetimi,3314,EA
285,8538,Kargo / Kargo Hizmetleri,Uluslararası İlişkiler Tur,3352,EA
285,1222,Kooperatifçilik,Çalışma Ekonomisi ve Endüstri İlişkileri,3141,EA
285,1222,Kooperatifçilik,İktisat,3213,EA
285,1222,Kooperatifçilik,İşletme,3226,EA
285,1222,Kooperatifçilik,Kamu Yönetimi,3237,EA
285,1222,Kooperatifçilik,Maliye,3254,EA
285,1222,Kooperatifçilik,Siyaset Bilimi ve Kamu Yönetimi,3314,EA
285,1222,Kooperatifçilik,Uluslararası İlişkiler Tur,3352,EA
285,9134,Kültürel Miras ve Turizm,Çalışma Ekonomisi ve Endüstri İlişkileri,3141,EA
285,9134,Kültürel Miras ve Turizm,İktisat,3213,EA
285,9134,Kültürel Miras ve Turizm,İşletme,3226,EA
285,9134,Kültürel Miras ve Turizm,Kamu Yönetimi,3237,EA
285,9134,Kültürel Miras ve Turizm,Maliye,3254,EA
285,9134,Kültürel Miras ve Turizm,Siyaset Bilimi ve Kamu Yönetimi,3314,EA
285,9134,Kültürel Miras ve Turizm,Uluslararası İlişkiler Tur,3352,EA
285,1229,Mağaza İşletmeciliği,Çalışma Ekonomisi ve Endüstri İlişkileri,3141,EA
285,1229,Mağaza İşletmeciliği,İktisat,3213,EA
285,1229,Mağaza İşletmeciliği,İşletme,3226,EA
285,1229,Mağaza İşletmeciliği,Kamu Yönetimi,3237,EA
285,1229,Mağaza İşletmeciliği,Maliye,3254,EA
285,1229,Mağaza İşletmeciliği,Siyaset Bilimi ve Kamu Yönetimi,3314,EA
285,1229,Mağaza İşletmeciliği,Uluslararası İlişkiler Tur,3352,EA
285,1230,Mahalli İdareler,Çalışma Ekonomisi ve Endüstri İlişkileri,3141,EA
285,1230,Mahalli İdareler,İktisat,3213,EA
285,1230,Mahalli İdareler,İşletme,3226,EA
285,1230,Mahalli İdareler,Kamu Yönetimi,3237,EA
285,1230,Mahalli İdareler,Maliye,3254,EA
285,1230,Mahalli İdareler,Siyaset Bilimi ve Kamu Yönetimi,3314,EA
285,1230,Mahalli İdareler,Uluslararası İlişkiler Tur,3352,EA
285,1231,Mahalli İdareler (Zabıta),Çalışma Ekonomisi ve Endüstri İlişkileri,3141,EA
285,1231,Mahalli İdareler (Zabıta),İktisat,3213,EA
285,1231,Mahalli İdareler (Zabıta),İşletme,3226,EA
285,1231,Mahalli İdareler (Zabıta),Kamu Yönetimi,3237,EA
285,1231,Mahalli İdareler (Zabıta),Maliye,3254,EA
285,1231,Mahalli İdareler (Zabıta),Siyaset Bilimi ve Kamu Yönetimi,3314,EA
285,1231,Mahalli İdareler (Zabıta),Uluslararası İlişkiler Tur,3352,EA
285,1235,Maliye,Çalışma Ekonomisi ve Endüstri İlişkileri,3141,EA
285,1235,Maliye,İktisat,3213,EA
285,1235,Maliye,İşletme,3226,EA
285,1235,Maliye,Kamu Yönetimi,3237,EA
285,1235,Maliye,Maliye,3254,EA
285,1235,Maliye,Siyaset Bilimi ve Kamu Yönetimi,3314,EA
285,1235,Maliye,Uluslararası İlişkiler Tur,3352,EA
285,9228,Marina İşletme,Çalışma Ekonomisi ve Endüstri İlişkileri,3141,EA
285,9228,Marina İşletme,İktisat,3213,EA
285,9228,Marina İşletme,İşletme,3226,EA
285,9228,Marina İşletme,Kamu Yönetimi,3237,EA
285,9228,Marina İşletme,Maliye,3254,EA
285,9228,Marina İşletme,Siyaset Bilimi ve Kamu Yönetimi,3314,EA
285,9228,Marina İşletme,Uluslararası İlişkiler Tur,3352,EA
285,9393,Marina ve Yat İşletmeciliği,Çalışma Ekonomisi ve Endüstri İlişkileri,3141,EA
285,9393,Marina ve Yat İşletmeciliği,İktisat,3213,EA
285,9393,Marina ve Yat İşletmeciliği,İşletme,3226,EA
285,9393,Marina ve Yat İşletmeciliği,Kamu Yönetimi,3237,EA
285,9393,Marina ve Yat İşletmeciliği,Maliye,3254,EA
285,9393,Marina ve Yat İşletmeciliği,Siyaset Bilimi ve Kamu Yönetimi,3314,EA
285,9393,Marina ve Yat İşletmeciliği,Uluslararası İlişkiler Tur,3352,EA
285,9133,Medya ve İletişim,Çalışma Ekonomisi ve Endüstri İlişkileri,3141,EA
285,9133,Medya ve İletişim,İktisat,3213,EA
285,9133,Medya ve İletişim,İşletme,3226,EA
285,9133,Medya ve İletişim,Kamu Yönetimi,3237,EA
285,9133,Medya ve İletişim,Maliye,3254,EA
285,9133,Medya ve İletişim,Siyaset Bilimi ve Kamu Yönetimi,3314,EA
285,9133,Medya ve İletişim,Uluslararası İlişkiler Tur,3352,EA
285,8611,Menkul Kıymetler ve Sermaye Piyasası,Çalışma Ekonomisi ve Endüstri İlişkileri,3141,EA
285,8611,Menkul Kıymetler ve Sermaye Piyasası,İktisat,3213,EA
285,8611,Menkul Kıymetler ve Sermaye Piyasası,İşletme,3226,EA
285,8611,Menkul Kıymetler ve Sermaye Piyasası,Kamu Yönetimi,3237,EA
285,8611,Menkul Kıymetler ve Sermaye Piyasası,Maliye,3254,EA
285,8611,Menkul Kıymetler ve Sermaye Piyasası,Siyaset Bilimi ve Kamu Yönetimi,3314,EA
285,8611,Menkul Kıymetler ve Sermaye Piyasası,Uluslararası İlişkiler Tur,3352,EA
285,1249,Muhasebe,Çalışma Ekonomisi ve Endüstri İlişkileri,3141,EA
285,1249,Muhasebe,İktisat,3213,EA
285,1249,Muhasebe,İşletme,3226,EA
285,1249,Muhasebe,Kamu Yönetimi,3237,EA
285,1249,Muhasebe,Maliye,3254,EA
285,1249,Muhasebe,Siyaset Bilimi ve Kamu Yönetimi,3314,EA
285,1249,Muhasebe,Uluslararası İlişkiler Tur,3352,EA
285,9032,Muhasebe ve Vergi Uygulamaları,Çalışma Ekonomisi ve Endüstri İlişkileri,3141,EA
285,9032,Muhasebe ve Vergi Uygulamaları,İktisat,3213,EA
285,9032,Muhasebe ve Vergi Uygulamaları,İşletme,3226,EA
285,9032,Muhasebe ve Vergi Uygulamaları,Kamu Yönetimi,3237,EA
285,9032,Muhasebe ve Vergi Uygulamaları,Maliye,3254,EA
285,9032,Muhasebe ve Vergi Uygulamaları,Siyaset Bilimi ve Kamu Yönetimi,3314,EA
285,9032,Muhasebe ve Vergi Uygulamaları,Uluslararası İlişkiler Tur,3352,EA
285,8549,Orta Kademe Banka-Sigorta Yönetimi,Çalışma Ekonomisi ve Endüstri İlişkileri,3141,EA
285,8549,Orta Kademe Banka-Sigorta Yönetimi,İktisat,3213,EA
285,8549,Orta Kademe Banka-Sigorta Yönetimi,İşletme,3226,EA
285,8549,Orta Kademe Banka-Sigorta Yönetimi,Kamu Yönetimi,3237,EA
285,8549,Orta Kademe Banka-Sigorta Yönetimi,Maliye,3254,EA
285,8549,Orta Kademe Banka-Sigorta Yönetimi,Siyaset Bilimi ve Kamu Yönetimi,3314,EA
285,8549,Orta Kademe Banka-Sigorta Yönetimi,Uluslararası İlişkiler Tur,3352,EA
285,1254,Orta Kademe Yöneticiliği / Orta Kademe Yöneticilik,Çalışma Ekonomisi ve Endüstri İlişkileri,3141,EA
285,1254,Orta Kademe Yöneticiliği / Orta Kademe Yöneticilik,İktisat,3213,EA
285,1254,Orta Kademe Yöneticiliği / Orta Kademe Yöneticilik,İşletme,3226,EA
285,1254,Orta Kademe Yöneticiliği / Orta Kademe Yöneticilik,Kamu Yönetimi,3237,EA
285,1254,Orta Kademe Yöneticiliği / Orta Kademe Yöneticilik,Maliye,3254,EA
285,1254,Orta Kademe Yöneticiliği / Orta Kademe Yöneticilik,Siyaset Bilimi ve Kamu Yönetimi,3314,EA
285,1254,Orta Kademe Yöneticiliği / Orta Kademe Yöneticilik,Uluslararası İlişkiler Tur,3352,EA
285,1255,Otel Yöneticiliği,Çalışma Ekonomisi ve Endüstri İlişkileri,3141,EA
285,1255,Otel Yöneticiliği,İktisat,3213,EA
285,1255,Otel Yöneticiliği,İşletme,3226,EA
285,1255,Otel Yöneticiliği,Kamu Yönetimi,3237,EA
285,1255,Otel Yöneticiliği,Maliye,3254,EA
285,1255,Otel Yöneticiliği,Siyaset Bilimi ve Kamu Yönetimi,3314,EA
285,1255,Otel Yöneticiliği,Uluslararası İlişkiler Tur,3352,EA
285,6259,Otobüs İşletmeciliği,Çalışma Ekonomisi ve Endüstri İlişkileri,3141,EA
285,6259,Otobüs İşletmeciliği,İktisat,3213,EA
285,6259,Otobüs İşletmeciliği,İşletme,3226,EA
285,6259,Otobüs İşletmeciliği,Kamu Yönetimi,3237,EA
285,6259,Otobüs İşletmeciliği,Maliye,3254,EA
285,6259,Otobüs İşletmeciliği,Siyaset Bilimi ve Kamu Yönetimi,3314,EA
285,6259,Otobüs İşletmeciliği,Uluslararası İlişkiler Tur,3352,EA
285,9258,Otobüsçülük Yer Hizmetleri,Çalışma Ekonomisi ve Endüstri İlişkileri,3141,EA
285,9258,Otobüsçülük Yer Hizmetleri,İktisat,3213,EA
285,9258,Otobüsçülük Yer Hizmetleri,İşletme,3226,EA
285,9258,Otobüsçülük Yer Hizmetleri,Kamu Yönetimi,3237,EA
285,9258,Otobüsçülük Yer Hizmetleri,Maliye,3254,EA
285,9258,Otobüsçülük Yer Hizmetleri,Siyaset Bilimi ve Kamu Yönetimi,3314,EA
285,9258,Otobüsçülük Yer Hizmetleri,Uluslararası İlişkiler Tur,3352,EA
285,5355,Para ve Sermaye Yönetimi,Çalışma Ekonomisi ve Endüstri İlişkileri,3141,EA
285,5355,Para ve Sermaye Yönetimi,İktisat,3213,EA
285,5355,Para ve Sermaye Yönetimi,İşletme,3226,EA
285,5355,Para ve Sermaye Yönetimi,Kamu Yönetimi,3237,EA
285,5355,Para ve Sermaye Yönetimi,Maliye,3254,EA
285,5355,Para ve Sermaye Yönetimi,Siyaset Bilimi ve Kamu Yönetimi,3314,EA
285,5355,Para ve Sermaye Yönetimi,Uluslararası İlişkiler Tur,3352,EA
285,6271,Personel Yönetimi,Çalışma Ekonomisi ve Endüstri İlişkileri,3141,EA
285,6271,Personel Yönetimi,İktisat,3213,EA
285,6271,Personel Yönetimi,İşletme,3226,EA
285,6271,Personel Yönetimi,Kamu Yönetimi,3237,EA
285,6271,Personel Yönetimi,Maliye,3254,EA
285,6271,Personel Yönetimi,Siyaset Bilimi ve Kamu Yönetimi,3314,EA
285,6271,Personel Yönetimi,Uluslararası İlişkiler Tur,3352,EA
285,9338,Polis Meslek Eğitimi,Çalışma Ekonomisi ve Endüstri İlişkileri,3141,EA
285,9338,Polis Meslek Eğitimi,İktisat,3213,EA
285,9338,Polis Meslek Eğitimi,İşletme,3226,EA
285,9338,Polis Meslek Eğitimi,Kamu Yönetimi,3237,EA
285,9338,Polis Meslek Eğitimi,Maliye,3254,EA
285,9338,Polis Meslek Eğitimi,Siyaset Bilimi ve Kamu Yönetimi,3314,EA
285,9338,Polis Meslek Eğitimi,Uluslararası İlişkiler Tur,3352,EA
285,9449,Polis Meslek Yüksekokulu,Çalışma Ekonomisi ve Endüstri İlişkileri,3141,EA
285,9449,Polis Meslek Yüksekokulu,İktisat,3213,EA
285,9449,Polis Meslek Yüksekokulu,İşletme,3226,EA
285,9449,Polis Meslek Yüksekokulu,Kamu Yönetimi,3237,EA
285,9449,Polis Meslek Yüksekokulu,Maliye,3254,EA
285,9449,Polis Meslek Yüksekokulu,Siyaset Bilimi ve Kamu Yönetimi,3314,EA
285,9449,Polis Meslek Yüksekokulu,Uluslararası İlişkiler Tur,3352,EA
285,8623,Raylı Sistemler İşletmeciliği,Çalışma Ekonomisi ve Endüstri İlişkileri,3141,EA
285,8623,Raylı Sistemler İşletmeciliği,İktisat,3213,EA
285,8623,Raylı Sistemler İşletmeciliği,İşletme,3226,EA
285,8623,Raylı Sistemler İşletmeciliği,Kamu Yönetimi,3237,EA
285,8623,Raylı Sistemler İşletmeciliği,Maliye,3254,EA
285,8623,Raylı Sistemler İşletmeciliği,Siyaset Bilimi ve Kamu Yönetimi,3314,EA
285,8623,Raylı Sistemler İşletmeciliği,Uluslararası İlişkiler Tur,3352,EA
285,9257,Sermaye Piyasası ve Borsa,Çalışma Ekonomisi ve Endüstri İlişkileri,3141,EA
285,9257,Sermaye Piyasası ve Borsa,İktisat,3213,EA
285,9257,Sermaye Piyasası ve Borsa,İşletme,3226,EA
285,9257,Sermaye Piyasası ve Borsa,Kamu Yönetimi,3237,EA
285,9257,Sermaye Piyasası ve Borsa,Maliye,3254,EA
285,9257,Sermaye Piyasası ve Borsa,Siyaset Bilimi ve Kamu Yönetimi,3314,EA
285,9257,Sermaye Piyasası ve Borsa,Uluslararası İlişkiler Tur,3352,EA
285,4351,Sevk ve İdare,Çalışma Ekonomisi ve Endüstri İlişkileri,3141,EA
285,4351,Sevk ve İdare,İktisat,3213,EA
285,4351,Sevk ve İdare,İşletme,3226,EA
285,4351,Sevk ve İdare,Kamu Yönetimi,3237,EA
285,4351,Sevk ve İdare,Maliye,3254,EA
285,4351,Sevk ve İdare,Siyaset Bilimi ve Kamu Yönetimi,3314,EA
285,4351,Sevk ve İdare,Uluslararası İlişkiler Tur,3352,EA
285,1300,Seyahat İşletmeciliği,Çalışma Ekonomisi ve Endüstri İlişkileri,3141,EA
285,1300,Seyahat İşletmeciliği,İktisat,3213,EA
285,1300,Seyahat İşletmeciliği,İşletme,3226,EA
285,1300,Seyahat İşletmeciliği,Kamu Yönetimi,3237,EA
285,1300,Seyahat İşletmeciliği,Maliye,3254,EA
285,1300,Seyahat İşletmeciliği,Siyaset Bilimi ve Kamu Yönetimi,3314,EA
285,1300,Seyahat İşletmeciliği,Uluslararası İlişkiler Tur,3352,EA
285,1301,Seyahat İşletmeciliği ve Tur Operatörlüğü,Çalışma Ekonomisi ve Endüstri İlişkileri,3141,EA
285,1301,Seyahat İşletmeciliği ve Tur Operatörlüğü,İktisat,3213,EA
285,1301,Seyahat İşletmeciliği ve Tur Operatörlüğü,İşletme,3226,EA
285,1301,Seyahat İşletmeciliği ve Tur Operatörlüğü,Kamu Yönetimi,3237,EA
285,1301,Seyahat İşletmeciliği ve Tur Operatörlüğü,Maliye,3254,EA
285,1301,Seyahat İşletmeciliği ve Tur Operatörlüğü,Siyaset Bilimi ve Kamu Yönetimi,3314,EA
285,1301,Seyahat İşletmeciliği ve Tur Operatörlüğü,Uluslararası İlişkiler Tur,3352,EA
285,1302,İşletmeciliği,Çalışma Ekonomisi ve Endüstri İlişkileri,3141,EA
285,1302,İşletmeciliği,İktisat,3213,EA
285,1302,İşletmeciliği,İşletme,3226,EA
285,1302,İşletmeciliği,Kamu Yönetimi,3237,EA
285,1302,İşletmeciliği,Maliye,3254,EA
285,1302,İşletmeciliği,Siyaset Bilimi ve Kamu Yönetimi,3314,EA
285,1302,İşletmeciliği,Uluslararası İlişkiler Tur,3352,EA
285,9184,Seyahat ve Turizm İşletmeciliği,Çalışma Ekonomisi ve Endüstri İlişkileri,3141,EA
285,9184,Seyahat ve Turizm İşletmeciliği,İktisat,3213,EA
285,9184,Seyahat ve Turizm İşletmeciliği,İşletme,3226,EA
285,9184,Seyahat ve Turizm İşletmeciliği,Kamu Yönetimi,3237,EA
285,9184,Seyahat ve Turizm İşletmeciliği,Maliye,3254,EA
285,9184,Seyahat ve Turizm İşletmeciliği,Siyaset Bilimi ve Kamu Yönetimi,3314,EA
285,9184,Seyahat ve Turizm İşletmeciliği,Uluslararası İlişkiler Tur,3352,EA
285,1303,Sigortacılık,Çalışma Ekonomisi ve Endüstri İlişkileri,3141,EA
285,1303,Sigortacılık,İktisat,3213,EA
285,1303,Sigortacılık,İşletme,3226,EA
285,1303,Sigortacılık,Kamu Yönetimi,3237,EA
285,1303,Sigortacılık,Maliye,3254,EA
285,1303,Sigortacılık,Siyaset Bilimi ve Kamu Yönetimi,3314,EA
285,1303,Sigortacılık,Uluslararası İlişkiler Tur,3352,EA
285,9098,Sosyal Güvenlik,Çalışma Ekonomisi ve Endüstri İlişkileri,3141,EA
285,9098,Sosyal Güvenlik,İktisat,3213,EA
285,9098,Sosyal Güvenlik,İşletme,3226,EA
285,9098,Sosyal Güvenlik,Kamu Yönetimi,3237,EA
285,9098,Sosyal Güvenlik,Maliye,3254,EA
285,9098,Sosyal Güvenlik,Siyaset Bilimi ve Kamu Yönetimi,3314,EA
285,9098,Sosyal Güvenlik,Uluslararası İlişkiler Tur,3352,EA
285,9130,Spor Yönetimi,Çalışma Ekonomisi ve Endüstri İlişkileri,3141,EA
285,9130,Spor Yönetimi,İktisat,3213,EA
285,9130,Spor Yönetimi,İşletme,3226,EA
285,9130,Spor Yönetimi,Kamu Yönetimi,3237,EA
285,9130,Spor Yönetimi,Maliye,3254,EA
285,9130,Spor Yönetimi,Siyaset Bilimi ve Kamu Yönetimi,3314,EA
285,9130,Spor Yönetimi,Uluslararası İlişkiler Tur,3352,EA
285,9253,Tarım İşletmeciliği,Çalışma Ekonomisi ve Endüstri İlişkileri,3141,EA
285,9253,Tarım İşletmeciliği,İktisat,3213,EA
285,9253,Tarım İşletmeciliği,İşletme,3226,EA
285,9253,Tarım İşletmeciliği,Kamu Yönetimi,3237,EA
285,9253,Tarım İşletmeciliği,Maliye,3254,EA
285,9253,Tarım İşletmeciliği,Siyaset Bilimi ve Kamu Yönetimi,3314,EA
285,9253,Tarım İşletmeciliği,Uluslararası İlişkiler Tur,3352,EA
285,8635,Tarım İşletmeciliği ve Pazarlama,Çalışma Ekonomisi ve Endüstri İlişkileri,3141,EA
285,8635,Tarım İşletmeciliği ve Pazarlama,İktisat,3213,EA
285,8635,Tarım İşletmeciliği ve Pazarlama,İşletme,3226,EA
285,8635,Tarım İşletmeciliği ve Pazarlama,Kamu Yönetimi,3237,EA
285,8635,Tarım İşletmeciliği ve Pazarlama,Maliye,3254,EA
285,8635,Tarım İşletmeciliği ve Pazarlama,Siyaset Bilimi ve Kamu Yönetimi,3314,EA
285,8635,Tarım İşletmeciliği ve Pazarlama,Uluslararası İlişkiler Tur,3352,EA
285,5364,Tarım İşletmeciliği ve Pazarlama ve Depolanması,Çalışma Ekonomisi ve Endüstri İlişkileri,3141,EA
285,5364,Tarım İşletmeciliği ve Pazarlama ve Depolanması,İktisat,3213,EA
285,5364,Tarım İşletmeciliği ve Pazarlama ve Depolanması,İşletme,3226,EA
285,5364,Tarım İşletmeciliği ve Pazarlama ve Depolanması,Kamu Yönetimi,3237,EA
285,5364,Tarım İşletmeciliği ve Pazarlama ve Depolanması,Maliye,3254,EA
285,5364,Tarım İşletmeciliği ve Pazarlama ve Depolanması,Siyaset Bilimi ve Kamu Yönetimi,3314,EA
285,5364,Tarım İşletmeciliği ve Pazarlama ve Depolanması,Uluslararası İlişkiler Tur,3352,EA
285,5366,Tarımsal İşletmecilik,Çalışma Ekonomisi ve Endüstri İlişkileri,3141,EA
285,5366,Tarımsal İşletmecilik,İktisat,3213,EA
285,5366,Tarımsal İşletmecilik,İşletme,3226,EA
285,5366,Tarımsal İşletmecilik,Kamu Yönetimi,3237,EA
285,5366,Tarımsal İşletmecilik,Maliye,3254,EA
285,5366,Tarımsal İşletmecilik,Siyaset Bilimi ve Kamu Yönetimi,3314,EA
285,5366,Tarımsal İşletmecilik,Uluslararası İlişkiler Tur,3352,EA
285,1314,Tarımsal Kooperatifçilik,Çalışma Ekonomisi ve Endüstri İlişkileri,3141,EA
285,1314,Tarımsal Kooperatifçilik,İktisat,3213,EA
285,1314,Tarımsal Kooperatifçilik,İşletme,3226,EA
285,1314,Tarımsal Kooperatifçilik,Kamu Yönetimi,3237,EA
285,1314,Tarımsal Kooperatifçilik,Maliye,3254,EA
285,1314,Tarımsal Kooperatifçilik,Siyaset Bilimi ve Kamu Yönetimi,3314,EA
285,1314,Tarımsal Kooperatifçilik,Uluslararası İlişkiler Tur,3352,EA
285,1316,Tarımsal Pazarlama,Çalışma Ekonomisi ve Endüstri İlişkileri,3141,EA
285,1316,Tarımsal Pazarlama,İktisat,3213,EA
285,1316,Tarımsal Pazarlama,İşletme,3226,EA
285,1316,Tarımsal Pazarlama,Kamu Yönetimi,3237,EA
285,1316,Tarımsal Pazarlama,Maliye,3254,EA
285,1316,Tarımsal Pazarlama,Siyaset Bilimi ve Kamu Yönetimi,3314,EA
285,1316,Tarımsal Pazarlama,Uluslararası İlişkiler Tur,3352,EA
285,1333,Ticaret ve Yönetim,Çalışma Ekonomisi ve Endüstri İlişkileri,3141,EA
285,1333,Ticaret ve Yönetim,İktisat,3213,EA
285,1333,Ticaret ve Yönetim,İşletme,3226,EA
285,1333,Ticaret ve Yönetim,Kamu Yönetimi,3237,EA
285,1333,Ticaret ve Yönetim,Maliye,3254,EA
285,1333,Ticaret ve Yönetim,Siyaset Bilimi ve Kamu Yönetimi,3314,EA
285,1333,Ticaret ve Yönetim,Uluslararası İlişkiler Tur,3352,EA
285,8573,Turizm,Çalışma Ekonomisi ve Endüstri İlişkileri,3141,EA
285,8573,Turizm,İktisat,3213,EA
285,8573,Turizm,İşletme,3226,EA
285,8573,Turizm,Kamu Yönetimi,3237,EA
285,8573,Turizm,Maliye,3254,EA
285,8573,Turizm,Siyaset Bilimi ve Kamu Yönetimi,3314,EA
285,8573,Turizm,Uluslararası İlişkiler Tur,3352,EA
286,1335,Turizm İşletmeciliği,Çalışma Ekonomisi ve Endüstri İlişkileri,3141,EA
286,1335,Turizm İşletmeciliği,İktisat,3213,EA
286,1335,Turizm İşletmeciliği,İşletme,3226,EA
286,1335,Turizm İşletmeciliği,Kamu Yönetimi,3237,EA
286,1335,Turizm İşletmeciliği,Maliye,3254,EA
286,1335,Turizm İşletmeciliği,Siyaset Bilimi ve Kamu Yönetimi,3314,EA
286,1335,Turizm İşletmeciliği,Uluslararası İlişkiler,3352,EA
286,1336,Turizm İşletmeciliği ve Otelcilik,Çalışma Ekonomisi ve Endüstri İlişkileri,3141,EA
286,1336,Turizm İşletmeciliği ve Otelcilik,İktisat,3213,EA
286,1336,Turizm İşletmeciliği ve Otelcilik,İşletme,3226,EA
286,1336,Turizm İşletmeciliği ve Otelcilik,Kamu Yönetimi,3237,EA
286,1336,Turizm İşletmeciliği ve Otelcilik,Maliye,3254,EA
286,1336,Turizm İşletmeciliği ve Otelcilik,Siyaset Bilimi ve Kamu Yönetimi,3314,EA
286,1336,Turizm İşletmeciliği ve Otelcilik,Uluslararası İlişkiler,3352,EA
286,8574,Turizm Otel Yöneticiliği / Turizm ve Otel Yöneticiliği,Çalışma Ekonomisi ve Endüstri İlişkileri,3141,EA
286,8574,Turizm Otel Yöneticiliği / Turizm ve Otel Yöneticiliği,İktisat,3213,EA
286,8574,Turizm Otel Yöneticiliği / Turizm ve Otel Yöneticiliği,İşletme,3226,EA
286,8574,Turizm Otel Yöneticiliği / Turizm ve Otel Yöneticiliği,Kamu Yönetimi,3237,EA
286,8574,Turizm Otel Yöneticiliği / Turizm ve Otel Yöneticiliği,Maliye,3254,EA
286,8574,Turizm Otel Yöneticiliği / Turizm ve Otel Yöneticiliği,Siyaset Bilimi ve Kamu Yönetimi,3314,EA
286,8574,Turizm Otel Yöneticiliği / Turizm ve Otel Yöneticiliği,Uluslararası İlişkiler,3352,EA
286,4374,Turizm ve Konaklama İşletmeciliği,Çalışma Ekonomisi ve Endüstri İlişkileri,3141,EA
286,4374,Turizm ve Konaklama İşletmeciliği,İktisat,3213,EA
286,4374,Turizm ve Konaklama İşletmeciliği,İşletme,3226,EA
286,4374,Turizm ve Konaklama İşletmeciliği,Kamu Yönetimi,3237,EA
286,4374,Turizm ve Konaklama İşletmeciliği,Maliye,3254,EA
286,4374,Turizm ve Konaklama İşletmeciliği,Siyaset Bilimi ve Kamu Yönetimi,3314,EA
286,4374,Turizm ve Konaklama İşletmeciliği,Uluslararası İlişkiler,3352,EA
286,5368,Turizm ve Otel İşletmeciliği,Çalışma Ekonomisi ve Endüstri İlişkileri,3141,EA
286,5368,Turizm ve Otel İşletmeciliği,İktisat,3213,EA
286,5368,Turizm ve Otel İşletmeciliği,İşletme,3226,EA
286,5368,Turizm ve Otel İşletmeciliği,Kamu Yönetimi,3237,EA
286,5368,Turizm ve Otel İşletmeciliği,Maliye,3254,EA
286,5368,Turizm ve Otel İşletmeciliği,Siyaset Bilimi ve Kamu Yönetimi,3314,EA
286,5368,Turizm ve Otel İşletmeciliği,Uluslararası İlişkiler,3352,EA
286,1338,Turizm ve Otelcilik / Turizm-Otelcilik,Çalışma Ekonomisi ve Endüstri İlişkileri,3141,EA
286,1338,Turizm ve Otelcilik / Turizm-Otelcilik,İktisat,3213,EA
286,1338,Turizm ve Otelcilik / Turizm-Otelcilik,İşletme,3226,EA
286,1338,Turizm ve Otelcilik / Turizm-Otelcilik,Kamu Yönetimi,3237,EA
286,1338,Turizm ve Otelcilik / Turizm-Otelcilik,Maliye,3254,EA
286,1338,Turizm ve Otelcilik / Turizm-Otelcilik,Siyaset Bilimi ve Kamu Yönetimi,3314,EA
286,1338,Turizm ve Otelcilik / Turizm-Otelcilik,Uluslararası İlişkiler,3352,EA
286,9078,Turizm ve Seyahat Hizmetleri,Çalışma Ekonomisi ve Endüstri İlişkileri,3141,EA
286,9078,Turizm ve Seyahat Hizmetleri,İktisat,3213,EA
286,9078,Turizm ve Seyahat Hizmetleri,İşletme,3226,EA
286,9078,Turizm ve Seyahat Hizmetleri,Kamu Yönetimi,3237,EA
286,9078,Turizm ve Seyahat Hizmetleri,Maliye,3254,EA
286,9078,Turizm ve Seyahat Hizmetleri,Siyaset Bilimi ve Kamu Yönetimi,3314,EA
286,9078,Turizm ve Seyahat Hizmetleri,Uluslararası İlişkiler,3352,EA
286,5370,Turizm ve Seyahat İşletmeciliği,Çalışma Ekonomisi ve Endüstri İlişkileri,3141,EA
286,5370,Turizm ve Seyahat İşletmeciliği,İktisat,3213,EA
286,5370,Turizm ve Seyahat İşletmeciliği,İşletme,3226,EA
286,5370,Turizm ve Seyahat İşletmeciliği,Kamu Yönetimi,3237,EA
286,5370,Turizm ve Seyahat İşletmeciliği,Maliye,3254,EA
286,5370,Turizm ve Seyahat İşletmeciliği,Siyaset Bilimi ve Kamu Yönetimi,3314,EA
286,5370,Turizm ve Seyahat İşletmeciliği,Uluslararası İlişkiler,3352,EA
286,9529,Turizm ve Seyahat Otel İşletmeciliği,Çalışma Ekonomisi ve Endüstri İlişkileri,3141,EA
286,9529,Turizm ve Seyahat Otel İşletmeciliği,İktisat,3213,EA
286,9529,Turizm ve Seyahat Otel İşletmeciliği,İşletme,3226,EA
286,9529,Turizm ve Seyahat Otel İşletmeciliği,Kamu Yönetimi,3237,EA
286,9529,Turizm ve Seyahat Otel İşletmeciliği,Maliye,3254,EA
286,9529,Turizm ve Seyahat Otel İşletmeciliği,Siyaset Bilimi ve Kamu Yönetimi,3314,EA
286,9529,Turizm ve Seyahat Otel İşletmeciliği,Uluslararası İlişkiler,3352,EA
286,1339,Turizm Yönetimi,Çalışma Ekonomisi ve Endüstri İlişkileri,3141,EA
286,1339,Turizm Yönetimi,İktisat,3213,EA
286,1339,Turizm Yönetimi,İşletme,3226,EA
286,1339,Turizm Yönetimi,Kamu Yönetimi,3237,EA
286,1339,Turizm Yönetimi,Maliye,3254,EA
286,1339,Turizm Yönetimi,Siyaset Bilimi ve Kamu Yönetimi,3314,EA
286,1339,Turizm Yönetimi,Uluslararası İlişkiler,3352,EA
286,8575,"Turizm, Konaklama ve Otel İşletmeciliği",Çalışma Ekonomisi ve Endüstri İlişkileri,3141,EA
286,8575,"Turizm, Konaklama ve Otel İşletmeciliği",İktisat,3213,EA
286,8575,"Turizm, Konaklama ve Otel İşletmeciliği",İşletme,3226,EA
286,8575,"Turizm, Konaklama ve Otel İşletmeciliği",Kamu Yönetimi,3237,EA
286,8575,"Turizm, Konaklama ve Otel İşletmeciliği",Maliye,3254,EA
286,8575,"Turizm, Konaklama ve Otel İşletmeciliği",Siyaset Bilimi ve Kamu Yönetimi,3314,EA
286,8575,"Turizm, Konaklama ve Otel İşletmeciliği",Uluslararası İlişkiler,3352,EA
286,1214,Üretimde Kalite Kontrol,Çalışma Ekonomisi ve Endüstri İlişkileri,3141,EA
286,1214,Üretimde Kalite Kontrol,İktisat,3213,EA
286,1214,Üretimde Kalite Kontrol,İşletme,3226,EA
286,1214,Üretimde Kalite Kontrol,Kamu Yönetimi,3237,EA
286,1214,Üretimde Kalite Kontrol,Maliye,3254,EA
286,1214,Üretimde Kalite Kontrol,Siyaset Bilimi ve Kamu Yönetimi,3314,EA
286,1214,Üretimde Kalite Kontrol,Uluslararası İlişkiler,3352,EA
286,9013,Yat İşletme ve Yönetimi,Çalışma Ekonomisi ve Endüstri İlişkileri,3141,EA
286,9013,Yat İşletme ve Yönetimi,İktisat,3213,EA
286,9013,Yat İşletme ve Yönetimi,İşletme,3226,EA
286,9013,Yat İşletme ve Yönetimi,Kamu Yönetimi,3237,EA
286,9013,Yat İşletme ve Yönetimi,Maliye,3254,EA
286,9013,Yat İşletme ve Yönetimi,Siyaset Bilimi ve Kamu Yönetimi,3314,EA
286,9013,Yat İşletme ve Yönetimi,Uluslararası İlişkiler,3352,EA
286,5378,Yatçılık ve Yat İşletmeciliği,Çalışma Ekonomisi ve Endüstri İlişkileri,3141,EA
286,5378,Yatçılık ve Yat İşletmeciliği,İktisat,3213,EA
286,5378,Yatçılık ve Yat İşletmeciliği,İşletme,3226,EA
286,5378,Yatçılık ve Yat İşletmeciliği,Kamu Yönetimi,3237,EA
286,5378,Yatçılık ve Yat İşletmeciliği,Maliye,3254,EA
286,5378,Yatçılık ve Yat İşletmeciliği,Siyaset Bilimi ve Kamu Yönetimi,3314,EA
286,5378,Yatçılık ve Yat İşletmeciliği,Uluslararası İlişkiler,3352,EA
286,8580,Yerel Yönetimler,Çalışma Ekonomisi ve Endüstri İlişkileri,3141,EA
286,8580,Yerel Yönetimler,İktisat,3213,EA
286,8580,Yerel Yönetimler,İşletme,3226,EA
286,8580,Yerel Yönetimler,Kamu Yönetimi,3237,EA
286,8580,Yerel Yönetimler,Maliye,3254,EA
286,8580,Yerel Yönetimler,Siyaset Bilimi ve Kamu Yönetimi,3314,EA
286,8580,Yerel Yönetimler,Uluslararası İlişkiler,3352,EA
286,9590,Yöneticilik,Çalışma Ekonomisi ve Endüstri İlişkileri,3141,EA
286,9590,Yöneticilik,İktisat,3213,EA
286,9590,Yöneticilik,İşletme,3226,EA
286,9590,Yöneticilik,Kamu Yönetimi,3237,EA
286,9590,Yöneticilik,Maliye,3254,EA
286,9590,Yöneticilik,Siyaset Bilimi ve Kamu Yönetimi,3314,EA
286,9590,Yöneticilik,Uluslararası İlişkiler,3352,EA
286,4406,Yönetim,Çalışma Ekonomisi ve Endüstri İlişkileri,3141,EA
286,4406,Yönetim,İktisat,3213,EA
286,4406,Yönetim,İşletme,3226,EA
286,4406,Yönetim,Kamu Yönetimi,3237,EA
286,4406,Yönetim,Maliye,3254,EA
286,4406,Yönetim,Siyaset Bilimi ve Kamu Yönetimi,3314,EA
286,4406,Yönetim,Uluslararası İlişkiler,3352,EA
287,1368,Basım ve Yayım Teknolojileri,Halkla İlişkiler ve Reklamcılık,5111,SÖZ
287,1368,Basım ve Yayım Teknolojileri,Halkla İlişkiler ve Tanıtım,3198,SÖZ
287,1368,Basım ve Yayım Teknolojileri,Reklamcılık,3291,SÖZ
287,9010,Basım ve Yayın Teknolojileri,Halkla İlişkiler ve Reklamcılık,5111,SÖZ
287,9010,Basım ve Yayın Teknolojileri,Halkla İlişkiler ve Tanıtım,3198,SÖZ
287,9010,Basım ve Yayın Teknolojileri,Reklamcılık,3291,SÖZ
287,4214,Basın ve Yayıncılık,Halkla İlişkiler ve Reklamcılık,5111,SÖZ
287,4214,Basın ve Yayıncılık,Halkla İlişkiler ve Tanıtım,3198,SÖZ
287,4214,Basın ve Yayıncılık,Reklamcılık,3291,SÖZ
287,5314,Bilgisayar Destekli Yayıncılık,Halkla İlişkiler ve Reklamcılık,5111,SÖZ
287,5314,Bilgisayar Destekli Yayıncılık,Halkla İlişkiler ve Tanıtım,3198,SÖZ
287,5314,Bilgisayar Destekli Yayıncılık,Reklamcılık,3291,SÖZ
287,8529,Görsel İletişim,Halkla İlişkiler ve Reklamcılık,5111,SÖZ
287,8529,Görsel İletişim,Halkla İlişkiler ve Tanıtım,3198,SÖZ
287,8529,Görsel İletişim,Reklamcılık,3291,SÖZ
287,4273,Grafik ve Reklamcılık,Halkla İlişkiler ve Reklamcılık,5111,SÖZ
287,4273,Grafik ve Reklamcılık,Halkla İlişkiler ve Tanıtım,3198,SÖZ
287,4273,Grafik ve Reklamcılık,Reklamcılık,3291,SÖZ
287,8605,İnternet Gazeteciliği ve Yayıncılığı,Halkla İlişkiler ve Reklamcılık,5111,SÖZ
287,8605,İnternet Gazeteciliği ve Yayıncılığı,Halkla İlişkiler ve Tanıtım,3198,SÖZ
287,8605,İnternet Gazeteciliği ve Yayıncılığı,Reklamcılık,3291,SÖZ
287,5348,Masaüstü Yayıncılık,Halkla İlişkiler ve Reklamcılık,5111,SÖZ
287,5348,Masaüstü Yayıncılık,Halkla İlişkiler ve Tanıtım,3198,SÖZ
287,5348,Masaüstü Yayıncılık,Reklamcılık,3291,SÖZ
287,1237,Matbaacılık,Halkla İlişkiler ve Reklamcılık,5111,SÖZ
287,1237,Matbaacılık,Halkla İlişkiler ve Tanıtım,3198,SÖZ
287,1237,Matbaacılık,Reklamcılık,3291,SÖZ
287,5349,Matbaacılık ve Baskı Teknikleri,Halkla İlişkiler ve Reklamcılık,5111,SÖZ
287,5349,Matbaacılık ve Baskı Teknikleri,Halkla İlişkiler ve Tanıtım,3198,SÖZ
287,5349,Matbaacılık ve Baskı Teknikleri,Reklamcılık,3291,SÖZ
287,6286,Radyo Tv Yayımcılığı / Radyo-Tv Yayımcılığı,Halkla İlişkiler ve Reklamcılık,5111,SÖZ
287,6286,Radyo Tv Yayımcılığı / Radyo-Tv Yayımcılığı,Halkla İlişkiler ve Tanıtım,3198,SÖZ
287,6286,Radyo Tv Yayımcılığı / Radyo-Tv Yayımcılığı,Reklamcılık,3291,SÖZ
287,9248,Radyo Tv Yayıncılığı,Halkla İlişkiler ve Reklamcılık,5111,SÖZ
287,9248,Radyo Tv Yayıncılığı,Halkla İlişkiler ve Tanıtım,3198,SÖZ
287,9248,Radyo Tv Yayıncılığı,Reklamcılık,3291,SÖZ
287,1282,Programcılığı,Halkla İlişkiler ve Reklamcılık,5111,SÖZ
287,1282,Programcılığı,Halkla İlişkiler ve Tanıtım,3198,SÖZ
287,1282,Programcılığı,Reklamcılık,3291,SÖZ
287,1284,Radyo ve Televizyon Yayımcılığı / Radyo-Televizyon,Halkla İlişkiler ve Reklamcılık,5111,SÖZ
287,1284,Radyo ve Televizyon Yayımcılığı / Radyo-Televizyon,Halkla İlişkiler ve Tanıtım,3198,SÖZ
287,1284,Radyo ve Televizyon Yayımcılığı / Radyo-Televizyon,Reklamcılık,3291,SÖZ
287,4340,Radyo ve Televizyon Yayıncılığı,Halkla İlişkiler ve Reklamcılık,5111,SÖZ
287,4340,Radyo ve Televizyon Yayıncılığı,Halkla İlişkiler ve Tanıtım,3198,SÖZ
287,4340,Radyo ve Televizyon Yayıncılığı,Reklamcılık,3291,SÖZ
287,1280,Radyo ve Tv Yayımcılığı,Halkla İlişkiler ve Reklamcılık,5111,SÖZ
287,1280,Radyo ve Tv Yayımcılığı,Halkla İlişkiler ve Tanıtım,3198,SÖZ
287,1280,Radyo ve Tv Yayımcılığı,Reklamcılık,3291,SÖZ
287,8639,Tasarım ve Basım-Yayımcılık,Halkla İlişkiler ve Reklamcılık,5111,SÖZ
287,8639,Tasarım ve Basım-Yayımcılık,Halkla İlişkiler ve Tanıtım,3198,SÖZ
287,8639,Tasarım ve Basım-Yayımcılık,Reklamcılık,3291,SÖZ
288,4221,Bilgisayar Teknolojileri ve Bilişim Sistemleri,Yönetim Bilişim Sistemleri,3361,EA
288,1122,Bilgisayar Teknolojisi ve Programlama,Yönetim Bilişim Sistemleri,3361,EA
288,1123,Bilgisayar ve Enformasyon Sistemleri,Yönetim Bilişim Sistemleri,3361,EA
288,4224,Bilişim ve İletişim Teknolojisi,Yönetim Bilişim Sistemleri,3361,EA
288,8508,Bilişim-Yönetim,Yönetim Bilişim Sistemleri,3361,EA
289,9074,Büro Hizmetleri ve Yönetici Asistanlığı,Çalışma Ekonomisi ve Endüstri İlişkileri,3141,EA
289,9074,Büro Hizmetleri ve Yönetici Asistanlığı,Halkla İlişkiler ve Reklamcılık,5111,SÖZ
289,9074,Büro Hizmetleri ve Yönetici Asistanlığı,Halkla İlişkiler ve Tanıtım,3198,SÖZ
289,9074,Büro Hizmetleri ve Yönetici Asistanlığı,İktisat,3213,EA
289,9074,Büro Hizmetleri ve Yönetici Asistanlığı,İşletme,3226,EA
289,9074,Büro Hizmetleri ve Yönetici Asistanlığı,Kamu Yönetimi,3237,EA
289,9074,Büro Hizmetleri ve Yönetici Asistanlığı,Maliye,3254,EA
289,9074,Büro Hizmetleri ve Yönetici Asistanlığı,Siyaset Bilimi ve Kamu Yönetimi,3314,EA
289,9074,Büro Hizmetleri ve Yönetici Asistanlığı,Uluslararası İlişkiler,3352,EA
289,1129,Büro Yönetimi,Çalışma Ekonomisi ve Endüstri İlişkileri,3141,EA
289,1129,Büro Yönetimi,Halkla İlişkiler ve Reklamcılık,5111,SÖZ
289,1129,Büro Yönetimi,Halkla İlişkiler ve Tanıtım,3198,SÖZ
289,1129,Büro Yönetimi,İktisat,3213,EA
289,1129,Büro Yönetimi,İşletme,3226,EA
289,1129,Büro Yönetimi,Kamu Yönetimi,3237,EA
289,1129,Büro Yönetimi,Maliye,3254,EA
289,1129,Büro Yönetimi,Siyaset Bilimi ve Kamu Yönetimi,3314,EA
289,1129,Büro Yönetimi,Uluslararası İlişkiler,3352,EA
289,1130,Büro Yönetimi ve Sekreterlik,Çalışma Ekonomisi ve Endüstri İlişkileri,3141,EA
289,1130,Büro Yönetimi ve Sekreterlik,Halkla İlişkiler ve Reklamcılık,5111,SÖZ
289,1130,Büro Yönetimi ve Sekreterlik,Halkla İlişkiler ve Tanıtım,3198,SÖZ
289,1130,Büro Yönetimi ve Sekreterlik,İktisat,3213,EA
289,1130,Büro Yönetimi ve Sekreterlik,İşletme,3226,EA
289,1130,Büro Yönetimi ve Sekreterlik,Kamu Yönetimi,3237,EA
289,1130,Büro Yönetimi ve Sekreterlik,Maliye,3254,EA
289,1130,Büro Yönetimi ve Sekreterlik,Siyaset Bilimi ve Kamu Yönetimi,3314,EA
289,1130,Büro Yönetimi ve Sekreterlik,Uluslararası İlişkiler,3352,EA
289,8510,Büro Yönetimi ve Yönetici Asistanlığı,Çalışma Ekonomisi ve Endüstri İlişkileri,3141,EA
289,8510,Büro Yönetimi ve Yönetici Asistanlığı,Halkla İlişkiler ve Reklamcılık,5111,SÖZ
289,8510,Büro Yönetimi ve Yönetici Asistanlığı,Halkla İlişkiler ve Tanıtım,3198,SÖZ
289,8510,Büro Yönetimi ve Yönetici Asistanlığı,İktisat,3213,EA
289,8510,Büro Yönetimi ve Yönetici Asistanlığı,İşletme,3226,EA
289,8510,Büro Yönetimi ve Yönetici Asistanlığı,Kamu Yönetimi,3237,EA
289,8510,Büro Yönetimi ve Yönetici Asistanlığı,Maliye,3254,EA
289,8510,Büro Yönetimi ve Yönetici Asistanlığı,Siyaset Bilimi ve Kamu Yönetimi,3314,EA
289,8510,Büro Yönetimi ve Yönetici Asistanlığı,Uluslararası İlişkiler,3352,EA
289,1505,OFİS TEKNOLOJİLERİ VE VERİ YÖNETİMİ,Çalışma Ekonomisi ve Endüstri İlişkileri,3141,EA
289,1505,OFİS TEKNOLOJİLERİ VE VERİ YÖNETİMİ,Halkla İlişkiler ve Reklamcılık,5111,SÖZ
289,1505,OFİS TEKNOLOJİLERİ VE VERİ YÖNETİMİ,Halkla İlişkiler ve Tanıtım,3198,SÖZ
289,1505,OFİS TEKNOLOJİLERİ VE VERİ YÖNETİMİ,İktisat,3213,EA
289,1505,OFİS TEKNOLOJİLERİ VE VERİ YÖNETİMİ,İşletme,3226,EA
289,1505,OFİS TEKNOLOJİLERİ VE VERİ YÖNETİMİ,Kamu Yönetimi,3237,EA
289,1505,OFİS TEKNOLOJİLERİ VE VERİ YÖNETİMİ,Maliye,3254,EA
289,1505,OFİS TEKNOLOJİLERİ VE VERİ YÖNETİMİ,Siyaset Bilimi ve Kamu Yönetimi,3314,EA
289,1505,OFİS TEKNOLOJİLERİ VE VERİ YÖNETİMİ,Uluslararası İlişkiler,3352,EA
289,5351,Ofis Teknolojileri ve Yönetimi,Çalışma Ekonomisi ve Endüstri İlişkileri,3141,EA
289,5351,Ofis Teknolojileri ve Yönetimi,Halkla İlişkiler ve Reklamcılık,5111,SÖZ
289,5351,Ofis Teknolojileri ve Yönetimi,Halkla İlişkiler ve Tanıtım,3198,SÖZ
289,5351,Ofis Teknolojileri ve Yönetimi,İktisat,3213,EA
289,5351,Ofis Teknolojileri ve Yönetimi,İşletme,3226,EA
289,5351,Ofis Teknolojileri ve Yönetimi,Kamu Yönetimi,3237,EA
289,5351,Ofis Teknolojileri ve Yönetimi,Maliye,3254,EA
289,5351,Ofis Teknolojileri ve Yönetimi,Siyaset Bilimi ve Kamu Yönetimi,3314,EA
289,5351,Ofis Teknolojileri ve Yönetimi,Uluslararası İlişkiler,3352,EA
289,8560,Sekreterlik,Çalışma Ekonomisi ve Endüstri İlişkileri,3141,EA
289,8560,Sekreterlik,Halkla İlişkiler ve Reklamcılık,5111,SÖZ
289,8560,Sekreterlik,Halkla İlişkiler ve Tanıtım,3198,SÖZ
289,8560,Sekreterlik,İktisat,3213,EA
289,8560,Sekreterlik,İşletme,3226,EA
289,8560,Sekreterlik,Kamu Yönetimi,3237,EA
289,8560,Sekreterlik,Maliye,3254,EA
289,8560,Sekreterlik,Siyaset Bilimi ve Kamu Yönetimi,3314,EA
289,8560,Sekreterlik,Uluslararası İlişkiler,3352,EA
289,2111,Sosyal Bilimler,Çalışma Ekonomisi ve Endüstri İlişkileri,3141,EA
289,2111,Sosyal Bilimler,Halkla İlişkiler ve Reklamcılık,5111,SÖZ
289,2111,Sosyal Bilimler,Halkla İlişkiler ve Tanıtım,3198,SÖZ
289,2111,Sosyal Bilimler,İktisat,3213,EA
289,2111,Sosyal Bilimler,İşletme,3226,EA
289,2111,Sosyal Bilimler,Kamu Yönetimi,3237,EA
289,2111,Sosyal Bilimler,Maliye,3254,EA
289,2111,Sosyal Bilimler,Siyaset Bilimi ve Kamu Yönetimi,3314,EA
289,2111,Sosyal Bilimler,Uluslararası İlişkiler,3352,EA
289,1364,Sosyal Medya Yöneticiliği,Çalışma Ekonomisi ve Endüstri İlişkileri,3141,EA
289,1364,Sosyal Medya Yöneticiliği,Halkla İlişkiler ve Reklamcılık,5111,SÖZ
289,1364,Sosyal Medya Yöneticiliği,Halkla İlişkiler ve Tanıtım,3198,SÖZ
289,1364,Sosyal Medya Yöneticiliği,İktisat,3213,EA
289,1364,Sosyal Medya Yöneticiliği,İşletme,3226,EA
289,1364,Sosyal Medya Yöneticiliği,Kamu Yönetimi,3237,EA
289,1364,Sosyal Medya Yöneticiliği,Maliye,3254,EA
289,1364,Sosyal Medya Yöneticiliği,Siyaset Bilimi ve Kamu Yönetimi,3314,EA
289,1364,Sosyal Medya Yöneticiliği,Uluslararası İlişkiler,3352,EA
289,1331,Tıbbi Mümessillik ve Pazarlama,Çalışma Ekonomisi ve Endüstri İlişkileri,3141,EA
289,1331,Tıbbi Mümessillik ve Pazarlama,Halkla İlişkiler ve Reklamcılık,5111,SÖZ
289,1331,Tıbbi Mümessillik ve Pazarlama,Halkla İlişkiler ve Tanıtım,3198,SÖZ
289,1331,Tıbbi Mümessillik ve Pazarlama,İktisat,3213,EA
289,1331,Tıbbi Mümessillik ve Pazarlama,İşletme,3226,EA
289,1331,Tıbbi Mümessillik ve Pazarlama,Kamu Yönetimi,3237,EA
289,1331,Tıbbi Mümessillik ve Pazarlama,Maliye,3254,EA
289,1331,Tıbbi Mümessillik ve Pazarlama,Siyaset Bilimi ve Kamu Yönetimi,3314,EA
289,1331,Tıbbi Mümessillik ve Pazarlama,Uluslararası İlişkiler,3352,EA
289,9089,Tıbbi Tanıtım ve Pazarlama,Çalışma Ekonomisi ve Endüstri İlişkileri,3141,EA
289,9089,Tıbbi Tanıtım ve Pazarlama,Halkla İlişkiler ve Reklamcılık,5111,SÖZ
289,9089,Tıbbi Tanıtım ve Pazarlama,Halkla İlişkiler ve Tanıtım,3198,SÖZ
289,9089,Tıbbi Tanıtım ve Pazarlama,İktisat,3213,EA
289,9089,Tıbbi Tanıtım ve Pazarlama,İşletme,3226,EA
289,9089,Tıbbi Tanıtım ve Pazarlama,Kamu Yönetimi,3237,EA
289,9089,Tıbbi Tanıtım ve Pazarlama,Maliye,3254,EA
289,9089,Tıbbi Tanıtım ve Pazarlama,Siyaset Bilimi ve Kamu Yönetimi,3314,EA
289,9089,Tıbbi Tanıtım ve Pazarlama,Uluslararası İlişkiler,3352,EA
290,9229,Çağrı Merkezi Hizmetleri,Halkla İlişkiler ve Reklamcılık,5111,SÖZ
290,9229,Çağrı Merkezi Hizmetleri,Halkla İlişkiler ve Tanıtım,3198,SÖZ
291,1145,Dış Ticaret,Çalışma Ekonomisi ve Endüstri İlişkileri,3141,EA
291,1145,Dış Ticaret,İktisat,3213,EA
291,1145,Dış Ticaret,İşletme,3226,EA
291,1145,Dış Ticaret,Kamu Yönetimi,3237,EA
291,1145,Dış Ticaret,Maliye,3254,EA
291,1145,Dış Ticaret,Siyaset Bilimi ve Kamu Yönetimi,3314,EA
291,1145,Dış Ticaret,Uluslararası İlişkiler,3352,EA
291,1145,Dış Ticaret,Uluslararası Ticaret ve Lojistik,9009,EA
291,1146,Dış Ticaret ve Avrupa Birliği,Çalışma Ekonomisi ve Endüstri İlişkileri,3141,EA
291,1146,Dış Ticaret ve Avrupa Birliği,İktisat,3213,EA
291,1146,Dış Ticaret ve Avrupa Birliği,İşletme,3226,EA
291,1146,Dış Ticaret ve Avrupa Birliği,Kamu Yönetimi,3237,EA
291,1146,Dış Ticaret ve Avrupa Birliği,Maliye,3254,EA
291,1146,Dış Ticaret ve Avrupa Birliği,Siyaset Bilimi ve Kamu Yönetimi,3314,EA
291,1146,Dış Ticaret ve Avrupa Birliği,Uluslararası İlişkiler,3352,EA
291,1146,Dış Ticaret ve Avrupa Birliği,Uluslararası Ticaret ve Lojistik,9009,EA
291,1209,İthalat-İhracat,Çalışma Ekonomisi ve Endüstri İlişkileri,3141,EA
291,1209,İthalat-İhracat,İktisat,3213,EA
291,1209,İthalat-İhracat,İşletme,3226,EA
291,1209,İthalat-İhracat,Kamu Yönetimi,3237,EA
291,1209,İthalat-İhracat,Maliye,3254,EA
291,1209,İthalat-İhracat,Siyaset Bilimi ve Kamu Yönetimi,3314,EA
291,1209,İthalat-İhracat,Uluslararası İlişkiler,3352,EA
291,1209,İthalat-İhracat,Uluslararası Ticaret ve Lojistik,9009,EA
291,5346,Lojistik,Çalışma Ekonomisi ve Endüstri İlişkileri,3141,EA
291,5346,Lojistik,İktisat,3213,EA
291,5346,Lojistik,İşletme,3226,EA
291,5346,Lojistik,Kamu Yönetimi,3237,EA
291,5346,Lojistik,Maliye,3254,EA
291,5346,Lojistik,Siyaset Bilimi ve Kamu Yönetimi,3314,EA
291,5346,Lojistik,Uluslararası İlişkiler,3352,EA
291,5346,Lojistik,Uluslararası Ticaret ve Lojistik,9009,EA
291,4312,Lojistik Yönetimi,Çalışma Ekonomisi ve Endüstri İlişkileri,3141,EA
291,4312,Lojistik Yönetimi,İktisat,3213,EA
291,4312,Lojistik Yönetimi,İşletme,3226,EA
291,4312,Lojistik Yönetimi,Kamu Yönetimi,3237,EA
291,4312,Lojistik Yönetimi,Maliye,3254,EA
291,4312,Lojistik Yönetimi,Siyaset Bilimi ve Kamu Yönetimi,3314,EA
291,4312,Lojistik Yönetimi,Uluslararası İlişkiler,3352,EA
291,4312,Lojistik Yönetimi,Uluslararası Ticaret ve Lojistik,9009,EA
291,5375,Uluslararası Lojistik,Çalışma Ekonomisi ve Endüstri İlişkileri,3141,EA
291,5375,Uluslararası Lojistik,İktisat,3213,EA
291,5375,Uluslararası Lojistik,İşletme,3226,EA
291,5375,Uluslararası Lojistik,Kamu Yönetimi,3237,EA
291,5375,Uluslararası Lojistik,Maliye,3254,EA
291,5375,Uluslararası Lojistik,Siyaset Bilimi ve Kamu Yönetimi,3314,EA
291,5375,Uluslararası Lojistik,Uluslararası İlişkiler,3352,EA
291,5375,Uluslararası Lojistik,Uluslararası Ticaret ve Lojistik,9009,EA
291,4392,Uluslararası Taşımacılık ve Lojistik,Çalışma Ekonomisi ve Endüstri İlişkileri,3141,EA
291,4392,Uluslararası Taşımacılık ve Lojistik,İktisat,3213,EA
291,4392,Uluslararası Taşımacılık ve Lojistik,İşletme,3226,EA
291,4392,Uluslararası Taşımacılık ve Lojistik,Kamu Yönetimi,3237,EA
291,4392,Uluslararası Taşımacılık ve Lojistik,Maliye,3254,EA
291,4392,Uluslararası Taşımacılık ve Lojistik,Siyaset Bilimi ve Kamu Yönetimi,3314,EA
291,4392,Uluslararası Taşımacılık ve Lojistik,Uluslararası İlişkiler,3352,EA
291,4392,Uluslararası Taşımacılık ve Lojistik,Uluslararası Ticaret ve Lojistik,9009,EA
291,1342,Uluslararası Taşımacılık Yönetimi,Çalışma Ekonomisi ve Endüstri İlişkileri,3141,EA
291,1342,Uluslararası Taşımacılık Yönetimi,İktisat,3213,EA
291,1342,Uluslararası Taşımacılık Yönetimi,İşletme,3226,EA
291,1342,Uluslararası Taşımacılık Yönetimi,Kamu Yönetimi,3237,EA
291,1342,Uluslararası Taşımacılık Yönetimi,Maliye,3254,EA
291,1342,Uluslararası Taşımacılık Yönetimi,Siyaset Bilimi ve Kamu Yönetimi,3314,EA
291,1342,Uluslararası Taşımacılık Yönetimi,Uluslararası İlişkiler,3352,EA
291,1342,Uluslararası Taşımacılık Yönetimi,Uluslararası Ticaret ve Lojistik,9009,EA
291,5376,Uluslararası Ticaret,Çalışma Ekonomisi ve Endüstri İlişkileri,3141,EA
291,5376,Uluslararası Ticaret,İktisat,3213,EA
291,5376,Uluslararası Ticaret,İşletme,3226,EA
291,5376,Uluslararası Ticaret,Kamu Yönetimi,3237,EA
291,5376,Uluslararası Ticaret,Maliye,3254,EA
291,5376,Uluslararası Ticaret,Siyaset Bilimi ve Kamu Yönetimi,3314,EA
291,5376,Uluslararası Ticaret,Uluslararası İlişkiler,3352,EA
291,5376,Uluslararası Ticaret,Uluslararası Ticaret ve Lojistik,9009,EA
291,9112,Uluslararası Ticaret ve Lojistik,Çalışma Ekonomisi ve Endüstri İlişkileri,3141,EA
291,9112,Uluslararası Ticaret ve Lojistik,İktisat,3213,EA
291,9112,Uluslararası Ticaret ve Lojistik,İşletme,3226,EA
291,9112,Uluslararası Ticaret ve Lojistik,Kamu Yönetimi,3237,EA
291,9112,Uluslararası Ticaret ve Lojistik,Maliye,3254,EA
291,9112,Uluslararası Ticaret ve Lojistik,Siyaset Bilimi ve Kamu Yönetimi,3314,EA
291,9112,Uluslararası Ticaret ve Lojistik,Uluslararası İlişkiler,3352,EA
291,9112,Uluslararası Ticaret ve Lojistik,Uluslararası Ticaret ve Lojistik,9009,EA
291,1343,Uluslararası Ticaret Yönetimi,Çalışma Ekonomisi ve Endüstri İlişkileri,3141,EA
291,1343,Uluslararası Ticaret Yönetimi,İktisat,3213,EA
291,1343,Uluslararası Ticaret Yönetimi,İşletme,3226,EA
291,1343,Uluslararası Ticaret Yönetimi,Kamu Yönetimi,3237,EA
291,1343,Uluslararası Ticaret Yönetimi,Maliye,3254,EA
291,1343,Uluslararası Ticaret Yönetimi,Siyaset Bilimi ve Kamu Yönetimi,3314,EA
291,1343,Uluslararası Ticaret Yönetimi,Uluslararası İlişkiler,3352,EA
291,1343,Uluslararası Ticaret Yönetimi,Uluslararası Ticaret ve Lojistik,9009,EA
292,1244,Dijital Medya ve Pazarlama,Çalışma Ekonomisi ve Endüstri İlişkileri,3141,EA
292,1244,Dijital Medya ve Pazarlama,Halkla İlişkiler ve Reklamcılık,5111,SÖZ
292,1244,Dijital Medya ve Pazarlama,Halkla İlişkiler ve Tanıtım,3198,SÖZ
292,1244,Dijital Medya ve Pazarlama,İktisat,3213,EA
292,1244,Dijital Medya ve Pazarlama,İşletme,3226,EA
292,1244,Dijital Medya ve Pazarlama,Kamu Yönetimi,3237,EA
292,1244,Dijital Medya ve Pazarlama,Maliye,3254,EA
292,1244,Dijital Medya ve Pazarlama,Reklamcılık,3291,SÖZ
292,1244,Dijital Medya ve Pazarlama,Siyaset Bilimi ve Kamu Yönetimi,3314,EA
292,1244,Dijital Medya ve Pazarlama,Uluslararası İlişkiler,3352,EA
292,1244,Dijital Medya ve Pazarlama,Uluslararası Ticaret ve Lojistik,9009,EA
292,9599,E-Ticaret ve Pazarlama,Çalışma Ekonomisi ve Endüstri İlişkileri,3141,EA
292,9599,E-Ticaret ve Pazarlama,Halkla İlişkiler ve Reklamcılık,5111,SÖZ
292,9599,E-Ticaret ve Pazarlama,Halkla İlişkiler ve Tanıtım,3198,SÖZ
292,9599,E-Ticaret ve Pazarlama,İktisat,3213,EA
292,9599,E-Ticaret ve Pazarlama,İşletme,3226,EA
292,9599,E-Ticaret ve Pazarlama,Kamu Yönetimi,3237,EA
292,9599,E-Ticaret ve Pazarlama,Maliye,3254,EA
292,9599,E-Ticaret ve Pazarlama,Reklamcılık,3291,SÖZ
292,9599,E-Ticaret ve Pazarlama,Siyaset Bilimi ve Kamu Yönetimi,3314,EA
292,9599,E-Ticaret ve Pazarlama,Uluslararası İlişkiler,3352,EA
292,9599,E-Ticaret ve Pazarlama,Uluslararası Ticaret ve Lojistik,9009,EA
292,1268,Pazarlama,Çalışma Ekonomisi ve Endüstri İlişkileri,3141,EA
292,1268,Pazarlama,Halkla İlişkiler ve Reklamcılık,5111,SÖZ
292,1268,Pazarlama,Halkla İlişkiler ve Tanıtım,3198,SÖZ
292,1268,Pazarlama,İktisat,3213,EA
292,1268,Pazarlama,İşletme,3226,EA
292,1268,Pazarlama,Kamu Yönetimi,3237,EA
292,1268,Pazarlama,Maliye,3254,EA
292,1268,Pazarlama,Reklamcılık,3291,SÖZ
292,1268,Pazarlama,Siyaset Bilimi ve Kamu Yönetimi,3314,EA
292,1268,Pazarlama,Uluslararası İlişkiler,3352,EA
292,1268,Pazarlama,Uluslararası Ticaret ve Lojistik,9009,EA
293,5327,Elektronik Ticaret,Çalışma Ekonomisi ve Endüstri İlişkileri,3141,EA
293,5327,Elektronik Ticaret,Halkla İlişkiler ve Reklamcılık,5111,SÖZ
293,5327,Elektronik Ticaret,Halkla İlişkiler ve Tanıtım,3198,SÖZ
293,5327,Elektronik Ticaret,İktisat,3213,EA
293,5327,Elektronik Ticaret,İşletme,3226,EA
293,5327,Elektronik Ticaret,Kamu Yönetimi,3237,EA
293,5327,Elektronik Ticaret,Maliye,3254,EA
293,5327,Elektronik Ticaret,Reklamcılık,3291,SÖZ
293,5327,Elektronik Ticaret,Siyaset Bilimi ve Kamu Yönetimi,3314,EA
293,5327,Elektronik Ticaret,Uluslararası İlişkiler,3352,EA
293,5332,E-Ticaret,Çalışma Ekonomisi ve Endüstri İlişkileri,3141,EA
293,5332,E-Ticaret,Halkla İlişkiler ve Reklamcılık,5111,SÖZ
293,5332,E-Ticaret,Halkla İlişkiler ve Tanıtım,3198,SÖZ
293,5332,E-Ticaret,İktisat,3213,EA
293,5332,E-Ticaret,İşletme,3226,EA
293,5332,E-Ticaret,Kamu Yönetimi,3237,EA
293,5332,E-Ticaret,Maliye,3254,EA
293,5332,E-Ticaret,Reklamcılık,3291,SÖZ
293,5332,E-Ticaret,Siyaset Bilimi ve Kamu Yönetimi,3314,EA
293,5332,E-Ticaret,Uluslararası İlişkiler,3352,EA
293,1185,Halkla İlişkiler,Çalışma Ekonomisi ve Endüstri İlişkileri,3141,EA
293,1185,Halkla İlişkiler,Halkla İlişkiler ve Reklamcılık,5111,SÖZ
293,1185,Halkla İlişkiler,Halkla İlişkiler ve Tanıtım,3198,SÖZ
293,1185,Halkla İlişkiler,İktisat,3213,EA
293,1185,Halkla İlişkiler,İşletme,3226,EA
293,1185,Halkla İlişkiler,Kamu Yönetimi,3237,EA
293,1185,Halkla İlişkiler,Maliye,3254,EA
293,1185,Halkla İlişkiler,Reklamcılık,3291,SÖZ
293,1185,Halkla İlişkiler,Siyaset Bilimi ve Kamu Yönetimi,3314,EA
293,1185,Halkla İlişkiler,Uluslararası İlişkiler,3352,EA
293,1186,Halkla İlişkiler ve Reklamcılık,Çalışma Ekonomisi ve Endüstri İlişkileri,3141,EA
293,1186,Halkla İlişkiler ve Reklamcılık,Halkla İlişkiler ve Reklamcılık,5111,SÖZ
293,1186,Halkla İlişkiler ve Reklamcılık,Halkla İlişkiler ve Tanıtım,3198,SÖZ
293,1186,Halkla İlişkiler ve Reklamcılık,İktisat,3213,EA
293,1186,Halkla İlişkiler ve Reklamcılık,İşletme,3226,EA
293,1186,Halkla İlişkiler ve Reklamcılık,Kamu Yönetimi,3237,EA
293,1186,Halkla İlişkiler ve Reklamcılık,Maliye,3254,EA
293,1186,Halkla İlişkiler ve Reklamcılık,Reklamcılık,3291,SÖZ
293,1186,Halkla İlişkiler ve Reklamcılık,Siyaset Bilimi ve Kamu Yönetimi,3314,EA
293,1186,Halkla İlişkiler ve Reklamcılık,Uluslararası İlişkiler,3352,EA
293,8531,Halkla İlişkiler ve Tanıtım,Çalışma Ekonomisi ve Endüstri İlişkileri,3141,EA
293,8531,Halkla İlişkiler ve Tanıtım,Halkla İlişkiler ve Reklamcılık,5111,SÖZ
293,8531,Halkla İlişkiler ve Tanıtım,Halkla İlişkiler ve Tanıtım,3198,SÖZ
293,8531,Halkla İlişkiler ve Tanıtım,İktisat,3213,EA
293,8531,Halkla İlişkiler ve Tanıtım,İşletme,3226,EA
293,8531,Halkla İlişkiler ve Tanıtım,Kamu Yönetimi,3237,EA
293,8531,Halkla İlişkiler ve Tanıtım,Maliye,3254,EA
293,8531,Halkla İlişkiler ve Tanıtım,Reklamcılık,3291,SÖZ
293,8531,Halkla İlişkiler ve Tanıtım,Siyaset Bilimi ve Kamu Yönetimi,3314,EA
293,8531,Halkla İlişkiler ve Tanıtım,Uluslararası İlişkiler,3352,EA
293,5337,İletişim ve Halkla İlişkiler,Çalışma Ekonomisi ve Endüstri İlişkileri,3141,EA
293,5337,İletişim ve Halkla İlişkiler,Halkla İlişkiler ve Reklamcılık,5111,SÖZ
293,5337,İletişim ve Halkla İlişkiler,Halkla İlişkiler ve Tanıtım,3198,SÖZ
293,5337,İletişim ve Halkla İlişkiler,İktisat,3213,EA
293,5337,İletişim ve Halkla İlişkiler,İşletme,3226,EA
293,5337,İletişim ve Halkla İlişkiler,Kamu Yönetimi,3237,EA
293,5337,İletişim ve Halkla İlişkiler,Maliye,3254,EA
293,5337,İletişim ve Halkla İlişkiler,Reklamcılık,3291,SÖZ
293,5337,İletişim ve Halkla İlişkiler,Siyaset Bilimi ve Kamu Yönetimi,3314,EA
293,5337,İletişim ve Halkla İlişkiler,Uluslararası İlişkiler,3352,EA
293,8536,İnternet İle Pazarlama,Çalışma Ekonomisi ve Endüstri İlişkileri,3141,EA
293,8536,İnternet İle Pazarlama,Halkla İlişkiler ve Reklamcılık,5111,SÖZ
293,8536,İnternet İle Pazarlama,Halkla İlişkiler ve Tanıtım,3198,SÖZ
293,8536,İnternet İle Pazarlama,İktisat,3213,EA
293,8536,İnternet İle Pazarlama,İşletme,3226,EA
293,8536,İnternet İle Pazarlama,Kamu Yönetimi,3237,EA
293,8536,İnternet İle Pazarlama,Maliye,3254,EA
293,8536,İnternet İle Pazarlama,Reklamcılık,3291,SÖZ
293,8536,İnternet İle Pazarlama,Siyaset Bilimi ve Kamu Yönetimi,3314,EA
293,8536,İnternet İle Pazarlama,Uluslararası İlişkiler,3352,EA
293,4318,Marka İletişimi,Çalışma Ekonomisi ve Endüstri İlişkileri,3141,EA
293,4318,Marka İletişimi,Halkla İlişkiler ve Reklamcılık,5111,SÖZ
293,4318,Marka İletişimi,Halkla İlişkiler ve Tanıtım,3198,SÖZ
293,4318,Marka İletişimi,İktisat,3213,EA
293,4318,Marka İletişimi,İşletme,3226,EA
293,4318,Marka İletişimi,Kamu Yönetimi,3237,EA
293,4318,Marka İletişimi,Maliye,3254,EA
293,4318,Marka İletişimi,Reklamcılık,3291,SÖZ
293,4318,Marka İletişimi,Siyaset Bilimi ve Kamu Yönetimi,3314,EA
293,4318,Marka İletişimi,Uluslararası İlişkiler,3352,EA
293,8553,Pazarlama ve Satış,Çalışma Ekonomisi ve Endüstri İlişkileri,3141,EA
293,8553,Pazarlama ve Satış,Halkla İlişkiler ve Reklamcılık,5111,SÖZ
293,8553,Pazarlama ve Satış,Halkla İlişkiler ve Tanıtım,3198,SÖZ
293,8553,Pazarlama ve Satış,İktisat,3213,EA
293,8553,Pazarlama ve Satış,İşletme,3226,EA
293,8553,Pazarlama ve Satış,Kamu Yönetimi,3237,EA
293,8553,Pazarlama ve Satış,Maliye,3254,EA
293,8553,Pazarlama ve Satış,Reklamcılık,3291,SÖZ
293,8553,Pazarlama ve Satış,Siyaset Bilimi ve Kamu Yönetimi,3314,EA
293,8553,Pazarlama ve Satış,Uluslararası İlişkiler,3352,EA
293,1269,Perakende Satış ve Mağaza Yönetimi,Çalışma Ekonomisi ve Endüstri İlişkileri,3141,EA
293,1269,Perakende Satış ve Mağaza Yönetimi,Halkla İlişkiler ve Reklamcılık,5111,SÖZ
293,1269,Perakende Satış ve Mağaza Yönetimi,Halkla İlişkiler ve Tanıtım,3198,SÖZ
293,1269,Perakende Satış ve Mağaza Yönetimi,İktisat,3213,EA
293,1269,Perakende Satış ve Mağaza Yönetimi,İşletme,3226,EA
293,1269,Perakende Satış ve Mağaza Yönetimi,Kamu Yönetimi,3237,EA
293,1269,Perakende Satış ve Mağaza Yönetimi,Maliye,3254,EA
293,1269,Perakende Satış ve Mağaza Yönetimi,Reklamcılık,3291,SÖZ
293,1269,Perakende Satış ve Mağaza Yönetimi,Siyaset Bilimi ve Kamu Yönetimi,3314,EA
293,1269,Perakende Satış ve Mağaza Yönetimi,Uluslararası İlişkiler,3352,EA
293,1270,Perakendecilik ve Mağaza Yönetimi,Çalışma Ekonomisi ve Endüstri İlişkileri,3141,EA
293,1270,Perakendecilik ve Mağaza Yönetimi,Halkla İlişkiler ve Reklamcılık,5111,SÖZ
293,1270,Perakendecilik ve Mağaza Yönetimi,Halkla İlişkiler ve Tanıtım,3198,SÖZ
293,1270,Perakendecilik ve Mağaza Yönetimi,İktisat,3213,EA
293,1270,Perakendecilik ve Mağaza Yönetimi,İşletme,3226,EA
293,1270,Perakendecilik ve Mağaza Yönetimi,Kamu Yönetimi,3237,EA
293,1270,Perakendecilik ve Mağaza Yönetimi,Maliye,3254,EA
293,1270,Perakendecilik ve Mağaza Yönetimi,Reklamcılık,3291,SÖZ
293,1270,Perakendecilik ve Mağaza Yönetimi,Siyaset Bilimi ve Kamu Yönetimi,3314,EA
293,1270,Perakendecilik ve Mağaza Yönetimi,Uluslararası İlişkiler,3352,EA
293,1276,Piyasa Araştırmaları ve Pazarlama,Çalışma Ekonomisi ve Endüstri İlişkileri,3141,EA
293,1276,Piyasa Araştırmaları ve Pazarlama,Halkla İlişkiler ve Reklamcılık,5111,SÖZ
293,1276,Piyasa Araştırmaları ve Pazarlama,Halkla İlişkiler ve Tanıtım,3198,SÖZ
293,1276,Piyasa Araştırmaları ve Pazarlama,İktisat,3213,EA
293,1276,Piyasa Araştırmaları ve Pazarlama,İşletme,3226,EA
293,1276,Piyasa Araştırmaları ve Pazarlama,Kamu Yönetimi,3237,EA
293,1276,Piyasa Araştırmaları ve Pazarlama,Maliye,3254,EA
293,1276,Piyasa Araştırmaları ve Pazarlama,Reklamcılık,3291,SÖZ
293,1276,Piyasa Araştırmaları ve Pazarlama,Siyaset Bilimi ve Kamu Yönetimi,3314,EA
293,1276,Piyasa Araştırmaları ve Pazarlama,Uluslararası İlişkiler,3352,EA
293,1277,Piyasa Araştırmaları ve Reklamcılık,Çalışma Ekonomisi ve Endüstri İlişkileri,3141,EA
293,1277,Piyasa Araştırmaları ve Reklamcılık,Halkla İlişkiler ve Reklamcılık,5111,SÖZ
293,1277,Piyasa Araştırmaları ve Reklamcılık,Halkla İlişkiler ve Tanıtım,3198,SÖZ
293,1277,Piyasa Araştırmaları ve Reklamcılık,İktisat,3213,EA
293,1277,Piyasa Araştırmaları ve Reklamcılık,İşletme,3226,EA
293,1277,Piyasa Araştırmaları ve Reklamcılık,Kamu Yönetimi,3237,EA
293,1277,Piyasa Araştırmaları ve Reklamcılık,Maliye,3254,EA
293,1277,Piyasa Araştırmaları ve Reklamcılık,Reklamcılık,3291,SÖZ
293,1277,Piyasa Araştırmaları ve Reklamcılık,Siyaset Bilimi ve Kamu Yönetimi,3314,EA
293,1277,Piyasa Araştırmaları ve Reklamcılık,Uluslararası İlişkiler,3352,EA
293,9325,Reklamcılık,Çalışma Ekonomisi ve Endüstri İlişkileri,3141,EA
293,9325,Reklamcılık,Halkla İlişkiler ve Reklamcılık,5111,SÖZ
293,9325,Reklamcılık,Halkla İlişkiler ve Tanıtım,3198,SÖZ
293,9325,Reklamcılık,İktisat,3213,EA
293,9325,Reklamcılık,İşletme,3226,EA
293,9325,Reklamcılık,Kamu Yönetimi,3237,EA
293,9325,Reklamcılık,Maliye,3254,EA
293,9325,Reklamcılık,Reklamcılık,3291,SÖZ
293,9325,Reklamcılık,Siyaset Bilimi ve Kamu Yönetimi,3314,EA
293,9325,Reklamcılık,Uluslararası İlişkiler,3352,EA
293,1289,Reklamcılık Yönetimi,Çalışma Ekonomisi ve Endüstri İlişkileri,3141,EA
293,1289,Reklamcılık Yönetimi,Halkla İlişkiler ve Reklamcılık,5111,SÖZ
293,1289,Reklamcılık Yönetimi,Halkla İlişkiler ve Tanıtım,3198,SÖZ
293,1289,Reklamcılık Yönetimi,İktisat,3213,EA
293,1289,Reklamcılık Yönetimi,İşletme,3226,EA
293,1289,Reklamcılık Yönetimi,Kamu Yönetimi,3237,EA
293,1289,Reklamcılık Yönetimi,Maliye,3254,EA
293,1289,Reklamcılık Yönetimi,Reklamcılık,3291,SÖZ
293,1289,Reklamcılık Yönetimi,Siyaset Bilimi ve Kamu Yönetimi,3314,EA
293,1289,Reklamcılık Yönetimi,Uluslararası İlişkiler,3352,EA
293,6292,Satış ve Reklam Yönetimi,Çalışma Ekonomisi ve Endüstri İlişkileri,3141,EA
293,6292,Satış ve Reklam Yönetimi,Halkla İlişkiler ve Reklamcılık,5111,SÖZ
293,6292,Satış ve Reklam Yönetimi,Halkla İlişkiler ve Tanıtım,3198,SÖZ
293,6292,Satış ve Reklam Yönetimi,İktisat,3213,EA
293,6292,Satış ve Reklam Yönetimi,İşletme,3226,EA
293,6292,Satış ve Reklam Yönetimi,Kamu Yönetimi,3237,EA
293,6292,Satış ve Reklam Yönetimi,Maliye,3254,EA
293,6292,Satış ve Reklam Yönetimi,Reklamcılık,3291,SÖZ
293,6292,Satış ve Reklam Yönetimi,Siyaset Bilimi ve Kamu Yönetimi,3314,EA
293,6292,Satış ve Reklam Yönetimi,Uluslararası İlişkiler,3352,EA
293,1293,Satış Yönetimi,Çalışma Ekonomisi ve Endüstri İlişkileri,3141,EA
293,1293,Satış Yönetimi,Halkla İlişkiler ve Reklamcılık,5111,SÖZ
293,1293,Satış Yönetimi,Halkla İlişkiler ve Tanıtım,3198,SÖZ
293,1293,Satış Yönetimi,İktisat,3213,EA
293,1293,Satış Yönetimi,İşletme,3226,EA
293,1293,Satış Yönetimi,Kamu Yönetimi,3237,EA
293,1293,Satış Yönetimi,Maliye,3254,EA
293,1293,Satış Yönetimi,Reklamcılık,3291,SÖZ
293,1293,Satış Yönetimi,Siyaset Bilimi ve Kamu Yönetimi,3314,EA
293,1293,Satış Yönetimi,Uluslararası İlişkiler,3352,EA
294,1191,Hastane Yönetimi ve Organizasyon,Çalışma Ekonomisi ve Endüstri İlişkileri,3141,EA
294,1191,Hastane Yönetimi ve Organizasyon,İktisat,3213,EA
294,1191,Hastane Yönetimi ve Organizasyon,İşletme,3226,EA
294,1191,Hastane Yönetimi ve Organizasyon,Kamu Yönetimi,3237,EA
294,1191,Hastane Yönetimi ve Organizasyon,Maliye,3254,EA
294,1191,Hastane Yönetimi ve Organizasyon,Sağlık Yönetimi,6298,EA
294,1191,Hastane Yönetimi ve Organizasyon,Siyaset Bilimi ve Kamu Yönetimi,3314,EA
294,1191,Hastane Yönetimi ve Organizasyon,Uluslararası İlişkiler,3352,EA
294,2110,Sağlık Kurumları İşletmeciliği,Çalışma Ekonomisi ve Endüstri İlişkileri,3141,EA
294,2110,Sağlık Kurumları İşletmeciliği,İktisat,3213,EA
294,2110,Sağlık Kurumları İşletmeciliği,İşletme,3226,EA
294,2110,Sağlık Kurumları İşletmeciliği,Kamu Yönetimi,3237,EA
294,2110,Sağlık Kurumları İşletmeciliği,Maliye,3254,EA
294,2110,Sağlık Kurumları İşletmeciliği,Sağlık Yönetimi,6298,EA
294,2110,Sağlık Kurumları İşletmeciliği,Siyaset Bilimi ve Kamu Yönetimi,3314,EA
294,2110,Sağlık Kurumları İşletmeciliği,Uluslararası İlişkiler,3352,EA
294,1329,Tıbbi Dokümantasyon ve Sekreterlik,Çalışma Ekonomisi ve Endüstri İlişkileri,3141,EA
294,1329,Tıbbi Dokümantasyon ve Sekreterlik,İktisat,3213,EA
294,1329,Tıbbi Dokümantasyon ve Sekreterlik,İşletme,3226,EA
294,1329,Tıbbi Dokümantasyon ve Sekreterlik,Kamu Yönetimi,3237,EA
294,1329,Tıbbi Dokümantasyon ve Sekreterlik,Maliye,3254,EA
294,1329,Tıbbi Dokümantasyon ve Sekreterlik,Sağlık Yönetimi,6298,EA
294,1329,Tıbbi Dokümantasyon ve Sekreterlik,Siyaset Bilimi ve Kamu Yönetimi,3314,EA
294,1329,Tıbbi Dokümantasyon ve Sekreterlik,Uluslararası İlişkiler,3352,EA
295,4282,Havacılıkta Yer Hizmetleri Yönetimi,Havacılık Yönetimi,9428,EA
295,9145,Hizmetleri,Havacılık Yönetimi,9428,EA
295,9440,Uçuş Harekat Yöneticiliği,Havacılık Yönetimi,9428,EA
296,8607,İş Sağlığı ve Güvenliği,Sağlık Yönetimi,6298,EA
296,1205,İşçi Sağlığı ve İş Güvenliği,Sağlık Yönetimi,6298,EA
296,9330,Sağlık Yönetimi,Sağlık Yönetimi,6298,EA
296,4366,Tıbbi İstatistik ve Bilgisayar,Sağlık Yönetimi,6298,EA
297,1305,Sivil Hava Ulaştırma İşletmeciliği,Çalışma Ekonomisi ve Endüstri İlişkileri,3141,EA
297,1305,Sivil Hava Ulaştırma İşletmeciliği,Havacılık Yönetimi,9428,EA
297,1305,Sivil Hava Ulaştırma İşletmeciliği,İktisat,3213,EA
297,1305,Sivil Hava Ulaştırma İşletmeciliği,İşletme,3226,EA
297,1305,Sivil Hava Ulaştırma İşletmeciliği,Kamu Yönetimi,3237,EA
297,1305,Sivil Hava Ulaştırma İşletmeciliği,Maliye,3254,EA
297,1305,Sivil Hava Ulaştırma İşletmeciliği,Siyaset Bilimi ve Kamu Yönetimi,3314,EA
297,1305,Sivil Hava Ulaştırma İşletmeciliği,Uluslararası İlişkiler,3352,EA
297,8579,Yer Hizmetleri,Çalışma Ekonomisi ve Endüstri İlişkileri,3141,EA
297,8579,Yer Hizmetleri,Havacılık Yönetimi,9428,EA
297,8579,Yer Hizmetleri,İktisat,3213,EA
297,8579,Yer Hizmetleri,İşletme,3226,EA
297,8579,Yer Hizmetleri,Kamu Yönetimi,3237,EA
297,8579,Yer Hizmetleri,Maliye,3254,EA
297,8579,Yer Hizmetleri,Siyaset Bilimi ve Kamu Yönetimi,3314,EA
297,8579,Yer Hizmetleri,Uluslararası İlişkiler,3352,EA
298,4352,Sosyal Hizmetler,Çalışma Ekonomisi ve Endüstri İlişkileri,3141,EA
298,4352,Sosyal Hizmetler,İktisat,3213,EA
298,4352,Sosyal Hizmetler,İşletme,3226,EA
298,4352,Sosyal Hizmetler,Kamu Yönetimi,3237,EA
298,4352,Sosyal Hizmetler,Maliye,3254,EA
298,4352,Sosyal Hizmetler,Siyaset Bilimi ve Kamu Yönetimi,3314,EA
298,4352,Sosyal Hizmetler,Sosyal Hizmet,6318,EA
298,4352,Sosyal Hizmetler,Uluslararası İlişkiler,3352,EA
299,1101,Acil Bakım Teknikerliği,Çalışma Ekonomisi ve Endüstri İlişkileri,3141,EA
299,1101,Acil Bakım Teknikerliği,Halkla İlişkiler ve Reklamcılık,5111,SÖZ
299,1101,Acil Bakım Teknikerliği,Halkla İlişkiler ve Tanıtım,3198,SÖZ
299,1101,Acil Bakım Teknikerliği,İktisat,3213,EA
299,1101,Acil Bakım Teknikerliği,İşletme,3226,EA
299,1101,Acil Bakım Teknikerliği,Kamu Yönetimi,3237,EA
299,1101,Acil Bakım Teknikerliği,Maliye,3254,EA
299,1101,Acil Bakım Teknikerliği,Sağlık Yönetimi,6298,EA
299,1101,Acil Bakım Teknikerliği,Siyaset Bilimi ve Kamu Yönetimi,3314,EA
299,1101,Acil Bakım Teknikerliği,Sosyal Hizmet,6318,EA
299,1101,Acil Bakım Teknikerliği,Uluslararası İlişkiler,3352,EA
299,4201,Acil Yardım,Çalışma Ekonomisi ve Endüstri İlişkileri,3141,EA
299,4201,Acil Yardım,Halkla İlişkiler ve Reklamcılık,5111,SÖZ
299,4201,Acil Yardım,Halkla İlişkiler ve Tanıtım,3198,SÖZ
299,4201,Acil Yardım,İktisat,3213,EA
299,4201,Acil Yardım,İşletme,3226,EA
299,4201,Acil Yardım,Kamu Yönetimi,3237,EA
299,4201,Acil Yardım,Maliye,3254,EA
299,4201,Acil Yardım,Sağlık Yönetimi,6298,EA
299,4201,Acil Yardım,Siyaset Bilimi ve Kamu Yönetimi,3314,EA
299,4201,Acil Yardım,Sosyal Hizmet,6318,EA
299,4201,Acil Yardım,Uluslararası İlişkiler,3352,EA
299,8585,Acil Yardım Teknikerliği,Çalışma Ekonomisi ve Endüstri İlişkileri,3141,EA
299,8585,Acil Yardım Teknikerliği,Halkla İlişkiler ve Reklamcılık,5111,SÖZ
299,8585,Acil Yardım Teknikerliği,Halkla İlişkiler ve Tanıtım,3198,SÖZ
299,8585,Acil Yardım Teknikerliği,İktisat,3213,EA
299,8585,Acil Yardım Teknikerliği,İşletme,3226,EA
299,8585,Acil Yardım Teknikerliği,Kamu Yönetimi,3237,EA
299,8585,Acil Yardım Teknikerliği,Maliye,3254,EA
299,8585,Acil Yardım Teknikerliği,Sağlık Yönetimi,6298,EA
299,8585,Acil Yardım Teknikerliği,Siyaset Bilimi ve Kamu Yönetimi,3314,EA
299,8585,Acil Yardım Teknikerliği,Sosyal Hizmet,6318,EA
299,8585,Acil Yardım Teknikerliği,Uluslararası İlişkiler,3352,EA
299,4202,Adli Tıp,Çalışma Ekonomisi ve Endüstri İlişkileri,3141,EA
299,4202,Adli Tıp,Halkla İlişkiler ve Reklamcılık,5111,SÖZ
299,4202,Adli Tıp,Halkla İlişkiler ve Tanıtım,3198,SÖZ
299,4202,Adli Tıp,İktisat,3213,EA
299,4202,Adli Tıp,İşletme,3226,EA
299,4202,Adli Tıp,Kamu Yönetimi,3237,EA
299,4202,Adli Tıp,Maliye,3254,EA
299,4202,Adli Tıp,Sağlık Yönetimi,6298,EA
299,4202,Adli Tıp,Siyaset Bilimi ve Kamu Yönetimi,3314,EA
299,4202,Adli Tıp,Sosyal Hizmet,6318,EA
299,4202,Adli Tıp,Uluslararası İlişkiler,3352,EA
299,8589,Adli Tıp Teknikerliği,Çalışma Ekonomisi ve Endüstri İlişkileri,3141,EA
299,8589,Adli Tıp Teknikerliği,Halkla İlişkiler ve Reklamcılık,5111,SÖZ
299,8589,Adli Tıp Teknikerliği,Halkla İlişkiler ve Tanıtım,3198,SÖZ
299,8589,Adli Tıp Teknikerliği,İktisat,3213,EA
299,8589,Adli Tıp Teknikerliği,İşletme,3226,EA
299,8589,Adli Tıp Teknikerliği,Kamu Yönetimi,3237,EA
299,8589,Adli Tıp Teknikerliği,Maliye,3254,EA
299,8589,Adli Tıp Teknikerliği,Sağlık Yönetimi,6298,EA
299,8589,Adli Tıp Teknikerliği,Siyaset Bilimi ve Kamu Yönetimi,3314,EA
299,8589,Adli Tıp Teknikerliği,Sosyal Hizmet,6318,EA
299,8589,Adli Tıp Teknikerliği,Uluslararası İlişkiler,3352,EA
299,1103,Ağız Diş Sağlığı,Çalışma Ekonomisi ve Endüstri İlişkileri,3141,EA
299,1103,Ağız Diş Sağlığı,Halkla İlişkiler ve Reklamcılık,5111,SÖZ
299,1103,Ağız Diş Sağlığı,Halkla İlişkiler ve Tanıtım,3198,SÖZ
299,1103,Ağız Diş Sağlığı,İktisat,3213,EA
299,1103,Ağız Diş Sağlığı,İşletme,3226,EA
299,1103,Ağız Diş Sağlığı,Kamu Yönetimi,3237,EA
299,1103,Ağız Diş Sağlığı,Maliye,3254,EA
299,1103,Ağız Diş Sağlığı,Sağlık Yönetimi,6298,EA
299,1103,Ağız Diş Sağlığı,Siyaset Bilimi ve Kamu Yönetimi,3314,EA
299,1103,Ağız Diş Sağlığı,Sosyal Hizmet,6318,EA
299,1103,Ağız Diş Sağlığı,Uluslararası İlişkiler,3352,EA
299,1104,Ağız ve Diş Sağlığı,Çalışma Ekonomisi ve Endüstri İlişkileri,3141,EA
299,1104,Ağız ve Diş Sağlığı,Halkla İlişkiler ve Reklamcılık,5111,SÖZ
299,1104,Ağız ve Diş Sağlığı,Halkla İlişkiler ve Tanıtım,3198,SÖZ
299,1104,Ağız ve Diş Sağlığı,İktisat,3213,EA
299,1104,Ağız ve Diş Sağlığı,İşletme,3226,EA
299,1104,Ağız ve Diş Sağlığı,Kamu Yönetimi,3237,EA
299,1104,Ağız ve Diş Sağlığı,Maliye,3254,EA
299,1104,Ağız ve Diş Sağlığı,Sağlık Yönetimi,6298,EA
299,1104,Ağız ve Diş Sağlığı,Siyaset Bilimi ve Kamu Yönetimi,3314,EA
299,1104,Ağız ve Diş Sağlığı,Sosyal Hizmet,6318,EA
299,1104,Ağız ve Diş Sağlığı,Uluslararası İlişkiler,3352,EA
299,9178,Ambulans ve Acil Bakım,Çalışma Ekonomisi ve Endüstri İlişkileri,3141,EA
299,9178,Ambulans ve Acil Bakım,Halkla İlişkiler ve Reklamcılık,5111,SÖZ
299,9178,Ambulans ve Acil Bakım,Halkla İlişkiler ve Tanıtım,3198,SÖZ
299,9178,Ambulans ve Acil Bakım,İktisat,3213,EA
299,9178,Ambulans ve Acil Bakım,İşletme,3226,EA
299,9178,Ambulans ve Acil Bakım,Kamu Yönetimi,3237,EA
299,9178,Ambulans ve Acil Bakım,Maliye,3254,EA
299,9178,Ambulans ve Acil Bakım,Sağlık Yönetimi,6298,EA
299,9178,Ambulans ve Acil Bakım,Siyaset Bilimi ve Kamu Yönetimi,3314,EA
299,9178,Ambulans ve Acil Bakım,Sosyal Hizmet,6318,EA
299,9178,Ambulans ve Acil Bakım,Uluslararası İlişkiler,3352,EA
299,1105,Ambulans ve Acil Bakım Teknikerliği,Çalışma Ekonomisi ve Endüstri İlişkileri,3141,EA
299,1105,Ambulans ve Acil Bakım Teknikerliği,Halkla İlişkiler ve Reklamcılık,5111,SÖZ
299,1105,Ambulans ve Acil Bakım Teknikerliği,Halkla İlişkiler ve Tanıtım,3198,SÖZ
299,1105,Ambulans ve Acil Bakım Teknikerliği,İktisat,3213,EA
299,1105,Ambulans ve Acil Bakım Teknikerliği,İşletme,3226,EA
299,1105,Ambulans ve Acil Bakım Teknikerliği,Kamu Yönetimi,3237,EA
299,1105,Ambulans ve Acil Bakım Teknikerliği,Maliye,3254,EA
299,1105,Ambulans ve Acil Bakım Teknikerliği,Sağlık Yönetimi,6298,EA
299,1105,Ambulans ve Acil Bakım Teknikerliği,Siyaset Bilimi ve Kamu Yönetimi,3314,EA
299,1105,Ambulans ve Acil Bakım Teknikerliği,Sosyal Hizmet,6318,EA
299,1105,Ambulans ve Acil Bakım Teknikerliği,Uluslararası İlişkiler,3352,EA
299,4205,Ameliyathane Hizmetleri,Çalışma Ekonomisi ve Endüstri İlişkileri,3141,EA
299,4205,Ameliyathane Hizmetleri,Halkla İlişkiler ve Reklamcılık,5111,SÖZ
299,4205,Ameliyathane Hizmetleri,Halkla İlişkiler ve Tanıtım,3198,SÖZ
299,4205,Ameliyathane Hizmetleri,İktisat,3213,EA
299,4205,Ameliyathane Hizmetleri,İşletme,3226,EA
299,4205,Ameliyathane Hizmetleri,Kamu Yönetimi,3237,EA
299,4205,Ameliyathane Hizmetleri,Maliye,3254,EA
299,4205,Ameliyathane Hizmetleri,Sağlık Yönetimi,6298,EA
299,4205,Ameliyathane Hizmetleri,Siyaset Bilimi ve Kamu Yönetimi,3314,EA
299,4205,Ameliyathane Hizmetleri,Sosyal Hizmet,6318,EA
299,4205,Ameliyathane Hizmetleri,Uluslararası İlişkiler,3352,EA
299,5302,Ameliyathane Teknikerliği,Çalışma Ekonomisi ve Endüstri İlişkileri,3141,EA
299,5302,Ameliyathane Teknikerliği,Halkla İlişkiler ve Reklamcılık,5111,SÖZ
299,5302,Ameliyathane Teknikerliği,Halkla İlişkiler ve Tanıtım,3198,SÖZ
299,5302,Ameliyathane Teknikerliği,İktisat,3213,EA
299,5302,Ameliyathane Teknikerliği,İşletme,3226,EA
299,5302,Ameliyathane Teknikerliği,Kamu Yönetimi,3237,EA
299,5302,Ameliyathane Teknikerliği,Maliye,3254,EA
299,5302,Ameliyathane Teknikerliği,Sağlık Yönetimi,6298,EA
299,5302,Ameliyathane Teknikerliği,Siyaset Bilimi ve Kamu Yönetimi,3314,EA
299,5302,Ameliyathane Teknikerliği,Sosyal Hizmet,6318,EA
299,5302,Ameliyathane Teknikerliği,Uluslararası İlişkiler,3352,EA
299,1106,Anestezi,Çalışma Ekonomisi ve Endüstri İlişkileri,3141,EA
299,1106,Anestezi,Halkla İlişkiler ve Reklamcılık,5111,SÖZ
299,1106,Anestezi,Halkla İlişkiler ve Tanıtım,3198,SÖZ
299,1106,Anestezi,İktisat,3213,EA
299,1106,Anestezi,İşletme,3226,EA
299,1106,Anestezi,Kamu Yönetimi,3237,EA
299,1106,Anestezi,Maliye,3254,EA
299,1106,Anestezi,Sağlık Yönetimi,6298,EA
299,1106,Anestezi,Siyaset Bilimi ve Kamu Yönetimi,3314,EA
299,1106,Anestezi,Sosyal Hizmet,6318,EA
299,1106,Anestezi,Uluslararası İlişkiler,3352,EA
299,6107,Anestezi Teknikerliği,Çalışma Ekonomisi ve Endüstri İlişkileri,3141,EA
299,6107,Anestezi Teknikerliği,Halkla İlişkiler ve Reklamcılık,5111,SÖZ
299,6107,Anestezi Teknikerliği,Halkla İlişkiler ve Tanıtım,3198,SÖZ
299,6107,Anestezi Teknikerliği,İktisat,3213,EA
299,6107,Anestezi Teknikerliği,İşletme,3226,EA
299,6107,Anestezi Teknikerliği,Kamu Yönetimi,3237,EA
299,6107,Anestezi Teknikerliği,Maliye,3254,EA
299,6107,Anestezi Teknikerliği,Sağlık Yönetimi,6298,EA
299,6107,Anestezi Teknikerliği,Siyaset Bilimi ve Kamu Yönetimi,3314,EA
299,6107,Anestezi Teknikerliği,Sosyal Hizmet,6318,EA
299,6107,Anestezi Teknikerliği,Uluslararası İlişkiler,3352,EA
299,8512,Cerrahi Teknikerliği,Çalışma Ekonomisi ve Endüstri İlişkileri,3141,EA
299,8512,Cerrahi Teknikerliği,Halkla İlişkiler ve Reklamcılık,5111,SÖZ
299,8512,Cerrahi Teknikerliği,Halkla İlişkiler ve Tanıtım,3198,SÖZ
299,8512,Cerrahi Teknikerliği,İktisat,3213,EA
299,8512,Cerrahi Teknikerliği,İşletme,3226,EA
299,8512,Cerrahi Teknikerliği,Kamu Yönetimi,3237,EA
299,8512,Cerrahi Teknikerliği,Maliye,3254,EA
299,8512,Cerrahi Teknikerliği,Sağlık Yönetimi,6298,EA
299,8512,Cerrahi Teknikerliği,Siyaset Bilimi ve Kamu Yönetimi,3314,EA
299,8512,Cerrahi Teknikerliği,Sosyal Hizmet,6318,EA
299,8512,Cerrahi Teknikerliği,Uluslararası İlişkiler,3352,EA
299,8593,Çevre Sağlığı,Çalışma Ekonomisi ve Endüstri İlişkileri,3141,EA
299,8593,Çevre Sağlığı,Halkla İlişkiler ve Reklamcılık,5111,SÖZ
299,8593,Çevre Sağlığı,Halkla İlişkiler ve Tanıtım,3198,SÖZ
299,8593,Çevre Sağlığı,İktisat,3213,EA
299,8593,Çevre Sağlığı,İşletme,3226,EA
299,8593,Çevre Sağlığı,Kamu Yönetimi,3237,EA
299,8593,Çevre Sağlığı,Maliye,3254,EA
299,8593,Çevre Sağlığı,Sağlık Yönetimi,6298,EA
299,8593,Çevre Sağlığı,Siyaset Bilimi ve Kamu Yönetimi,3314,EA
299,8593,Çevre Sağlığı,Sosyal Hizmet,6318,EA
299,8593,Çevre Sağlığı,Uluslararası İlişkiler,3352,EA
299,5323,Çocuk Gelişimi,Çalışma Ekonomisi ve Endüstri İlişkileri,3141,EA
299,5323,Çocuk Gelişimi,Halkla İlişkiler ve Reklamcılık,5111,SÖZ
299,5323,Çocuk Gelişimi,Halkla İlişkiler ve Tanıtım,3198,SÖZ
299,5323,Çocuk Gelişimi,İktisat,3213,EA
299,5323,Çocuk Gelişimi,İşletme,3226,EA
299,5323,Çocuk Gelişimi,Kamu Yönetimi,3237,EA
299,5323,Çocuk Gelişimi,Maliye,3254,EA
299,5323,Çocuk Gelişimi,Sağlık Yönetimi,6298,EA
299,5323,Çocuk Gelişimi,Siyaset Bilimi ve Kamu Yönetimi,3314,EA
299,5323,Çocuk Gelişimi,Sosyal Hizmet,6318,EA
299,5323,Çocuk Gelişimi,Uluslararası İlişkiler,3352,EA
299,9246,Çocuk Gelişimi ve Eğitimi,Çalışma Ekonomisi ve Endüstri İlişkileri,3141,EA
299,9246,Çocuk Gelişimi ve Eğitimi,Halkla İlişkiler ve Reklamcılık,5111,SÖZ
299,9246,Çocuk Gelişimi ve Eğitimi,Halkla İlişkiler ve Tanıtım,3198,SÖZ
299,9246,Çocuk Gelişimi ve Eğitimi,İktisat,3213,EA
299,9246,Çocuk Gelişimi ve Eğitimi,İşletme,3226,EA
299,9246,Çocuk Gelişimi ve Eğitimi,Kamu Yönetimi,3237,EA
299,9246,Çocuk Gelişimi ve Eğitimi,Maliye,3254,EA
299,9246,Çocuk Gelişimi ve Eğitimi,Sağlık Yönetimi,6298,EA
299,9246,Çocuk Gelişimi ve Eğitimi,Siyaset Bilimi ve Kamu Yönetimi,3314,EA
299,9246,Çocuk Gelişimi ve Eğitimi,Sosyal Hizmet,6318,EA
299,9246,Çocuk Gelişimi ve Eğitimi,Uluslararası İlişkiler,3352,EA
299,9445,Çocuk Koruma ve Bakım Hizmetleri,Çalışma Ekonomisi ve Endüstri İlişkileri,3141,EA
299,9445,Çocuk Koruma ve Bakım Hizmetleri,Halkla İlişkiler ve Reklamcılık,5111,SÖZ
299,9445,Çocuk Koruma ve Bakım Hizmetleri,Halkla İlişkiler ve Tanıtım,3198,SÖZ
299,9445,Çocuk Koruma ve Bakım Hizmetleri,İktisat,3213,EA
299,9445,Çocuk Koruma ve Bakım Hizmetleri,İşletme,3226,EA
299,9445,Çocuk Koruma ve Bakım Hizmetleri,Kamu Yönetimi,3237,EA
299,9445,Çocuk Koruma ve Bakım Hizmetleri,Maliye,3254,EA
299,9445,Çocuk Koruma ve Bakım Hizmetleri,Sağlık Yönetimi,6298,EA
299,9445,Çocuk Koruma ve Bakım Hizmetleri,Siyaset Bilimi ve Kamu Yönetimi,3314,EA
299,9445,Çocuk Koruma ve Bakım Hizmetleri,Sosyal Hizmet,6318,EA
299,9445,Çocuk Koruma ve Bakım Hizmetleri,Uluslararası İlişkiler,3352,EA
299,1147,Diyaliz,Çalışma Ekonomisi ve Endüstri İlişkileri,3141,EA
299,1147,Diyaliz,Halkla İlişkiler ve Reklamcılık,5111,SÖZ
299,1147,Diyaliz,Halkla İlişkiler ve Tanıtım,3198,SÖZ
299,1147,Diyaliz,İktisat,3213,EA
299,1147,Diyaliz,İşletme,3226,EA
299,1147,Diyaliz,Kamu Yönetimi,3237,EA
299,1147,Diyaliz,Maliye,3254,EA
299,1147,Diyaliz,Sağlık Yönetimi,6298,EA
299,1147,Diyaliz,Siyaset Bilimi ve Kamu Yönetimi,3314,EA
299,1147,Diyaliz,Sosyal Hizmet,6318,EA
299,1147,Diyaliz,Uluslararası İlişkiler,3352,EA
299,9087,Eczane Hizmetleri,Çalışma Ekonomisi ve Endüstri İlişkileri,3141,EA
299,9087,Eczane Hizmetleri,Halkla İlişkiler ve Reklamcılık,5111,SÖZ
299,9087,Eczane Hizmetleri,Halkla İlişkiler ve Tanıtım,3198,SÖZ
299,9087,Eczane Hizmetleri,İktisat,3213,EA
299,9087,Eczane Hizmetleri,İşletme,3226,EA
299,9087,Eczane Hizmetleri,Kamu Yönetimi,3237,EA
299,9087,Eczane Hizmetleri,Maliye,3254,EA
299,9087,Eczane Hizmetleri,Sağlık Yönetimi,6298,EA
299,9087,Eczane Hizmetleri,Siyaset Bilimi ve Kamu Yönetimi,3314,EA
299,9087,Eczane Hizmetleri,Sosyal Hizmet,6318,EA
299,9087,Eczane Hizmetleri,Uluslararası İlişkiler,3352,EA
299,4245,Eczane Teknikerliği,Çalışma Ekonomisi ve Endüstri İlişkileri,3141,EA
299,4245,Eczane Teknikerliği,Halkla İlişkiler ve Reklamcılık,5111,SÖZ
299,4245,Eczane Teknikerliği,Halkla İlişkiler ve Tanıtım,3198,SÖZ
299,4245,Eczane Teknikerliği,İktisat,3213,EA
299,4245,Eczane Teknikerliği,İşletme,3226,EA
299,4245,Eczane Teknikerliği,Kamu Yönetimi,3237,EA
299,4245,Eczane Teknikerliği,Maliye,3254,EA
299,4245,Eczane Teknikerliği,Sağlık Yönetimi,6298,EA
299,4245,Eczane Teknikerliği,Siyaset Bilimi ve Kamu Yönetimi,3314,EA
299,4245,Eczane Teknikerliği,Sosyal Hizmet,6318,EA
299,4245,Eczane Teknikerliği,Uluslararası İlişkiler,3352,EA
299,9322,Engelli Bakımı ve Rehabilitasyon,Çalışma Ekonomisi ve Endüstri İlişkileri,3141,EA
299,9322,Engelli Bakımı ve Rehabilitasyon,Halkla İlişkiler ve Reklamcılık,5111,SÖZ
299,9322,Engelli Bakımı ve Rehabilitasyon,Halkla İlişkiler ve Tanıtım,3198,SÖZ
299,9322,Engelli Bakımı ve Rehabilitasyon,İktisat,3213,EA
299,9322,Engelli Bakımı ve Rehabilitasyon,İşletme,3226,EA
299,9322,Engelli Bakımı ve Rehabilitasyon,Kamu Yönetimi,3237,EA
299,9322,Engelli Bakımı ve Rehabilitasyon,Maliye,3254,EA
299,9322,Engelli Bakımı ve Rehabilitasyon,Sağlık Yönetimi,6298,EA
299,9322,Engelli Bakımı ve Rehabilitasyon,Siyaset Bilimi ve Kamu Yönetimi,3314,EA
299,9322,Engelli Bakımı ve Rehabilitasyon,Sosyal Hizmet,6318,EA
299,9322,Engelli Bakımı ve Rehabilitasyon,Uluslararası İlişkiler,3352,EA
299,9008,Evde Hasta Bakımı,Çalışma Ekonomisi ve Endüstri İlişkileri,3141,EA
299,9008,Evde Hasta Bakımı,Halkla İlişkiler ve Reklamcılık,5111,SÖZ
299,9008,Evde Hasta Bakımı,Halkla İlişkiler ve Tanıtım,3198,SÖZ
299,9008,Evde Hasta Bakımı,İktisat,3213,EA
299,9008,Evde Hasta Bakımı,İşletme,3226,EA
299,9008,Evde Hasta Bakımı,Kamu Yönetimi,3237,EA
299,9008,Evde Hasta Bakımı,Maliye,3254,EA
299,9008,Evde Hasta Bakımı,Sağlık Yönetimi,6298,EA
299,9008,Evde Hasta Bakımı,Siyaset Bilimi ve Kamu Yönetimi,3314,EA
299,9008,Evde Hasta Bakımı,Sosyal Hizmet,6318,EA
299,9008,Evde Hasta Bakımı,Uluslararası İlişkiler,3352,EA
299,1437,Hasta Bakımı,Çalışma Ekonomisi ve Endüstri İlişkileri,3141,EA
299,1437,Hasta Bakımı,Halkla İlişkiler ve Reklamcılık,5111,SÖZ
299,1437,Hasta Bakımı,Halkla İlişkiler ve Tanıtım,3198,SÖZ
299,1437,Hasta Bakımı,İktisat,3213,EA
299,1437,Hasta Bakımı,İşletme,3226,EA
299,1437,Hasta Bakımı,Kamu Yönetimi,3237,EA
299,1437,Hasta Bakımı,Maliye,3254,EA
299,1437,Hasta Bakımı,Sağlık Yönetimi,6298,EA
299,1437,Hasta Bakımı,Siyaset Bilimi ve Kamu Yönetimi,3314,EA
299,1437,Hasta Bakımı,Sosyal Hizmet,6318,EA
299,1437,Hasta Bakımı,Uluslararası İlişkiler,3352,EA
299,9196,İlk ve Acil Yardım (Myo/Yo),Çalışma Ekonomisi ve Endüstri İlişkileri,3141,EA
299,9196,İlk ve Acil Yardım (Myo/Yo),Halkla İlişkiler ve Reklamcılık,5111,SÖZ
299,9196,İlk ve Acil Yardım (Myo/Yo),Halkla İlişkiler ve Tanıtım,3198,SÖZ
299,9196,İlk ve Acil Yardım (Myo/Yo),İktisat,3213,EA
299,9196,İlk ve Acil Yardım (Myo/Yo),İşletme,3226,EA
299,9196,İlk ve Acil Yardım (Myo/Yo),Kamu Yönetimi,3237,EA
299,9196,İlk ve Acil Yardım (Myo/Yo),Maliye,3254,EA
299,9196,İlk ve Acil Yardım (Myo/Yo),Sağlık Yönetimi,6298,EA
299,9196,İlk ve Acil Yardım (Myo/Yo),Siyaset Bilimi ve Kamu Yönetimi,3314,EA
299,9196,İlk ve Acil Yardım (Myo/Yo),Sosyal Hizmet,6318,EA
299,9196,İlk ve Acil Yardım (Myo/Yo),Uluslararası İlişkiler,3352,EA
299,9579,İlk ve Acil Yardım (Tıp),Çalışma Ekonomisi ve Endüstri İlişkileri,3141,EA
299,9579,İlk ve Acil Yardım (Tıp),Halkla İlişkiler ve Reklamcılık,5111,SÖZ
299,9579,İlk ve Acil Yardım (Tıp),Halkla İlişkiler ve Tanıtım,3198,SÖZ
299,9579,İlk ve Acil Yardım (Tıp),İktisat,3213,EA
299,9579,İlk ve Acil Yardım (Tıp),İşletme,3226,EA
299,9579,İlk ve Acil Yardım (Tıp),Kamu Yönetimi,3237,EA
299,9579,İlk ve Acil Yardım (Tıp),Maliye,3254,EA
299,9579,İlk ve Acil Yardım (Tıp),Sağlık Yönetimi,6298,EA
299,9579,İlk ve Acil Yardım (Tıp),Siyaset Bilimi ve Kamu Yönetimi,3314,EA
299,9579,İlk ve Acil Yardım (Tıp),Sosyal Hizmet,6318,EA
299,9579,İlk ve Acil Yardım (Tıp),Uluslararası İlişkiler,3352,EA
299,5340,İş ve Uğraşı Terapisi,Çalışma Ekonomisi ve Endüstri İlişkileri,3141,EA
299,5340,İş ve Uğraşı Terapisi,Halkla İlişkiler ve Reklamcılık,5111,SÖZ
299,5340,İş ve Uğraşı Terapisi,Halkla İlişkiler ve Tanıtım,3198,SÖZ
299,5340,İş ve Uğraşı Terapisi,İktisat,3213,EA
299,5340,İş ve Uğraşı Terapisi,İşletme,3226,EA
299,5340,İş ve Uğraşı Terapisi,Kamu Yönetimi,3237,EA
299,5340,İş ve Uğraşı Terapisi,Maliye,3254,EA
299,5340,İş ve Uğraşı Terapisi,Sağlık Yönetimi,6298,EA
299,5340,İş ve Uğraşı Terapisi,Siyaset Bilimi ve Kamu Yönetimi,3314,EA
299,5340,İş ve Uğraşı Terapisi,Sosyal Hizmet,6318,EA
299,5340,İş ve Uğraşı Terapisi,Uluslararası İlişkiler,3352,EA
299,9096,Otopsi Yardımcılığı,Çalışma Ekonomisi ve Endüstri İlişkileri,3141,EA
299,9096,Otopsi Yardımcılığı,Halkla İlişkiler ve Reklamcılık,5111,SÖZ
299,9096,Otopsi Yardımcılığı,Halkla İlişkiler ve Tanıtım,3198,SÖZ
299,9096,Otopsi Yardımcılığı,İktisat,3213,EA
299,9096,Otopsi Yardımcılığı,İşletme,3226,EA
299,9096,Otopsi Yardımcılığı,Kamu Yönetimi,3237,EA
299,9096,Otopsi Yardımcılığı,Maliye,3254,EA
299,9096,Otopsi Yardımcılığı,Sağlık Yönetimi,6298,EA
299,9096,Otopsi Yardımcılığı,Siyaset Bilimi ve Kamu Yönetimi,3314,EA
299,9096,Otopsi Yardımcılığı,Sosyal Hizmet,6318,EA
299,9096,Otopsi Yardımcılığı,Uluslararası İlişkiler,3352,EA
299,9082,Paramedik,Çalışma Ekonomisi ve Endüstri İlişkileri,3141,EA
299,9082,Paramedik,Halkla İlişkiler ve Reklamcılık,5111,SÖZ
299,9082,Paramedik,Halkla İlişkiler ve Tanıtım,3198,SÖZ
299,9082,Paramedik,İktisat,3213,EA
299,9082,Paramedik,İşletme,3226,EA
299,9082,Paramedik,Kamu Yönetimi,3237,EA
299,9082,Paramedik,Maliye,3254,EA
299,9082,Paramedik,Sağlık Yönetimi,6298,EA
299,9082,Paramedik,Siyaset Bilimi ve Kamu Yönetimi,3314,EA
299,9082,Paramedik,Sosyal Hizmet,6318,EA
299,9082,Paramedik,Uluslararası İlişkiler,3352,EA
299,4403,Yaşlı Bakım Hizmetleri,Çalışma Ekonomisi ve Endüstri İlişkileri,3141,EA
299,4403,Yaşlı Bakım Hizmetleri,Halkla İlişkiler ve Reklamcılık,5111,SÖZ
299,4403,Yaşlı Bakım Hizmetleri,Halkla İlişkiler ve Tanıtım,3198,SÖZ
299,4403,Yaşlı Bakım Hizmetleri,İktisat,3213,EA
299,4403,Yaşlı Bakım Hizmetleri,İşletme,3226,EA
299,4403,Yaşlı Bakım Hizmetleri,Kamu Yönetimi,3237,EA
299,4403,Yaşlı Bakım Hizmetleri,Maliye,3254,EA
299,4403,Yaşlı Bakım Hizmetleri,Sağlık Yönetimi,6298,EA
299,4403,Yaşlı Bakım Hizmetleri,Siyaset Bilimi ve Kamu Yönetimi,3314,EA
299,4403,Yaşlı Bakım Hizmetleri,Sosyal Hizmet,6318,EA
299,4403,Yaşlı Bakım Hizmetleri,Uluslararası İlişkiler,3352,EA
299,9080,Yaşlı Bakımı,Çalışma Ekonomisi ve Endüstri İlişkileri,3141,EA
299,9080,Yaşlı Bakımı,Halkla İlişkiler ve Reklamcılık,5111,SÖZ
299,9080,Yaşlı Bakımı,Halkla İlişkiler ve Tanıtım,3198,SÖZ
299,9080,Yaşlı Bakımı,İktisat,3213,EA
299,9080,Yaşlı Bakımı,İşletme,3226,EA
299,9080,Yaşlı Bakımı,Kamu Yönetimi,3237,EA
299,9080,Yaşlı Bakımı,Maliye,3254,EA
299,9080,Yaşlı Bakımı,Sağlık Yönetimi,6298,EA
299,9080,Yaşlı Bakımı,Siyaset Bilimi ve Kamu Yönetimi,3314,EA
299,9080,Yaşlı Bakımı,Sosyal Hizmet,6318,EA
299,9080,Yaşlı Bakımı,Uluslararası İlişkiler,3352,EA
299,8647,Yaşlı Hizmetleri Bakımı,Çalışma Ekonomisi ve Endüstri İlişkileri,3141,EA
299,8647,Yaşlı Hizmetleri Bakımı,Halkla İlişkiler ve Reklamcılık,5111,SÖZ
299,8647,Yaşlı Hizmetleri Bakımı,Halkla İlişkiler ve Tanıtım,3198,SÖZ
299,8647,Yaşlı Hizmetleri Bakımı,İktisat,3213,EA
299,8647,Yaşlı Hizmetleri Bakımı,İşletme,3226,EA
299,8647,Yaşlı Hizmetleri Bakımı,Kamu Yönetimi,3237,EA
299,8647,Yaşlı Hizmetleri Bakımı,Maliye,3254,EA
299,8647,Yaşlı Hizmetleri Bakımı,Sağlık Yönetimi,6298,EA
299,8647,Yaşlı Hizmetleri Bakımı,Siyaset Bilimi ve Kamu Yönetimi,3314,EA
299,8647,Yaşlı Hizmetleri Bakımı,Sosyal Hizmet,6318,EA
299,8647,Yaşlı Hizmetleri Bakımı,Uluslararası İlişkiler,3352,EA
300,9132,Acil Durum ve Afet Yönetimi,Çalışma Ekonomisi ve Endüstri İlişkileri,3141,EA
300,9132,Acil Durum ve Afet Yönetimi,Halkla İlişkiler ve Reklamcılık,5111,SÖZ
300,9132,Acil Durum ve Afet Yönetimi,Halkla İlişkiler ve Tanıtım,3198,SÖZ
300,9132,Acil Durum ve Afet Yönetimi,İktisat,3213,EA
300,9132,Acil Durum ve Afet Yönetimi,İşletme,3226,EA
300,9132,Acil Durum ve Afet Yönetimi,Kamu Yönetimi,3237,EA
300,9132,Acil Durum ve Afet Yönetimi,Maliye,3254,EA
300,9132,Acil Durum ve Afet Yönetimi,Siyaset Bilimi ve Kamu Yönetimi,3314,EA
300,9132,Acil Durum ve Afet Yönetimi,Uluslararası İlişkiler,3352,EA
300,1446,Açık Deniz Sondaj Teknolojisi,Çalışma Ekonomisi ve Endüstri İlişkileri,3141,EA
300,1446,Açık Deniz Sondaj Teknolojisi,Halkla İlişkiler ve Reklamcılık,5111,SÖZ
300,1446,Açık Deniz Sondaj Teknolojisi,Halkla İlişkiler ve Tanıtım,3198,SÖZ
300,1446,Açık Deniz Sondaj Teknolojisi,İktisat,3213,EA
300,1446,Açık Deniz Sondaj Teknolojisi,İşletme,3226,EA
300,1446,Açık Deniz Sondaj Teknolojisi,Kamu Yönetimi,3237,EA
300,1446,Açık Deniz Sondaj Teknolojisi,Maliye,3254,EA
300,1446,Açık Deniz Sondaj Teknolojisi,Siyaset Bilimi ve Kamu Yönetimi,3314,EA
300,1446,Açık Deniz Sondaj Teknolojisi,Uluslararası İlişkiler,3352,EA
300,1447,Açık Deniz Tabanı Uygulamaları Teknolojisi,Çalışma Ekonomisi ve Endüstri İlişkileri,3141,EA
300,1447,Açık Deniz Tabanı Uygulamaları Teknolojisi,Halkla İlişkiler ve Reklamcılık,5111,SÖZ
300,1447,Açık Deniz Tabanı Uygulamaları Teknolojisi,Halkla İlişkiler ve Tanıtım,3198,SÖZ
300,1447,Açık Deniz Tabanı Uygulamaları Teknolojisi,İktisat,3213,EA
300,1447,Açık Deniz Tabanı Uygulamaları Teknolojisi,İşletme,3226,EA
300,1447,Açık Deniz Tabanı Uygulamaları Teknolojisi,Kamu Yönetimi,3237,EA
300,1447,Açık Deniz Tabanı Uygulamaları Teknolojisi,Maliye,3254,EA
300,1447,Açık Deniz Tabanı Uygulamaları Teknolojisi,Siyaset Bilimi ve Kamu Yönetimi,3314,EA
300,1447,Açık Deniz Tabanı Uygulamaları Teknolojisi,Uluslararası İlişkiler,3352,EA
300,8587,Açıkhava Reklam Ürünleri ve Serigrafi,Çalışma Ekonomisi ve Endüstri İlişkileri,3141,EA
300,8587,Açıkhava Reklam Ürünleri ve Serigrafi,Halkla İlişkiler ve Reklamcılık,5111,SÖZ
300,8587,Açıkhava Reklam Ürünleri ve Serigrafi,Halkla İlişkiler ve Tanıtım,3198,SÖZ
300,8587,Açıkhava Reklam Ürünleri ve Serigrafi,İktisat,3213,EA
300,8587,Açıkhava Reklam Ürünleri ve Serigrafi,İşletme,3226,EA
300,8587,Açıkhava Reklam Ürünleri ve Serigrafi,Kamu Yönetimi,3237,EA
300,8587,Açıkhava Reklam Ürünleri ve Serigrafi,Maliye,3254,EA
300,8587,Açıkhava Reklam Ürünleri ve Serigrafi,Siyaset Bilimi ve Kamu Yönetimi,3314,EA
300,8587,Açıkhava Reklam Ürünleri ve Serigrafi,Uluslararası İlişkiler,3352,EA
300,5301,Ağaç İşleri,Çalışma Ekonomisi ve Endüstri İlişkileri,3141,EA
300,5301,Ağaç İşleri,Halkla İlişkiler ve Reklamcılık,5111,SÖZ
300,5301,Ağaç İşleri,Halkla İlişkiler ve Tanıtım,3198,SÖZ
300,5301,Ağaç İşleri,İktisat,3213,EA
300,5301,Ağaç İşleri,İşletme,3226,EA
300,5301,Ağaç İşleri,Kamu Yönetimi,3237,EA
300,5301,Ağaç İşleri,Maliye,3254,EA
300,5301,Ağaç İşleri,Siyaset Bilimi ve Kamu Yönetimi,3314,EA
300,5301,Ağaç İşleri,Uluslararası İlişkiler,3352,EA
300,1489,AKILLI ALTYAPILAR TEKNİKERLİĞİ,Çalışma Ekonomisi ve Endüstri İlişkileri,3141,EA
300,1489,AKILLI ALTYAPILAR TEKNİKERLİĞİ,Halkla İlişkiler ve Reklamcılık,5111,SÖZ
300,1489,AKILLI ALTYAPILAR TEKNİKERLİĞİ,Halkla İlişkiler ve Tanıtım,3198,SÖZ
300,1489,AKILLI ALTYAPILAR TEKNİKERLİĞİ,İktisat,3213,EA
300,1489,AKILLI ALTYAPILAR TEKNİKERLİĞİ,İşletme,3226,EA
300,1489,AKILLI ALTYAPILAR TEKNİKERLİĞİ,Kamu Yönetimi,3237,EA
300,1489,AKILLI ALTYAPILAR TEKNİKERLİĞİ,Maliye,3254,EA
300,1489,AKILLI ALTYAPILAR TEKNİKERLİĞİ,Siyaset Bilimi ve Kamu Yönetimi,3314,EA
300,1489,AKILLI ALTYAPILAR TEKNİKERLİĞİ,Uluslararası İlişkiler,3352,EA
300,1490,AKILLI SERA TEKNOLOJİLERİ,Çalışma Ekonomisi ve Endüstri İlişkileri,3141,EA
300,1490,AKILLI SERA TEKNOLOJİLERİ,Halkla İlişkiler ve Reklamcılık,5111,SÖZ
300,1490,AKILLI SERA TEKNOLOJİLERİ,Halkla İlişkiler ve Tanıtım,3198,SÖZ
300,1490,AKILLI SERA TEKNOLOJİLERİ,İktisat,3213,EA
300,1490,AKILLI SERA TEKNOLOJİLERİ,İşletme,3226,EA
300,1490,AKILLI SERA TEKNOLOJİLERİ,Kamu Yönetimi,3237,EA
300,1490,AKILLI SERA TEKNOLOJİLERİ,Maliye,3254,EA
300,1490,AKILLI SERA TEKNOLOJİLERİ,Siyaset Bilimi ve Kamu Yönetimi,3314,EA
300,1490,AKILLI SERA TEKNOLOJİLERİ,Uluslararası İlişkiler,3352,EA
300,1491,AKILLI TARIM VE GIDA YÖNETİMİ,Çalışma Ekonomisi ve Endüstri İlişkileri,3141,EA
300,1491,AKILLI TARIM VE GIDA YÖNETİMİ,Halkla İlişkiler ve Reklamcılık,5111,SÖZ
300,1491,AKILLI TARIM VE GIDA YÖNETİMİ,Halkla İlişkiler ve Tanıtım,3198,SÖZ
300,1491,AKILLI TARIM VE GIDA YÖNETİMİ,İktisat,3213,EA
300,1491,AKILLI TARIM VE GIDA YÖNETİMİ,İşletme,3226,EA
300,1491,AKILLI TARIM VE GIDA YÖNETİMİ,Kamu Yönetimi,3237,EA
300,1491,AKILLI TARIM VE GIDA YÖNETİMİ,Maliye,3254,EA
300,1491,AKILLI TARIM VE GIDA YÖNETİMİ,Siyaset Bilimi ve Kamu Yönetimi,3314,EA
300,1491,AKILLI TARIM VE GIDA YÖNETİMİ,Uluslararası İlişkiler,3352,EA
300,9149,Alternatif Enerji Kaynakları Teknolojisi,Çalışma Ekonomisi ve Endüstri İlişkileri,3141,EA
300,9149,Alternatif Enerji Kaynakları Teknolojisi,Halkla İlişkiler ve Reklamcılık,5111,SÖZ
300,9149,Alternatif Enerji Kaynakları Teknolojisi,Halkla İlişkiler ve Tanıtım,3198,SÖZ
300,9149,Alternatif Enerji Kaynakları Teknolojisi,İktisat,3213,EA
300,9149,Alternatif Enerji Kaynakları Teknolojisi,İşletme,3226,EA
300,9149,Alternatif Enerji Kaynakları Teknolojisi,Kamu Yönetimi,3237,EA
300,9149,Alternatif Enerji Kaynakları Teknolojisi,Maliye,3254,EA
300,9149,Alternatif Enerji Kaynakları Teknolojisi,Siyaset Bilimi ve Kamu Yönetimi,3314,EA
300,9149,Alternatif Enerji Kaynakları Teknolojisi,Uluslararası İlişkiler,3352,EA
300,9554,Altyapı,Çalışma Ekonomisi ve Endüstri İlişkileri,3141,EA
300,9554,Altyapı,Halkla İlişkiler ve Reklamcılık,5111,SÖZ
300,9554,Altyapı,Halkla İlişkiler ve Tanıtım,3198,SÖZ
300,9554,Altyapı,İktisat,3213,EA
300,9554,Altyapı,İşletme,3226,EA
300,9554,Altyapı,Kamu Yönetimi,3237,EA
300,9554,Altyapı,Maliye,3254,EA
300,9554,Altyapı,Siyaset Bilimi ve Kamu Yönetimi,3314,EA
300,9554,Altyapı,Uluslararası İlişkiler,3352,EA
300,1412,Ambalaj Tasarımı,Çalışma Ekonomisi ve Endüstri İlişkileri,3141,EA
300,1412,Ambalaj Tasarımı,Halkla İlişkiler ve Reklamcılık,5111,SÖZ
300,1412,Ambalaj Tasarımı,Halkla İlişkiler ve Tanıtım,3198,SÖZ
300,1412,Ambalaj Tasarımı,İktisat,3213,EA
300,1412,Ambalaj Tasarımı,İşletme,3226,EA
300,1412,Ambalaj Tasarımı,Kamu Yönetimi,3237,EA
300,1412,Ambalaj Tasarımı,Maliye,3254,EA
300,1412,Ambalaj Tasarımı,Siyaset Bilimi ve Kamu Yönetimi,3314,EA
300,1412,Ambalaj Tasarımı,Uluslararası İlişkiler,3352,EA
300,1108,Antep Fıstığı Tarımı ve Teknolojisi,Çalışma Ekonomisi ve Endüstri İlişkileri,3141,EA
300,1108,Antep Fıstığı Tarımı ve Teknolojisi,Halkla İlişkiler ve Reklamcılık,5111,SÖZ
300,1108,Antep Fıstığı Tarımı ve Teknolojisi,Halkla İlişkiler ve Tanıtım,3198,SÖZ
300,1108,Antep Fıstığı Tarımı ve Teknolojisi,İktisat,3213,EA
300,1108,Antep Fıstığı Tarımı ve Teknolojisi,İşletme,3226,EA
300,1108,Antep Fıstığı Tarımı ve Teknolojisi,Kamu Yönetimi,3237,EA
300,1108,Antep Fıstığı Tarımı ve Teknolojisi,Maliye,3254,EA
300,1108,Antep Fıstığı Tarımı ve Teknolojisi,Siyaset Bilimi ve Kamu Yönetimi,3314,EA
300,1108,Antep Fıstığı Tarımı ve Teknolojisi,Uluslararası İlişkiler,3352,EA
300,9186,"Antep Fıstığı, Tarımı ve İşleme Teknolojisi",Çalışma Ekonomisi ve Endüstri İlişkileri,3141,EA
300,9186,"Antep Fıstığı, Tarımı ve İşleme Teknolojisi",Halkla İlişkiler ve Reklamcılık,5111,SÖZ
300,9186,"Antep Fıstığı, Tarımı ve İşleme Teknolojisi",Halkla İlişkiler ve Tanıtım,3198,SÖZ
300,9186,"Antep Fıstığı, Tarımı ve İşleme Teknolojisi",İktisat,3213,EA
300,9186,"Antep Fıstığı, Tarımı ve İşleme Teknolojisi",İşletme,3226,EA
300,9186,"Antep Fıstığı, Tarımı ve İşleme Teknolojisi",Kamu Yönetimi,3237,EA
300,9186,"Antep Fıstığı, Tarımı ve İşleme Teknolojisi",Maliye,3254,EA
300,9186,"Antep Fıstığı, Tarımı ve İşleme Teknolojisi",Siyaset Bilimi ve Kamu Yönetimi,3314,EA
300,9186,"Antep Fıstığı, Tarımı ve İşleme Teknolojisi",Uluslararası İlişkiler,3352,EA
300,5303,Antrenörlük ve Seyislik,Çalışma Ekonomisi ve Endüstri İlişkileri,3141,EA
300,5303,Antrenörlük ve Seyislik,Halkla İlişkiler ve Reklamcılık,5111,SÖZ
300,5303,Antrenörlük ve Seyislik,Halkla İlişkiler ve Tanıtım,3198,SÖZ
300,5303,Antrenörlük ve Seyislik,İktisat,3213,EA
300,5303,Antrenörlük ve Seyislik,İşletme,3226,EA
300,5303,Antrenörlük ve Seyislik,Kamu Yönetimi,3237,EA
300,5303,Antrenörlük ve Seyislik,Maliye,3254,EA
300,5303,Antrenörlük ve Seyislik,Siyaset Bilimi ve Kamu Yönetimi,3314,EA
300,5303,Antrenörlük ve Seyislik,Uluslararası İlişkiler,3352,EA
300,8503,Arazi Muhafaza ve Islah,Çalışma Ekonomisi ve Endüstri İlişkileri,3141,EA
300,8503,Arazi Muhafaza ve Islah,Halkla İlişkiler ve Reklamcılık,5111,SÖZ
300,8503,Arazi Muhafaza ve Islah,Halkla İlişkiler ve Tanıtım,3198,SÖZ
300,8503,Arazi Muhafaza ve Islah,İktisat,3213,EA
300,8503,Arazi Muhafaza ve Islah,İşletme,3226,EA
300,8503,Arazi Muhafaza ve Islah,Kamu Yönetimi,3237,EA
300,8503,Arazi Muhafaza ve Islah,Maliye,3254,EA
300,8503,Arazi Muhafaza ve Islah,Siyaset Bilimi ve Kamu Yönetimi,3314,EA
300,8503,Arazi Muhafaza ve Islah,Uluslararası İlişkiler,3352,EA
300,1109,Arıcılık,Çalışma Ekonomisi ve Endüstri İlişkileri,3141,EA
300,1109,Arıcılık,Halkla İlişkiler ve Reklamcılık,5111,SÖZ
300,1109,Arıcılık,Halkla İlişkiler ve Tanıtım,3198,SÖZ
300,1109,Arıcılık,İktisat,3213,EA
300,1109,Arıcılık,İşletme,3226,EA
300,1109,Arıcılık,Kamu Yönetimi,3237,EA
300,1109,Arıcılık,Maliye,3254,EA
300,1109,Arıcılık,Siyaset Bilimi ve Kamu Yönetimi,3314,EA
300,1109,Arıcılık,Uluslararası İlişkiler,3352,EA
300,1110,Aşçılık,Çalışma Ekonomisi ve Endüstri İlişkileri,3141,EA
300,1110,Aşçılık,Halkla İlişkiler ve Reklamcılık,5111,SÖZ
300,1110,Aşçılık,Halkla İlişkiler ve Tanıtım,3198,SÖZ
300,1110,Aşçılık,İktisat,3213,EA
300,1110,Aşçılık,İşletme,3226,EA
300,1110,Aşçılık,Kamu Yönetimi,3237,EA
300,1110,Aşçılık,Maliye,3254,EA
300,1110,Aşçılık,Siyaset Bilimi ve Kamu Yönetimi,3314,EA
300,1110,Aşçılık,Uluslararası İlişkiler,3352,EA
300,5304,At Antrenörlüğü,Çalışma Ekonomisi ve Endüstri İlişkileri,3141,EA
300,5304,At Antrenörlüğü,Halkla İlişkiler ve Reklamcılık,5111,SÖZ
300,5304,At Antrenörlüğü,Halkla İlişkiler ve Tanıtım,3198,SÖZ
300,5304,At Antrenörlüğü,İktisat,3213,EA
300,5304,At Antrenörlüğü,İşletme,3226,EA
300,5304,At Antrenörlüğü,Kamu Yönetimi,3237,EA
300,5304,At Antrenörlüğü,Maliye,3254,EA
300,5304,At Antrenörlüğü,Siyaset Bilimi ve Kamu Yönetimi,3314,EA
300,5304,At Antrenörlüğü,Uluslararası İlişkiler,3352,EA
300,5305,Atçılık İşletmeciliği,Çalışma Ekonomisi ve Endüstri İlişkileri,3141,EA
300,5305,Atçılık İşletmeciliği,Halkla İlişkiler ve Reklamcılık,5111,SÖZ
300,5305,Atçılık İşletmeciliği,Halkla İlişkiler ve Tanıtım,3198,SÖZ
300,5305,Atçılık İşletmeciliği,İktisat,3213,EA
300,5305,Atçılık İşletmeciliği,İşletme,3226,EA
300,5305,Atçılık İşletmeciliği,Kamu Yönetimi,3237,EA
300,5305,Atçılık İşletmeciliği,Maliye,3254,EA
300,5305,Atçılık İşletmeciliği,Siyaset Bilimi ve Kamu Yönetimi,3314,EA
300,5305,Atçılık İşletmeciliği,Uluslararası İlişkiler,3352,EA
300,9062,Atçılık ve Antrenörlüğü,Çalışma Ekonomisi ve Endüstri İlişkileri,3141,EA
300,9062,Atçılık ve Antrenörlüğü,Halkla İlişkiler ve Reklamcılık,5111,SÖZ
300,9062,Atçılık ve Antrenörlüğü,Halkla İlişkiler ve Tanıtım,3198,SÖZ
300,9062,Atçılık ve Antrenörlüğü,İktisat,3213,EA
300,9062,Atçılık ve Antrenörlüğü,İşletme,3226,EA
300,9062,Atçılık ve Antrenörlüğü,Kamu Yönetimi,3237,EA
300,9062,Atçılık ve Antrenörlüğü,Maliye,3254,EA
300,9062,Atçılık ve Antrenörlüğü,Siyaset Bilimi ve Kamu Yönetimi,3314,EA
300,9062,Atçılık ve Antrenörlüğü,Uluslararası İlişkiler,3352,EA
300,9594,Atık Yönetimi,Çalışma Ekonomisi ve Endüstri İlişkileri,3141,EA
300,9594,Atık Yönetimi,Halkla İlişkiler ve Reklamcılık,5111,SÖZ
300,9594,Atık Yönetimi,Halkla İlişkiler ve Tanıtım,3198,SÖZ
300,9594,Atık Yönetimi,İktisat,3213,EA
300,9594,Atık Yönetimi,İşletme,3226,EA
300,9594,Atık Yönetimi,Kamu Yönetimi,3237,EA
300,9594,Atık Yönetimi,Maliye,3254,EA
300,9594,Atık Yönetimi,Siyaset Bilimi ve Kamu Yönetimi,3314,EA
300,9594,Atık Yönetimi,Uluslararası İlişkiler,3352,EA
300,5306,Av ve Yaban Hayatı,Çalışma Ekonomisi ve Endüstri İlişkileri,3141,EA
300,5306,Av ve Yaban Hayatı,Halkla İlişkiler ve Reklamcılık,5111,SÖZ
300,5306,Av ve Yaban Hayatı,Halkla İlişkiler ve Tanıtım,3198,SÖZ
300,5306,Av ve Yaban Hayatı,İktisat,3213,EA
300,5306,Av ve Yaban Hayatı,İşletme,3226,EA
300,5306,Av ve Yaban Hayatı,Kamu Yönetimi,3237,EA
300,5306,Av ve Yaban Hayatı,Maliye,3254,EA
300,5306,Av ve Yaban Hayatı,Siyaset Bilimi ve Kamu Yönetimi,3314,EA
300,5306,Av ve Yaban Hayatı,Uluslararası İlişkiler,3352,EA
300,9072,Avcılık ve Yaban Hayatı,Çalışma Ekonomisi ve Endüstri İlişkileri,3141,EA
300,9072,Avcılık ve Yaban Hayatı,Halkla İlişkiler ve Reklamcılık,5111,SÖZ
300,9072,Avcılık ve Yaban Hayatı,Halkla İlişkiler ve Tanıtım,3198,SÖZ
300,9072,Avcılık ve Yaban Hayatı,İktisat,3213,EA
300,9072,Avcılık ve Yaban Hayatı,İşletme,3226,EA
300,9072,Avcılık ve Yaban Hayatı,Kamu Yönetimi,3237,EA
300,9072,Avcılık ve Yaban Hayatı,Maliye,3254,EA
300,9072,Avcılık ve Yaban Hayatı,Siyaset Bilimi ve Kamu Yönetimi,3314,EA
300,9072,Avcılık ve Yaban Hayatı,Uluslararası İlişkiler,3352,EA
300,8591,Ayakkabı Tasarımı,Çalışma Ekonomisi ve Endüstri İlişkileri,3141,EA
300,8591,Ayakkabı Tasarımı,Halkla İlişkiler ve Reklamcılık,5111,SÖZ
300,8591,Ayakkabı Tasarımı,Halkla İlişkiler ve Tanıtım,3198,SÖZ
300,8591,Ayakkabı Tasarımı,İktisat,3213,EA
300,8591,Ayakkabı Tasarımı,İşletme,3226,EA
300,8591,Ayakkabı Tasarımı,Kamu Yönetimi,3237,EA
300,8591,Ayakkabı Tasarımı,Maliye,3254,EA
300,8591,Ayakkabı Tasarımı,Siyaset Bilimi ve Kamu Yönetimi,3314,EA
300,8591,Ayakkabı Tasarımı,Uluslararası İlişkiler,3352,EA
300,9018,Ayakkabı Tasarımı ve Üretimi / Ayakkabı Tasarım ve,Çalışma Ekonomisi ve Endüstri İlişkileri,3141,EA
300,9018,Ayakkabı Tasarımı ve Üretimi / Ayakkabı Tasarım ve,Halkla İlişkiler ve Reklamcılık,5111,SÖZ
300,9018,Ayakkabı Tasarımı ve Üretimi / Ayakkabı Tasarım ve,Halkla İlişkiler ve Tanıtım,3198,SÖZ
300,9018,Ayakkabı Tasarımı ve Üretimi / Ayakkabı Tasarım ve,İktisat,3213,EA
300,9018,Ayakkabı Tasarımı ve Üretimi / Ayakkabı Tasarım ve,İşletme,3226,EA
300,9018,Ayakkabı Tasarımı ve Üretimi / Ayakkabı Tasarım ve,Kamu Yönetimi,3237,EA
300,9018,Ayakkabı Tasarımı ve Üretimi / Ayakkabı Tasarım ve,Maliye,3254,EA
300,9018,Ayakkabı Tasarımı ve Üretimi / Ayakkabı Tasarım ve,Siyaset Bilimi ve Kamu Yönetimi,3314,EA
300,9018,Ayakkabı Tasarımı ve Üretimi / Ayakkabı Tasarım ve,Uluslararası İlişkiler,3352,EA
300,4210,Ayakkabı ve Saraciye Tasarımı,Çalışma Ekonomisi ve Endüstri İlişkileri,3141,EA
300,4210,Ayakkabı ve Saraciye Tasarımı,Halkla İlişkiler ve Reklamcılık,5111,SÖZ
300,4210,Ayakkabı ve Saraciye Tasarımı,Halkla İlişkiler ve Tanıtım,3198,SÖZ
300,4210,Ayakkabı ve Saraciye Tasarımı,İktisat,3213,EA
300,4210,Ayakkabı ve Saraciye Tasarımı,İşletme,3226,EA
300,4210,Ayakkabı ve Saraciye Tasarımı,Kamu Yönetimi,3237,EA
300,4210,Ayakkabı ve Saraciye Tasarımı,Maliye,3254,EA
300,4210,Ayakkabı ve Saraciye Tasarımı,Siyaset Bilimi ve Kamu Yönetimi,3314,EA
300,4210,Ayakkabı ve Saraciye Tasarımı,Uluslararası İlişkiler,3352,EA
300,1111,Bağcılık,Çalışma Ekonomisi ve Endüstri İlişkileri,3141,EA
300,1111,Bağcılık,Halkla İlişkiler ve Reklamcılık,5111,SÖZ
300,1111,Bağcılık,Halkla İlişkiler ve Tanıtım,3198,SÖZ
300,1111,Bağcılık,İktisat,3213,EA
300,1111,Bağcılık,İşletme,3226,EA
300,1111,Bağcılık,Kamu Yönetimi,3237,EA
300,1111,Bağcılık,Maliye,3254,EA
300,1111,Bağcılık,Siyaset Bilimi ve Kamu Yönetimi,3314,EA
300,1111,Bağcılık,Uluslararası İlişkiler,3352,EA
300,1452,BAĞCILIK VE BAĞ ÜRÜNLERİ TEKNOLOJİSİ,Çalışma Ekonomisi ve Endüstri İlişkileri,3141,EA
300,1452,BAĞCILIK VE BAĞ ÜRÜNLERİ TEKNOLOJİSİ,Halkla İlişkiler ve Reklamcılık,5111,SÖZ
300,1452,BAĞCILIK VE BAĞ ÜRÜNLERİ TEKNOLOJİSİ,Halkla İlişkiler ve Tanıtım,3198,SÖZ
300,1452,BAĞCILIK VE BAĞ ÜRÜNLERİ TEKNOLOJİSİ,İktisat,3213,EA
300,1452,BAĞCILIK VE BAĞ ÜRÜNLERİ TEKNOLOJİSİ,İşletme,3226,EA
300,1452,BAĞCILIK VE BAĞ ÜRÜNLERİ TEKNOLOJİSİ,Kamu Yönetimi,3237,EA
300,1452,BAĞCILIK VE BAĞ ÜRÜNLERİ TEKNOLOJİSİ,Maliye,3254,EA
300,1452,BAĞCILIK VE BAĞ ÜRÜNLERİ TEKNOLOJİSİ,Siyaset Bilimi ve Kamu Yönetimi,3314,EA
300,1452,BAĞCILIK VE BAĞ ÜRÜNLERİ TEKNOLOJİSİ,Uluslararası İlişkiler,3352,EA
300,9056,Bahçe Tarımı,Çalışma Ekonomisi ve Endüstri İlişkileri,3141,EA
300,9056,Bahçe Tarımı,Halkla İlişkiler ve Reklamcılık,5111,SÖZ
300,9056,Bahçe Tarımı,Halkla İlişkiler ve Tanıtım,3198,SÖZ
300,9056,Bahçe Tarımı,İktisat,3213,EA
300,9056,Bahçe Tarımı,İşletme,3226,EA
300,9056,Bahçe Tarımı,Kamu Yönetimi,3237,EA
300,9056,Bahçe Tarımı,Maliye,3254,EA
300,9056,Bahçe Tarımı,Siyaset Bilimi ve Kamu Yönetimi,3314,EA
300,9056,Bahçe Tarımı,Uluslararası İlişkiler,3352,EA
300,1112,Bahçe Ziraatı,Çalışma Ekonomisi ve Endüstri İlişkileri,3141,EA
300,1112,Bahçe Ziraatı,Halkla İlişkiler ve Reklamcılık,5111,SÖZ
300,1112,Bahçe Ziraatı,Halkla İlişkiler ve Tanıtım,3198,SÖZ
300,1112,Bahçe Ziraatı,İktisat,3213,EA
300,1112,Bahçe Ziraatı,İşletme,3226,EA
300,1112,Bahçe Ziraatı,Kamu Yönetimi,3237,EA
300,1112,Bahçe Ziraatı,Maliye,3254,EA
300,1112,Bahçe Ziraatı,Siyaset Bilimi ve Kamu Yönetimi,3314,EA
300,1112,Bahçe Ziraatı,Uluslararası İlişkiler,3352,EA
300,4213,Bakır Çalgılar,Çalışma Ekonomisi ve Endüstri İlişkileri,3141,EA
300,4213,Bakır Çalgılar,Halkla İlişkiler ve Reklamcılık,5111,SÖZ
300,4213,Bakır Çalgılar,Halkla İlişkiler ve Tanıtım,3198,SÖZ
300,4213,Bakır Çalgılar,İktisat,3213,EA
300,4213,Bakır Çalgılar,İşletme,3226,EA
300,4213,Bakır Çalgılar,Kamu Yönetimi,3237,EA
300,4213,Bakır Çalgılar,Maliye,3254,EA
300,4213,Bakır Çalgılar,Siyaset Bilimi ve Kamu Yönetimi,3314,EA
300,4213,Bakır Çalgılar,Uluslararası İlişkiler,3352,EA
300,6113,Balık Yetiştiriciliği,Çalışma Ekonomisi ve Endüstri İlişkileri,3141,EA
300,6113,Balık Yetiştiriciliği,Halkla İlişkiler ve Reklamcılık,5111,SÖZ
300,6113,Balık Yetiştiriciliği,Halkla İlişkiler ve Tanıtım,3198,SÖZ
300,6113,Balık Yetiştiriciliği,İktisat,3213,EA
300,6113,Balık Yetiştiriciliği,İşletme,3226,EA
300,6113,Balık Yetiştiriciliği,Kamu Yönetimi,3237,EA
300,6113,Balık Yetiştiriciliği,Maliye,3254,EA
300,6113,Balık Yetiştiriciliği,Siyaset Bilimi ve Kamu Yönetimi,3314,EA
300,6113,Balık Yetiştiriciliği,Uluslararası İlişkiler,3352,EA
300,1116,Besicilik,Çalışma Ekonomisi ve Endüstri İlişkileri,3141,EA
300,1116,Besicilik,Halkla İlişkiler ve Reklamcılık,5111,SÖZ
300,1116,Besicilik,Halkla İlişkiler ve Tanıtım,3198,SÖZ
300,1116,Besicilik,İktisat,3213,EA
300,1116,Besicilik,İşletme,3226,EA
300,1116,Besicilik,Kamu Yönetimi,3237,EA
300,1116,Besicilik,Maliye,3254,EA
300,1116,Besicilik,Siyaset Bilimi ve Kamu Yönetimi,3314,EA
300,1116,Besicilik,Uluslararası İlişkiler,3352,EA
300,5309,Beton Teknolojisi,Çalışma Ekonomisi ve Endüstri İlişkileri,3141,EA
300,5309,Beton Teknolojisi,Halkla İlişkiler ve Reklamcılık,5111,SÖZ
300,5309,Beton Teknolojisi,Halkla İlişkiler ve Tanıtım,3198,SÖZ
300,5309,Beton Teknolojisi,İktisat,3213,EA
300,5309,Beton Teknolojisi,İşletme,3226,EA
300,5309,Beton Teknolojisi,Kamu Yönetimi,3237,EA
300,5309,Beton Teknolojisi,Maliye,3254,EA
300,5309,Beton Teknolojisi,Siyaset Bilimi ve Kamu Yönetimi,3314,EA
300,5309,Beton Teknolojisi,Uluslararası İlişkiler,3352,EA
300,1453,BIÇAKÇILIK VE EL ALETLERİ ÜRETİM TEKNOLOJİSİ,Çalışma Ekonomisi ve Endüstri İlişkileri,3141,EA
300,1453,BIÇAKÇILIK VE EL ALETLERİ ÜRETİM TEKNOLOJİSİ,Halkla İlişkiler ve Reklamcılık,5111,SÖZ
300,1453,BIÇAKÇILIK VE EL ALETLERİ ÜRETİM TEKNOLOJİSİ,Halkla İlişkiler ve Tanıtım,3198,SÖZ
300,1453,BIÇAKÇILIK VE EL ALETLERİ ÜRETİM TEKNOLOJİSİ,İktisat,3213,EA
300,1453,BIÇAKÇILIK VE EL ALETLERİ ÜRETİM TEKNOLOJİSİ,İşletme,3226,EA
300,1453,BIÇAKÇILIK VE EL ALETLERİ ÜRETİM TEKNOLOJİSİ,Kamu Yönetimi,3237,EA
300,1453,BIÇAKÇILIK VE EL ALETLERİ ÜRETİM TEKNOLOJİSİ,Maliye,3254,EA
300,1453,BIÇAKÇILIK VE EL ALETLERİ ÜRETİM TEKNOLOJİSİ,Siyaset Bilimi ve Kamu Yönetimi,3314,EA
300,1453,BIÇAKÇILIK VE EL ALETLERİ ÜRETİM TEKNOLOJİSİ,Uluslararası İlişkiler,3352,EA
300,1118,Bilgisayar Destekli Tasarım,Çalışma Ekonomisi ve Endüstri İlişkileri,3141,EA
300,1118,Bilgisayar Destekli Tasarım,Halkla İlişkiler ve Reklamcılık,5111,SÖZ
300,1118,Bilgisayar Destekli Tasarım,Halkla İlişkiler ve Tanıtım,3198,SÖZ
300,1118,Bilgisayar Destekli Tasarım,İktisat,3213,EA
300,1118,Bilgisayar Destekli Tasarım,İşletme,3226,EA
300,1118,Bilgisayar Destekli Tasarım,Kamu Yönetimi,3237,EA
300,1118,Bilgisayar Destekli Tasarım,Maliye,3254,EA
300,1118,Bilgisayar Destekli Tasarım,Siyaset Bilimi ve Kamu Yönetimi,3314,EA
300,1118,Bilgisayar Destekli Tasarım,Uluslararası İlişkiler,3352,EA
300,9212,Bilgisayar Destekli Tasarım ve Üretim/Cad/Cam Teknolojileri,Çalışma Ekonomisi ve Endüstri İlişkileri,3141,EA
300,9212,Bilgisayar Destekli Tasarım ve Üretim/Cad/Cam Teknolojileri,Halkla İlişkiler ve Reklamcılık,5111,SÖZ
300,9212,Bilgisayar Destekli Tasarım ve Üretim/Cad/Cam Teknolojileri,Halkla İlişkiler ve Tanıtım,3198,SÖZ
300,9212,Bilgisayar Destekli Tasarım ve Üretim/Cad/Cam Teknolojileri,İktisat,3213,EA
300,9212,Bilgisayar Destekli Tasarım ve Üretim/Cad/Cam Teknolojileri,İşletme,3226,EA
300,9212,Bilgisayar Destekli Tasarım ve Üretim/Cad/Cam Teknolojileri,Kamu Yönetimi,3237,EA
300,9212,Bilgisayar Destekli Tasarım ve Üretim/Cad/Cam Teknolojileri,Maliye,3254,EA
300,9212,Bilgisayar Destekli Tasarım ve Üretim/Cad/Cam Teknolojileri,Siyaset Bilimi ve Kamu Yönetimi,3314,EA
300,9212,Bilgisayar Destekli Tasarım ve Üretim/Cad/Cam Teknolojileri,Uluslararası İlişkiler,3352,EA
300,8505,Bilgisayar Destekli Teknik Çizim,Çalışma Ekonomisi ve Endüstri İlişkileri,3141,EA
300,8505,Bilgisayar Destekli Teknik Çizim,Halkla İlişkiler ve Reklamcılık,5111,SÖZ
300,8505,Bilgisayar Destekli Teknik Çizim,Halkla İlişkiler ve Tanıtım,3198,SÖZ
300,8505,Bilgisayar Destekli Teknik Çizim,İktisat,3213,EA
300,8505,Bilgisayar Destekli Teknik Çizim,İşletme,3226,EA
300,8505,Bilgisayar Destekli Teknik Çizim,Kamu Yönetimi,3237,EA
300,8505,Bilgisayar Destekli Teknik Çizim,Maliye,3254,EA
300,8505,Bilgisayar Destekli Teknik Çizim,Siyaset Bilimi ve Kamu Yönetimi,3314,EA
300,8505,Bilgisayar Destekli Teknik Çizim,Uluslararası İlişkiler,3352,EA
300,4221,Bilgisayar Teknolojileri ve Bilişim Sistemleri,Çalışma Ekonomisi ve Endüstri İlişkileri,3141,EA
300,4221,Bilgisayar Teknolojileri ve Bilişim Sistemleri,Halkla İlişkiler ve Reklamcılık,5111,SÖZ
300,4221,Bilgisayar Teknolojileri ve Bilişim Sistemleri,Halkla İlişkiler ve Tanıtım,3198,SÖZ
300,4221,Bilgisayar Teknolojileri ve Bilişim Sistemleri,İktisat,3213,EA
300,4221,Bilgisayar Teknolojileri ve Bilişim Sistemleri,İşletme,3226,EA
300,4221,Bilgisayar Teknolojileri ve Bilişim Sistemleri,Kamu Yönetimi,3237,EA
300,4221,Bilgisayar Teknolojileri ve Bilişim Sistemleri,Maliye,3254,EA
300,4221,Bilgisayar Teknolojileri ve Bilişim Sistemleri,Siyaset Bilimi ve Kamu Yönetimi,3314,EA
300,4221,Bilgisayar Teknolojileri ve Bilişim Sistemleri,Uluslararası İlişkiler,3352,EA
300,1122,Bilgisayar Teknolojisi ve Programlama,Çalışma Ekonomisi ve Endüstri İlişkileri,3141,EA
300,1122,Bilgisayar Teknolojisi ve Programlama,Halkla İlişkiler ve Reklamcılık,5111,SÖZ
300,1122,Bilgisayar Teknolojisi ve Programlama,Halkla İlişkiler ve Tanıtım,3198,SÖZ
300,1122,Bilgisayar Teknolojisi ve Programlama,İktisat,3213,EA
300,1122,Bilgisayar Teknolojisi ve Programlama,İşletme,3226,EA
300,1122,Bilgisayar Teknolojisi ve Programlama,Kamu Yönetimi,3237,EA
300,1122,Bilgisayar Teknolojisi ve Programlama,Maliye,3254,EA
300,1122,Bilgisayar Teknolojisi ve Programlama,Siyaset Bilimi ve Kamu Yönetimi,3314,EA
300,1122,Bilgisayar Teknolojisi ve Programlama,Uluslararası İlişkiler,3352,EA
300,1123,Bilgisayar ve Enformasyon Sistemleri,Çalışma Ekonomisi ve Endüstri İlişkileri,3141,EA
300,1123,Bilgisayar ve Enformasyon Sistemleri,Halkla İlişkiler ve Reklamcılık,5111,SÖZ
300,1123,Bilgisayar ve Enformasyon Sistemleri,Halkla İlişkiler ve Tanıtım,3198,SÖZ
300,1123,Bilgisayar ve Enformasyon Sistemleri,İktisat,3213,EA
300,1123,Bilgisayar ve Enformasyon Sistemleri,İşletme,3226,EA
300,1123,Bilgisayar ve Enformasyon Sistemleri,Kamu Yönetimi,3237,EA
300,1123,Bilgisayar ve Enformasyon Sistemleri,Maliye,3254,EA
300,1123,Bilgisayar ve Enformasyon Sistemleri,Siyaset Bilimi ve Kamu Yönetimi,3314,EA
300,1123,Bilgisayar ve Enformasyon Sistemleri,Uluslararası İlişkiler,3352,EA
300,4224,Bilişim ve İletişim Teknolojisi,Çalışma Ekonomisi ve Endüstri İlişkileri,3141,EA
300,4224,Bilişim ve İletişim Teknolojisi,Halkla İlişkiler ve Reklamcılık,5111,SÖZ
300,4224,Bilişim ve İletişim Teknolojisi,Halkla İlişkiler ve Tanıtım,3198,SÖZ
300,4224,Bilişim ve İletişim Teknolojisi,İktisat,3213,EA
300,4224,Bilişim ve İletişim Teknolojisi,İşletme,3226,EA
300,4224,Bilişim ve İletişim Teknolojisi,Kamu Yönetimi,3237,EA
300,4224,Bilişim ve İletişim Teknolojisi,Maliye,3254,EA
300,4224,Bilişim ve İletişim Teknolojisi,Siyaset Bilimi ve Kamu Yönetimi,3314,EA
300,4224,Bilişim ve İletişim Teknolojisi,Uluslararası İlişkiler,3352,EA
300,4225,Bina Koruma ve Yenileme,Çalışma Ekonomisi ve Endüstri İlişkileri,3141,EA
300,4225,Bina Koruma ve Yenileme,Halkla İlişkiler ve Reklamcılık,5111,SÖZ
300,4225,Bina Koruma ve Yenileme,Halkla İlişkiler ve Tanıtım,3198,SÖZ
300,4225,Bina Koruma ve Yenileme,İktisat,3213,EA
300,4225,Bina Koruma ve Yenileme,İşletme,3226,EA
300,4225,Bina Koruma ve Yenileme,Kamu Yönetimi,3237,EA
300,4225,Bina Koruma ve Yenileme,Maliye,3254,EA
300,4225,Bina Koruma ve Yenileme,Siyaset Bilimi ve Kamu Yönetimi,3314,EA
300,4225,Bina Koruma ve Yenileme,Uluslararası İlişkiler,3352,EA
300,9256,"Binicilik, At Bakıcılığı ve Yetiştiriciliği",Çalışma Ekonomisi ve Endüstri İlişkileri,3141,EA
300,9256,"Binicilik, At Bakıcılığı ve Yetiştiriciliği",Halkla İlişkiler ve Reklamcılık,5111,SÖZ
300,9256,"Binicilik, At Bakıcılığı ve Yetiştiriciliği",Halkla İlişkiler ve Tanıtım,3198,SÖZ
300,9256,"Binicilik, At Bakıcılığı ve Yetiştiriciliği",İktisat,3213,EA
300,9256,"Binicilik, At Bakıcılığı ve Yetiştiriciliği",İşletme,3226,EA
300,9256,"Binicilik, At Bakıcılığı ve Yetiştiriciliği",Kamu Yönetimi,3237,EA
300,9256,"Binicilik, At Bakıcılığı ve Yetiştiriciliği",Maliye,3254,EA
300,9256,"Binicilik, At Bakıcılığı ve Yetiştiriciliği",Siyaset Bilimi ve Kamu Yönetimi,3314,EA
300,9256,"Binicilik, At Bakıcılığı ve Yetiştiriciliği",Uluslararası İlişkiler,3352,EA
301,5315,Bitki Koruma,Çalışma Ekonomisi ve Endüstri İlişkileri,3141,EA
301,5315,Bitki Koruma,Halkla İlişkiler ve Reklamcılık,5111,SÖZ
301,5315,Bitki Koruma,Halkla İlişkiler ve Tanıtım,3198,SÖZ
301,5315,Bitki Koruma,İktisat,3213,EA
301,5315,Bitki Koruma,İşletme,3226,EA
301,5315,Bitki Koruma,Kamu Yönetimi,3237,EA
301,5315,Bitki Koruma,Maliye,3254,EA
301,5315,Bitki Koruma,Siyaset Bilimi ve Kamu Yönetimi,3314,EA
301,5315,Bitki Koruma,Uluslararası İlişkiler,3352,EA
301,1125,Bitkisel Üretim,Çalışma Ekonomisi ve Endüstri İlişkileri,3141,EA
301,1125,Bitkisel Üretim,Halkla İlişkiler ve Reklamcılık,5111,SÖZ
301,1125,Bitkisel Üretim,Halkla İlişkiler ve Tanıtım,3198,SÖZ
301,1125,Bitkisel Üretim,İktisat,3213,EA
301,1125,Bitkisel Üretim,İşletme,3226,EA
301,1125,Bitkisel Üretim,Kamu Yönetimi,3237,EA
301,1125,Bitkisel Üretim,Maliye,3254,EA
301,1125,Bitkisel Üretim,Siyaset Bilimi ve Kamu Yönetimi,3314,EA
301,1125,Bitkisel Üretim,Uluslararası İlişkiler,3352,EA
301,5316,Bitkisel Ürünlerde Muhafaza ve Pazarlama,Çalışma Ekonomisi ve Endüstri İlişkileri,3141,EA
301,5316,Bitkisel Ürünlerde Muhafaza ve Pazarlama,Halkla İlişkiler ve Reklamcılık,5111,SÖZ
301,5316,Bitkisel Ürünlerde Muhafaza ve Pazarlama,Halkla İlişkiler ve Tanıtım,3198,SÖZ
301,5316,Bitkisel Ürünlerde Muhafaza ve Pazarlama,İktisat,3213,EA
301,5316,Bitkisel Ürünlerde Muhafaza ve Pazarlama,İşletme,3226,EA
301,5316,Bitkisel Ürünlerde Muhafaza ve Pazarlama,Kamu Yönetimi,3237,EA
301,5316,Bitkisel Ürünlerde Muhafaza ve Pazarlama,Maliye,3254,EA
301,5316,Bitkisel Ürünlerde Muhafaza ve Pazarlama,Siyaset Bilimi ve Kamu Yönetimi,3314,EA
301,5316,Bitkisel Ürünlerde Muhafaza ve Pazarlama,Uluslararası İlişkiler,3352,EA
301,9242,Biyokimya,Çalışma Ekonomisi ve Endüstri İlişkileri,3141,EA
301,9242,Biyokimya,Halkla İlişkiler ve Reklamcılık,5111,SÖZ
301,9242,Biyokimya,Halkla İlişkiler ve Tanıtım,3198,SÖZ
301,9242,Biyokimya,İktisat,3213,EA
301,9242,Biyokimya,İşletme,3226,EA
301,9242,Biyokimya,Kamu Yönetimi,3237,EA
301,9242,Biyokimya,Maliye,3254,EA
301,9242,Biyokimya,Siyaset Bilimi ve Kamu Yönetimi,3314,EA
301,9242,Biyokimya,Uluslararası İlişkiler,3352,EA
301,1126,Biyokimya Teknikerliği,Çalışma Ekonomisi ve Endüstri İlişkileri,3141,EA
301,1126,Biyokimya Teknikerliği,Halkla İlişkiler ve Reklamcılık,5111,SÖZ
301,1126,Biyokimya Teknikerliği,Halkla İlişkiler ve Tanıtım,3198,SÖZ
301,1126,Biyokimya Teknikerliği,İktisat,3213,EA
301,1126,Biyokimya Teknikerliği,İşletme,3226,EA
301,1126,Biyokimya Teknikerliği,Kamu Yönetimi,3237,EA
301,1126,Biyokimya Teknikerliği,Maliye,3254,EA
301,1126,Biyokimya Teknikerliği,Siyaset Bilimi ve Kamu Yönetimi,3314,EA
301,1126,Biyokimya Teknikerliği,Uluslararası İlişkiler,3352,EA
301,9291,Biyomedikal Bilimler,Çalışma Ekonomisi ve Endüstri İlişkileri,3141,EA
301,9291,Biyomedikal Bilimler,Halkla İlişkiler ve Reklamcılık,5111,SÖZ
301,9291,Biyomedikal Bilimler,Halkla İlişkiler ve Tanıtım,3198,SÖZ
301,9291,Biyomedikal Bilimler,İktisat,3213,EA
301,9291,Biyomedikal Bilimler,İşletme,3226,EA
301,9291,Biyomedikal Bilimler,Kamu Yönetimi,3237,EA
301,9291,Biyomedikal Bilimler,Maliye,3254,EA
301,9291,Biyomedikal Bilimler,Siyaset Bilimi ve Kamu Yönetimi,3314,EA
301,9291,Biyomedikal Bilimler,Uluslararası İlişkiler,3352,EA
301,1127,Biyomedikal Cihaz Teknolojisi,Çalışma Ekonomisi ve Endüstri İlişkileri,3141,EA
301,1127,Biyomedikal Cihaz Teknolojisi,Halkla İlişkiler ve Reklamcılık,5111,SÖZ
301,1127,Biyomedikal Cihaz Teknolojisi,Halkla İlişkiler ve Tanıtım,3198,SÖZ
301,1127,Biyomedikal Cihaz Teknolojisi,İktisat,3213,EA
301,1127,Biyomedikal Cihaz Teknolojisi,İşletme,3226,EA
301,1127,Biyomedikal Cihaz Teknolojisi,Kamu Yönetimi,3237,EA
301,1127,Biyomedikal Cihaz Teknolojisi,Maliye,3254,EA
301,1127,Biyomedikal Cihaz Teknolojisi,Siyaset Bilimi ve Kamu Yönetimi,3314,EA
301,1127,Biyomedikal Cihaz Teknolojisi,Uluslararası İlişkiler,3352,EA
301,6128,Boya Teknolojisi,Çalışma Ekonomisi ve Endüstri İlişkileri,3141,EA
301,6128,Boya Teknolojisi,Halkla İlişkiler ve Reklamcılık,5111,SÖZ
301,6128,Boya Teknolojisi,Halkla İlişkiler ve Tanıtım,3198,SÖZ
301,6128,Boya Teknolojisi,İktisat,3213,EA
301,6128,Boya Teknolojisi,İşletme,3226,EA
301,6128,Boya Teknolojisi,Kamu Yönetimi,3237,EA
301,6128,Boya Teknolojisi,Maliye,3254,EA
301,6128,Boya Teknolojisi,Siyaset Bilimi ve Kamu Yönetimi,3314,EA
301,6128,Boya Teknolojisi,Uluslararası İlişkiler,3352,EA
301,5318,Boya ve İzolasyon Uygulama Teknikleri,Çalışma Ekonomisi ve Endüstri İlişkileri,3141,EA
301,5318,Boya ve İzolasyon Uygulama Teknikleri,Halkla İlişkiler ve Reklamcılık,5111,SÖZ
301,5318,Boya ve İzolasyon Uygulama Teknikleri,Halkla İlişkiler ve Tanıtım,3198,SÖZ
301,5318,Boya ve İzolasyon Uygulama Teknikleri,İktisat,3213,EA
301,5318,Boya ve İzolasyon Uygulama Teknikleri,İşletme,3226,EA
301,5318,Boya ve İzolasyon Uygulama Teknikleri,Kamu Yönetimi,3237,EA
301,5318,Boya ve İzolasyon Uygulama Teknikleri,Maliye,3254,EA
301,5318,Boya ve İzolasyon Uygulama Teknikleri,Siyaset Bilimi ve Kamu Yönetimi,3314,EA
301,5318,Boya ve İzolasyon Uygulama Teknikleri,Uluslararası İlişkiler,3352,EA
301,8509,Budama ve Aşılama,Çalışma Ekonomisi ve Endüstri İlişkileri,3141,EA
301,8509,Budama ve Aşılama,Halkla İlişkiler ve Reklamcılık,5111,SÖZ
301,8509,Budama ve Aşılama,Halkla İlişkiler ve Tanıtım,3198,SÖZ
301,8509,Budama ve Aşılama,İktisat,3213,EA
301,8509,Budama ve Aşılama,İşletme,3226,EA
301,8509,Budama ve Aşılama,Kamu Yönetimi,3237,EA
301,8509,Budama ve Aşılama,Maliye,3254,EA
301,8509,Budama ve Aşılama,Siyaset Bilimi ve Kamu Yönetimi,3314,EA
301,8509,Budama ve Aşılama,Uluslararası İlişkiler,3352,EA
301,9061,Büyük ve Küçük Baş Hayvan Yetiştiriciliği,Çalışma Ekonomisi ve Endüstri İlişkileri,3141,EA
301,9061,Büyük ve Küçük Baş Hayvan Yetiştiriciliği,Halkla İlişkiler ve Reklamcılık,5111,SÖZ
301,9061,Büyük ve Küçük Baş Hayvan Yetiştiriciliği,Halkla İlişkiler ve Tanıtım,3198,SÖZ
301,9061,Büyük ve Küçük Baş Hayvan Yetiştiriciliği,İktisat,3213,EA
301,9061,Büyük ve Küçük Baş Hayvan Yetiştiriciliği,İşletme,3226,EA
301,9061,Büyük ve Küçük Baş Hayvan Yetiştiriciliği,Kamu Yönetimi,3237,EA
301,9061,Büyük ve Küçük Baş Hayvan Yetiştiriciliği,Maliye,3254,EA
301,9061,Büyük ve Küçük Baş Hayvan Yetiştiriciliği,Siyaset Bilimi ve Kamu Yönetimi,3314,EA
301,9061,Büyük ve Küçük Baş Hayvan Yetiştiriciliği,Uluslararası İlişkiler,3352,EA
301,8511,Cam / Cam Endüstrisi,Çalışma Ekonomisi ve Endüstri İlişkileri,3141,EA
301,8511,Cam / Cam Endüstrisi,Halkla İlişkiler ve Reklamcılık,5111,SÖZ
301,8511,Cam / Cam Endüstrisi,Halkla İlişkiler ve Tanıtım,3198,SÖZ
301,8511,Cam / Cam Endüstrisi,İktisat,3213,EA
301,8511,Cam / Cam Endüstrisi,İşletme,3226,EA
301,8511,Cam / Cam Endüstrisi,Kamu Yönetimi,3237,EA
301,8511,Cam / Cam Endüstrisi,Maliye,3254,EA
301,8511,Cam / Cam Endüstrisi,Siyaset Bilimi ve Kamu Yönetimi,3314,EA
301,8511,Cam / Cam Endüstrisi,Uluslararası İlişkiler,3352,EA
301,1131,Cam-Seramik,Çalışma Ekonomisi ve Endüstri İlişkileri,3141,EA
301,1131,Cam-Seramik,Halkla İlişkiler ve Reklamcılık,5111,SÖZ
301,1131,Cam-Seramik,Halkla İlişkiler ve Tanıtım,3198,SÖZ
301,1131,Cam-Seramik,İktisat,3213,EA
301,1131,Cam-Seramik,İşletme,3226,EA
301,1131,Cam-Seramik,Kamu Yönetimi,3237,EA
301,1131,Cam-Seramik,Maliye,3254,EA
301,1131,Cam-Seramik,Siyaset Bilimi ve Kamu Yönetimi,3314,EA
301,1131,Cam-Seramik,Uluslararası İlişkiler,3352,EA
301,4231,Cerrahi,Çalışma Ekonomisi ve Endüstri İlişkileri,3141,EA
301,4231,Cerrahi,Halkla İlişkiler ve Reklamcılık,5111,SÖZ
301,4231,Cerrahi,Halkla İlişkiler ve Tanıtım,3198,SÖZ
301,4231,Cerrahi,İktisat,3213,EA
301,4231,Cerrahi,İşletme,3226,EA
301,4231,Cerrahi,Kamu Yönetimi,3237,EA
301,4231,Cerrahi,Maliye,3254,EA
301,4231,Cerrahi,Siyaset Bilimi ve Kamu Yönetimi,3314,EA
301,4231,Cerrahi,Uluslararası İlişkiler,3352,EA
301,5320,Cevher Hazırlama,Çalışma Ekonomisi ve Endüstri İlişkileri,3141,EA
301,5320,Cevher Hazırlama,Halkla İlişkiler ve Reklamcılık,5111,SÖZ
301,5320,Cevher Hazırlama,Halkla İlişkiler ve Tanıtım,3198,SÖZ
301,5320,Cevher Hazırlama,İktisat,3213,EA
301,5320,Cevher Hazırlama,İşletme,3226,EA
301,5320,Cevher Hazırlama,Kamu Yönetimi,3237,EA
301,5320,Cevher Hazırlama,Maliye,3254,EA
301,5320,Cevher Hazırlama,Siyaset Bilimi ve Kamu Yönetimi,3314,EA
301,5320,Cevher Hazırlama,Uluslararası İlişkiler,3352,EA
301,5321,Cevher Hazırlama ve Madencilik,Çalışma Ekonomisi ve Endüstri İlişkileri,3141,EA
301,5321,Cevher Hazırlama ve Madencilik,Halkla İlişkiler ve Reklamcılık,5111,SÖZ
301,5321,Cevher Hazırlama ve Madencilik,Halkla İlişkiler ve Tanıtım,3198,SÖZ
301,5321,Cevher Hazırlama ve Madencilik,İktisat,3213,EA
301,5321,Cevher Hazırlama ve Madencilik,İşletme,3226,EA
301,5321,Cevher Hazırlama ve Madencilik,Kamu Yönetimi,3237,EA
301,5321,Cevher Hazırlama ve Madencilik,Maliye,3254,EA
301,5321,Cevher Hazırlama ve Madencilik,Siyaset Bilimi ve Kamu Yönetimi,3314,EA
301,5321,Cevher Hazırlama ve Madencilik,Uluslararası İlişkiler,3352,EA
301,5322,Cilt Bakımı ve Güzellik,Çalışma Ekonomisi ve Endüstri İlişkileri,3141,EA
301,5322,Cilt Bakımı ve Güzellik,Halkla İlişkiler ve Reklamcılık,5111,SÖZ
301,5322,Cilt Bakımı ve Güzellik,Halkla İlişkiler ve Tanıtım,3198,SÖZ
301,5322,Cilt Bakımı ve Güzellik,İktisat,3213,EA
301,5322,Cilt Bakımı ve Güzellik,İşletme,3226,EA
301,5322,Cilt Bakımı ve Güzellik,Kamu Yönetimi,3237,EA
301,5322,Cilt Bakımı ve Güzellik,Maliye,3254,EA
301,5322,Cilt Bakımı ve Güzellik,Siyaset Bilimi ve Kamu Yönetimi,3314,EA
301,5322,Cilt Bakımı ve Güzellik,Uluslararası İlişkiler,3352,EA
301,1448,Cnc Programlama ve Operatörlüğü,Çalışma Ekonomisi ve Endüstri İlişkileri,3141,EA
301,1448,Cnc Programlama ve Operatörlüğü,Halkla İlişkiler ve Reklamcılık,5111,SÖZ
301,1448,Cnc Programlama ve Operatörlüğü,Halkla İlişkiler ve Tanıtım,3198,SÖZ
301,1448,Cnc Programlama ve Operatörlüğü,İktisat,3213,EA
301,1448,Cnc Programlama ve Operatörlüğü,İşletme,3226,EA
301,1448,Cnc Programlama ve Operatörlüğü,Kamu Yönetimi,3237,EA
301,1448,Cnc Programlama ve Operatörlüğü,Maliye,3254,EA
301,1448,Cnc Programlama ve Operatörlüğü,Siyaset Bilimi ve Kamu Yönetimi,3314,EA
301,1448,Cnc Programlama ve Operatörlüğü,Uluslararası İlişkiler,3352,EA
301,9101,Coğrafi Bilgi Sistemleri,Çalışma Ekonomisi ve Endüstri İlişkileri,3141,EA
301,9101,Coğrafi Bilgi Sistemleri,Halkla İlişkiler ve Reklamcılık,5111,SÖZ
301,9101,Coğrafi Bilgi Sistemleri,Halkla İlişkiler ve Tanıtım,3198,SÖZ
301,9101,Coğrafi Bilgi Sistemleri,İktisat,3213,EA
301,9101,Coğrafi Bilgi Sistemleri,İşletme,3226,EA
301,9101,Coğrafi Bilgi Sistemleri,Kamu Yönetimi,3237,EA
301,9101,Coğrafi Bilgi Sistemleri,Maliye,3254,EA
301,9101,Coğrafi Bilgi Sistemleri,Siyaset Bilimi ve Kamu Yönetimi,3314,EA
301,9101,Coğrafi Bilgi Sistemleri,Uluslararası İlişkiler,3352,EA
301,9456,Coğrafi Bilgi Sistemleri ve Teknolojileri,Çalışma Ekonomisi ve Endüstri İlişkileri,3141,EA
301,9456,Coğrafi Bilgi Sistemleri ve Teknolojileri,Halkla İlişkiler ve Reklamcılık,5111,SÖZ
301,9456,Coğrafi Bilgi Sistemleri ve Teknolojileri,Halkla İlişkiler ve Tanıtım,3198,SÖZ
301,9456,Coğrafi Bilgi Sistemleri ve Teknolojileri,İktisat,3213,EA
301,9456,Coğrafi Bilgi Sistemleri ve Teknolojileri,İşletme,3226,EA
301,9456,Coğrafi Bilgi Sistemleri ve Teknolojileri,Kamu Yönetimi,3237,EA
301,9456,Coğrafi Bilgi Sistemleri ve Teknolojileri,Maliye,3254,EA
301,9456,Coğrafi Bilgi Sistemleri ve Teknolojileri,Siyaset Bilimi ve Kamu Yönetimi,3314,EA
301,9456,Coğrafi Bilgi Sistemleri ve Teknolojileri,Uluslararası İlişkiler,3352,EA
301,1132,Çay Eksperliği,Çalışma Ekonomisi ve Endüstri İlişkileri,3141,EA
301,1132,Çay Eksperliği,Halkla İlişkiler ve Reklamcılık,5111,SÖZ
301,1132,Çay Eksperliği,Halkla İlişkiler ve Tanıtım,3198,SÖZ
301,1132,Çay Eksperliği,İktisat,3213,EA
301,1132,Çay Eksperliği,İşletme,3226,EA
301,1132,Çay Eksperliği,Kamu Yönetimi,3237,EA
301,1132,Çay Eksperliği,Maliye,3254,EA
301,1132,Çay Eksperliği,Siyaset Bilimi ve Kamu Yönetimi,3314,EA
301,1132,Çay Eksperliği,Uluslararası İlişkiler,3352,EA
301,9352,Çay Tarımı ve İşleme Teknolojisi,Çalışma Ekonomisi ve Endüstri İlişkileri,3141,EA
301,9352,Çay Tarımı ve İşleme Teknolojisi,Halkla İlişkiler ve Reklamcılık,5111,SÖZ
301,9352,Çay Tarımı ve İşleme Teknolojisi,Halkla İlişkiler ve Tanıtım,3198,SÖZ
301,9352,Çay Tarımı ve İşleme Teknolojisi,İktisat,3213,EA
301,9352,Çay Tarımı ve İşleme Teknolojisi,İşletme,3226,EA
301,9352,Çay Tarımı ve İşleme Teknolojisi,Kamu Yönetimi,3237,EA
301,9352,Çay Tarımı ve İşleme Teknolojisi,Maliye,3254,EA
301,9352,Çay Tarımı ve İşleme Teknolojisi,Siyaset Bilimi ve Kamu Yönetimi,3314,EA
301,9352,Çay Tarımı ve İşleme Teknolojisi,Uluslararası İlişkiler,3352,EA
301,9237,Çayır-Mera ve Yem Bitkileri,Çalışma Ekonomisi ve Endüstri İlişkileri,3141,EA
301,9237,Çayır-Mera ve Yem Bitkileri,Halkla İlişkiler ve Reklamcılık,5111,SÖZ
301,9237,Çayır-Mera ve Yem Bitkileri,Halkla İlişkiler ve Tanıtım,3198,SÖZ
301,9237,Çayır-Mera ve Yem Bitkileri,İktisat,3213,EA
301,9237,Çayır-Mera ve Yem Bitkileri,İşletme,3226,EA
301,9237,Çayır-Mera ve Yem Bitkileri,Kamu Yönetimi,3237,EA
301,9237,Çayır-Mera ve Yem Bitkileri,Maliye,3254,EA
301,9237,Çayır-Mera ve Yem Bitkileri,Siyaset Bilimi ve Kamu Yönetimi,3314,EA
301,9237,Çayır-Mera ve Yem Bitkileri,Uluslararası İlişkiler,3352,EA
301,9241,Çevirmenlik,Çalışma Ekonomisi ve Endüstri İlişkileri,3141,EA
301,9241,Çevirmenlik,Halkla İlişkiler ve Reklamcılık,5111,SÖZ
301,9241,Çevirmenlik,Halkla İlişkiler ve Tanıtım,3198,SÖZ
301,9241,Çevirmenlik,İktisat,3213,EA
301,9241,Çevirmenlik,İşletme,3226,EA
301,9241,Çevirmenlik,Kamu Yönetimi,3237,EA
301,9241,Çevirmenlik,Maliye,3254,EA
301,9241,Çevirmenlik,Siyaset Bilimi ve Kamu Yönetimi,3314,EA
301,9241,Çevirmenlik,Uluslararası İlişkiler,3352,EA
301,1133,Çevre,Çalışma Ekonomisi ve Endüstri İlişkileri,3141,EA
301,1133,Çevre,Halkla İlişkiler ve Reklamcılık,5111,SÖZ
301,1133,Çevre,Halkla İlişkiler ve Tanıtım,3198,SÖZ
301,1133,Çevre,İktisat,3213,EA
301,1133,Çevre,İşletme,3226,EA
301,1133,Çevre,Kamu Yönetimi,3237,EA
301,1133,Çevre,Maliye,3254,EA
301,1133,Çevre,Siyaset Bilimi ve Kamu Yönetimi,3314,EA
301,1133,Çevre,Uluslararası İlişkiler,3352,EA
301,6134,Çevre Kirlenmesi ve Kontrolü,Çalışma Ekonomisi ve Endüstri İlişkileri,3141,EA
301,6134,Çevre Kirlenmesi ve Kontrolü,Halkla İlişkiler ve Reklamcılık,5111,SÖZ
301,6134,Çevre Kirlenmesi ve Kontrolü,Halkla İlişkiler ve Tanıtım,3198,SÖZ
301,6134,Çevre Kirlenmesi ve Kontrolü,İktisat,3213,EA
301,6134,Çevre Kirlenmesi ve Kontrolü,İşletme,3226,EA
301,6134,Çevre Kirlenmesi ve Kontrolü,Kamu Yönetimi,3237,EA
301,6134,Çevre Kirlenmesi ve Kontrolü,Maliye,3254,EA
301,6134,Çevre Kirlenmesi ve Kontrolü,Siyaset Bilimi ve Kamu Yönetimi,3314,EA
301,6134,Çevre Kirlenmesi ve Kontrolü,Uluslararası İlişkiler,3352,EA
301,1135,Çevre Koruma,Çalışma Ekonomisi ve Endüstri İlişkileri,3141,EA
301,1135,Çevre Koruma,Halkla İlişkiler ve Reklamcılık,5111,SÖZ
301,1135,Çevre Koruma,Halkla İlişkiler ve Tanıtım,3198,SÖZ
301,1135,Çevre Koruma,İktisat,3213,EA
301,1135,Çevre Koruma,İşletme,3226,EA
301,1135,Çevre Koruma,Kamu Yönetimi,3237,EA
301,1135,Çevre Koruma,Maliye,3254,EA
301,1135,Çevre Koruma,Siyaset Bilimi ve Kamu Yönetimi,3314,EA
301,1135,Çevre Koruma,Uluslararası İlişkiler,3352,EA
301,9014,Çevre Koruma ve Kontrol,Çalışma Ekonomisi ve Endüstri İlişkileri,3141,EA
301,9014,Çevre Koruma ve Kontrol,Halkla İlişkiler ve Reklamcılık,5111,SÖZ
301,9014,Çevre Koruma ve Kontrol,Halkla İlişkiler ve Tanıtım,3198,SÖZ
301,9014,Çevre Koruma ve Kontrol,İktisat,3213,EA
301,9014,Çevre Koruma ve Kontrol,İşletme,3226,EA
301,9014,Çevre Koruma ve Kontrol,Kamu Yönetimi,3237,EA
301,9014,Çevre Koruma ve Kontrol,Maliye,3254,EA
301,9014,Çevre Koruma ve Kontrol,Siyaset Bilimi ve Kamu Yönetimi,3314,EA
301,9014,Çevre Koruma ve Kontrol,Uluslararası İlişkiler,3352,EA
301,9021,Çevre Temizliği ve Denetimi,Çalışma Ekonomisi ve Endüstri İlişkileri,3141,EA
301,9021,Çevre Temizliği ve Denetimi,Halkla İlişkiler ve Reklamcılık,5111,SÖZ
301,9021,Çevre Temizliği ve Denetimi,Halkla İlişkiler ve Tanıtım,3198,SÖZ
301,9021,Çevre Temizliği ve Denetimi,İktisat,3213,EA
301,9021,Çevre Temizliği ve Denetimi,İşletme,3226,EA
301,9021,Çevre Temizliği ve Denetimi,Kamu Yönetimi,3237,EA
301,9021,Çevre Temizliği ve Denetimi,Maliye,3254,EA
301,9021,Çevre Temizliği ve Denetimi,Siyaset Bilimi ve Kamu Yönetimi,3314,EA
301,9021,Çevre Temizliği ve Denetimi,Uluslararası İlişkiler,3352,EA
301,9020,Çevre Temizliği ve Sağlığı,Çalışma Ekonomisi ve Endüstri İlişkileri,3141,EA
301,9020,Çevre Temizliği ve Sağlığı,Halkla İlişkiler ve Reklamcılık,5111,SÖZ
301,9020,Çevre Temizliği ve Sağlığı,Halkla İlişkiler ve Tanıtım,3198,SÖZ
301,9020,Çevre Temizliği ve Sağlığı,İktisat,3213,EA
301,9020,Çevre Temizliği ve Sağlığı,İşletme,3226,EA
301,9020,Çevre Temizliği ve Sağlığı,Kamu Yönetimi,3237,EA
301,9020,Çevre Temizliği ve Sağlığı,Maliye,3254,EA
301,9020,Çevre Temizliği ve Sağlığı,Siyaset Bilimi ve Kamu Yönetimi,3314,EA
301,9020,Çevre Temizliği ve Sağlığı,Uluslararası İlişkiler,3352,EA
301,4234,Çevre Temizlik Hizmetleri,Çalışma Ekonomisi ve Endüstri İlişkileri,3141,EA
301,4234,Çevre Temizlik Hizmetleri,Halkla İlişkiler ve Reklamcılık,5111,SÖZ
301,4234,Çevre Temizlik Hizmetleri,Halkla İlişkiler ve Tanıtım,3198,SÖZ
301,4234,Çevre Temizlik Hizmetleri,İktisat,3213,EA
301,4234,Çevre Temizlik Hizmetleri,İşletme,3226,EA
301,4234,Çevre Temizlik Hizmetleri,Kamu Yönetimi,3237,EA
301,4234,Çevre Temizlik Hizmetleri,Maliye,3254,EA
301,4234,Çevre Temizlik Hizmetleri,Siyaset Bilimi ve Kamu Yönetimi,3314,EA
301,4234,Çevre Temizlik Hizmetleri,Uluslararası İlişkiler,3352,EA
301,1493,ÇEVRESEL ÖLÇÜM VE İZLEME SİSTEMLERİ TEKNİKERLİĞİ,Çalışma Ekonomisi ve Endüstri İlişkileri,3141,EA
301,1493,ÇEVRESEL ÖLÇÜM VE İZLEME SİSTEMLERİ TEKNİKERLİĞİ,Halkla İlişkiler ve Reklamcılık,5111,SÖZ
301,1493,ÇEVRESEL ÖLÇÜM VE İZLEME SİSTEMLERİ TEKNİKERLİĞİ,Halkla İlişkiler ve Tanıtım,3198,SÖZ
301,1493,ÇEVRESEL ÖLÇÜM VE İZLEME SİSTEMLERİ TEKNİKERLİĞİ,İktisat,3213,EA
301,1493,ÇEVRESEL ÖLÇÜM VE İZLEME SİSTEMLERİ TEKNİKERLİĞİ,İşletme,3226,EA
301,1493,ÇEVRESEL ÖLÇÜM VE İZLEME SİSTEMLERİ TEKNİKERLİĞİ,Kamu Yönetimi,3237,EA
301,1493,ÇEVRESEL ÖLÇÜM VE İZLEME SİSTEMLERİ TEKNİKERLİĞİ,Maliye,3254,EA
301,1493,ÇEVRESEL ÖLÇÜM VE İZLEME SİSTEMLERİ TEKNİKERLİĞİ,Siyaset Bilimi ve Kamu Yönetimi,3314,EA
301,1493,ÇEVRESEL ÖLÇÜM VE İZLEME SİSTEMLERİ TEKNİKERLİĞİ,Uluslararası İlişkiler,3352,EA
301,9581,"Çiçek, Örgü ve Dokuma Öğretmenliği",Çalışma Ekonomisi ve Endüstri İlişkileri,3141,EA
301,9581,"Çiçek, Örgü ve Dokuma Öğretmenliği",Halkla İlişkiler ve Reklamcılık,5111,SÖZ
301,9581,"Çiçek, Örgü ve Dokuma Öğretmenliği",Halkla İlişkiler ve Tanıtım,3198,SÖZ
301,9581,"Çiçek, Örgü ve Dokuma Öğretmenliği",İktisat,3213,EA
301,9581,"Çiçek, Örgü ve Dokuma Öğretmenliği",İşletme,3226,EA
301,9581,"Çiçek, Örgü ve Dokuma Öğretmenliği",Kamu Yönetimi,3237,EA
301,9581,"Çiçek, Örgü ve Dokuma Öğretmenliği",Maliye,3254,EA
301,9581,"Çiçek, Örgü ve Dokuma Öğretmenliği",Siyaset Bilimi ve Kamu Yönetimi,3314,EA
301,9581,"Çiçek, Örgü ve Dokuma Öğretmenliği",Uluslararası İlişkiler,3352,EA
301,9348,Çim Alan Tesisi ve Yönetimi,Çalışma Ekonomisi ve Endüstri İlişkileri,3141,EA
301,9348,Çim Alan Tesisi ve Yönetimi,Halkla İlişkiler ve Reklamcılık,5111,SÖZ
301,9348,Çim Alan Tesisi ve Yönetimi,Halkla İlişkiler ve Tanıtım,3198,SÖZ
301,9348,Çim Alan Tesisi ve Yönetimi,İktisat,3213,EA
301,9348,Çim Alan Tesisi ve Yönetimi,İşletme,3226,EA
301,9348,Çim Alan Tesisi ve Yönetimi,Kamu Yönetimi,3237,EA
301,9348,Çim Alan Tesisi ve Yönetimi,Maliye,3254,EA
301,9348,Çim Alan Tesisi ve Yönetimi,Siyaset Bilimi ve Kamu Yönetimi,3314,EA
301,9348,Çim Alan Tesisi ve Yönetimi,Uluslararası İlişkiler,3352,EA
301,1136,Çini İşlemeciliği,Çalışma Ekonomisi ve Endüstri İlişkileri,3141,EA
301,1136,Çini İşlemeciliği,Halkla İlişkiler ve Reklamcılık,5111,SÖZ
301,1136,Çini İşlemeciliği,Halkla İlişkiler ve Tanıtım,3198,SÖZ
301,1136,Çini İşlemeciliği,İktisat,3213,EA
301,1136,Çini İşlemeciliği,İşletme,3226,EA
301,1136,Çini İşlemeciliği,Kamu Yönetimi,3237,EA
301,1136,Çini İşlemeciliği,Maliye,3254,EA
301,1136,Çini İşlemeciliği,Siyaset Bilimi ve Kamu Yönetimi,3314,EA
301,1136,Çini İşlemeciliği,Uluslararası İlişkiler,3352,EA
301,9559,Çini Sanatı ve Tasarımı,Çalışma Ekonomisi ve Endüstri İlişkileri,3141,EA
301,9559,Çini Sanatı ve Tasarımı,Halkla İlişkiler ve Reklamcılık,5111,SÖZ
301,9559,Çini Sanatı ve Tasarımı,Halkla İlişkiler ve Tanıtım,3198,SÖZ
301,9559,Çini Sanatı ve Tasarımı,İktisat,3213,EA
301,9559,Çini Sanatı ve Tasarımı,İşletme,3226,EA
301,9559,Çini Sanatı ve Tasarımı,Kamu Yönetimi,3237,EA
301,9559,Çini Sanatı ve Tasarımı,Maliye,3254,EA
301,9559,Çini Sanatı ve Tasarımı,Siyaset Bilimi ve Kamu Yönetimi,3314,EA
301,9559,Çini Sanatı ve Tasarımı,Uluslararası İlişkiler,3352,EA
301,9276,Çorap ve Moda Tasarımı,Çalışma Ekonomisi ve Endüstri İlişkileri,3141,EA
301,9276,Çorap ve Moda Tasarımı,Halkla İlişkiler ve Reklamcılık,5111,SÖZ
301,9276,Çorap ve Moda Tasarımı,Halkla İlişkiler ve Tanıtım,3198,SÖZ
301,9276,Çorap ve Moda Tasarımı,İktisat,3213,EA
301,9276,Çorap ve Moda Tasarımı,İşletme,3226,EA
301,9276,Çorap ve Moda Tasarımı,Kamu Yönetimi,3237,EA
301,9276,Çorap ve Moda Tasarımı,Maliye,3254,EA
301,9276,Çorap ve Moda Tasarımı,Siyaset Bilimi ve Kamu Yönetimi,3314,EA
301,9276,Çorap ve Moda Tasarımı,Uluslararası İlişkiler,3352,EA
301,8513,Değirmencilik,Çalışma Ekonomisi ve Endüstri İlişkileri,3141,EA
301,8513,Değirmencilik,Halkla İlişkiler ve Reklamcılık,5111,SÖZ
301,8513,Değirmencilik,Halkla İlişkiler ve Tanıtım,3198,SÖZ
301,8513,Değirmencilik,İktisat,3213,EA
301,8513,Değirmencilik,İşletme,3226,EA
301,8513,Değirmencilik,Kamu Yönetimi,3237,EA
301,8513,Değirmencilik,Maliye,3254,EA
301,8513,Değirmencilik,Siyaset Bilimi ve Kamu Yönetimi,3314,EA
301,8513,Değirmencilik,Uluslararası İlişkiler,3352,EA
301,5324,Dekor Tasarımı,Çalışma Ekonomisi ve Endüstri İlişkileri,3141,EA
301,5324,Dekor Tasarımı,Halkla İlişkiler ve Reklamcılık,5111,SÖZ
301,5324,Dekor Tasarımı,Halkla İlişkiler ve Tanıtım,3198,SÖZ
301,5324,Dekor Tasarımı,İktisat,3213,EA
301,5324,Dekor Tasarımı,İşletme,3226,EA
301,5324,Dekor Tasarımı,Kamu Yönetimi,3237,EA
301,5324,Dekor Tasarımı,Maliye,3254,EA
301,5324,Dekor Tasarımı,Siyaset Bilimi ve Kamu Yönetimi,3314,EA
301,5324,Dekor Tasarımı,Uluslararası İlişkiler,3352,EA
301,8514,Demiryolu Araçları,Çalışma Ekonomisi ve Endüstri İlişkileri,3141,EA
301,8514,Demiryolu Araçları,Halkla İlişkiler ve Reklamcılık,5111,SÖZ
301,8514,Demiryolu Araçları,Halkla İlişkiler ve Tanıtım,3198,SÖZ
301,8514,Demiryolu Araçları,İktisat,3213,EA
301,8514,Demiryolu Araçları,İşletme,3226,EA
301,8514,Demiryolu Araçları,Kamu Yönetimi,3237,EA
301,8514,Demiryolu Araçları,Maliye,3254,EA
301,8514,Demiryolu Araçları,Siyaset Bilimi ve Kamu Yönetimi,3314,EA
301,8514,Demiryolu Araçları,Uluslararası İlişkiler,3352,EA
301,8516,Deniz Adamlığı,Çalışma Ekonomisi ve Endüstri İlişkileri,3141,EA
301,8516,Deniz Adamlığı,Halkla İlişkiler ve Reklamcılık,5111,SÖZ
301,8516,Deniz Adamlığı,Halkla İlişkiler ve Tanıtım,3198,SÖZ
301,8516,Deniz Adamlığı,İktisat,3213,EA
301,8516,Deniz Adamlığı,İşletme,3226,EA
301,8516,Deniz Adamlığı,Kamu Yönetimi,3237,EA
301,8516,Deniz Adamlığı,Maliye,3254,EA
301,8516,Deniz Adamlığı,Siyaset Bilimi ve Kamu Yönetimi,3314,EA
301,8516,Deniz Adamlığı,Uluslararası İlişkiler,3352,EA
301,9054,Deniz Araçları Teknolojisi,Çalışma Ekonomisi ve Endüstri İlişkileri,3141,EA
301,9054,Deniz Araçları Teknolojisi,Halkla İlişkiler ve Reklamcılık,5111,SÖZ
301,9054,Deniz Araçları Teknolojisi,Halkla İlişkiler ve Tanıtım,3198,SÖZ
301,9054,Deniz Araçları Teknolojisi,İktisat,3213,EA
301,9054,Deniz Araçları Teknolojisi,İşletme,3226,EA
301,9054,Deniz Araçları Teknolojisi,Kamu Yönetimi,3237,EA
301,9054,Deniz Araçları Teknolojisi,Maliye,3254,EA
301,9054,Deniz Araçları Teknolojisi,Siyaset Bilimi ve Kamu Yönetimi,3314,EA
301,9054,Deniz Araçları Teknolojisi,Uluslararası İlişkiler,3352,EA
301,1137,Deniz Elektroniği,Çalışma Ekonomisi ve Endüstri İlişkileri,3141,EA
301,1137,Deniz Elektroniği,Halkla İlişkiler ve Reklamcılık,5111,SÖZ
301,1137,Deniz Elektroniği,Halkla İlişkiler ve Tanıtım,3198,SÖZ
301,1137,Deniz Elektroniği,İktisat,3213,EA
301,1137,Deniz Elektroniği,İşletme,3226,EA
301,1137,Deniz Elektroniği,Kamu Yönetimi,3237,EA
301,1137,Deniz Elektroniği,Maliye,3254,EA
301,1137,Deniz Elektroniği,Siyaset Bilimi ve Kamu Yönetimi,3314,EA
301,1137,Deniz Elektroniği,Uluslararası İlişkiler,3352,EA
301,1138,Deniz Haberleşme,Çalışma Ekonomisi ve Endüstri İlişkileri,3141,EA
301,1138,Deniz Haberleşme,Halkla İlişkiler ve Reklamcılık,5111,SÖZ
301,1138,Deniz Haberleşme,Halkla İlişkiler ve Tanıtım,3198,SÖZ
301,1138,Deniz Haberleşme,İktisat,3213,EA
301,1138,Deniz Haberleşme,İşletme,3226,EA
301,1138,Deniz Haberleşme,Kamu Yönetimi,3237,EA
301,1138,Deniz Haberleşme,Maliye,3254,EA
301,1138,Deniz Haberleşme,Siyaset Bilimi ve Kamu Yönetimi,3314,EA
301,1138,Deniz Haberleşme,Uluslararası İlişkiler,3352,EA
302,9522,Denizci Sağlığı,Çalışma Ekonomisi ve Endüstri İlişkileri,3141,EA
302,9522,Denizci Sağlığı,Halkla İlişkiler ve Reklamcılık,5111,SÖZ
302,9522,Denizci Sağlığı,Halkla İlişkiler ve Tanıtım,3198,SÖZ
302,9522,Denizci Sağlığı,İktisat,3213,EA
302,9522,Denizci Sağlığı,İşletme,3226,EA
302,9522,Denizci Sağlığı,Kamu Yönetimi,3237,EA
302,9522,Denizci Sağlığı,Maliye,3254,EA
302,9522,Denizci Sağlığı,Siyaset Bilimi ve Kamu Yönetimi,3314,EA
302,9522,Denizci Sağlığı,Uluslararası İlişkiler,3352,EA
302,1140,Deri İşleme Teknolojisi,Çalışma Ekonomisi ve Endüstri İlişkileri,3141,EA
302,1140,Deri İşleme Teknolojisi,Halkla İlişkiler ve Reklamcılık,5111,SÖZ
302,1140,Deri İşleme Teknolojisi,Halkla İlişkiler ve Tanıtım,3198,SÖZ
302,1140,Deri İşleme Teknolojisi,İktisat,3213,EA
302,1140,Deri İşleme Teknolojisi,İşletme,3226,EA
302,1140,Deri İşleme Teknolojisi,Kamu Yönetimi,3237,EA
302,1140,Deri İşleme Teknolojisi,Maliye,3254,EA
302,1140,Deri İşleme Teknolojisi,Siyaset Bilimi ve Kamu Yönetimi,3314,EA
302,1140,Deri İşleme Teknolojisi,Uluslararası İlişkiler,3352,EA
302,1141,Deri Konfeksiyon,Çalışma Ekonomisi ve Endüstri İlişkileri,3141,EA
302,1141,Deri Konfeksiyon,Halkla İlişkiler ve Reklamcılık,5111,SÖZ
302,1141,Deri Konfeksiyon,Halkla İlişkiler ve Tanıtım,3198,SÖZ
302,1141,Deri Konfeksiyon,İktisat,3213,EA
302,1141,Deri Konfeksiyon,İşletme,3226,EA
302,1141,Deri Konfeksiyon,Kamu Yönetimi,3237,EA
302,1141,Deri Konfeksiyon,Maliye,3254,EA
302,1141,Deri Konfeksiyon,Siyaset Bilimi ve Kamu Yönetimi,3314,EA
302,1141,Deri Konfeksiyon,Uluslararası İlişkiler,3352,EA
302,5325,Deri Teknolojisi,Çalışma Ekonomisi ve Endüstri İlişkileri,3141,EA
302,5325,Deri Teknolojisi,Halkla İlişkiler ve Reklamcılık,5111,SÖZ
302,5325,Deri Teknolojisi,Halkla İlişkiler ve Tanıtım,3198,SÖZ
302,5325,Deri Teknolojisi,İktisat,3213,EA
302,5325,Deri Teknolojisi,İşletme,3226,EA
302,5325,Deri Teknolojisi,Kamu Yönetimi,3237,EA
302,5325,Deri Teknolojisi,Maliye,3254,EA
302,5325,Deri Teknolojisi,Siyaset Bilimi ve Kamu Yönetimi,3314,EA
302,5325,Deri Teknolojisi,Uluslararası İlişkiler,3352,EA
302,1142,Dericilik,Çalışma Ekonomisi ve Endüstri İlişkileri,3141,EA
302,1142,Dericilik,Halkla İlişkiler ve Reklamcılık,5111,SÖZ
302,1142,Dericilik,Halkla İlişkiler ve Tanıtım,3198,SÖZ
302,1142,Dericilik,İktisat,3213,EA
302,1142,Dericilik,İşletme,3226,EA
302,1142,Dericilik,Kamu Yönetimi,3237,EA
302,1142,Dericilik,Maliye,3254,EA
302,1142,Dericilik,Siyaset Bilimi ve Kamu Yönetimi,3314,EA
302,1142,Dericilik,Uluslararası İlişkiler,3352,EA
302,1461,DİJİTAL DÖNÜŞÜM ELEKTRONİĞİ,Çalışma Ekonomisi ve Endüstri İlişkileri,3141,EA
302,1461,DİJİTAL DÖNÜŞÜM ELEKTRONİĞİ,Halkla İlişkiler ve Reklamcılık,5111,SÖZ
302,1461,DİJİTAL DÖNÜŞÜM ELEKTRONİĞİ,Halkla İlişkiler ve Tanıtım,3198,SÖZ
302,1461,DİJİTAL DÖNÜŞÜM ELEKTRONİĞİ,İktisat,3213,EA
302,1461,DİJİTAL DÖNÜŞÜM ELEKTRONİĞİ,İşletme,3226,EA
302,1461,DİJİTAL DÖNÜŞÜM ELEKTRONİĞİ,Kamu Yönetimi,3237,EA
302,1461,DİJİTAL DÖNÜŞÜM ELEKTRONİĞİ,Maliye,3254,EA
302,1461,DİJİTAL DÖNÜŞÜM ELEKTRONİĞİ,Siyaset Bilimi ve Kamu Yönetimi,3314,EA
302,1461,DİJİTAL DÖNÜŞÜM ELEKTRONİĞİ,Uluslararası İlişkiler,3352,EA
302,1409,Dijital Fabrika Teknolojileri,Çalışma Ekonomisi ve Endüstri İlişkileri,3141,EA
302,1409,Dijital Fabrika Teknolojileri,Halkla İlişkiler ve Reklamcılık,5111,SÖZ
302,1409,Dijital Fabrika Teknolojileri,Halkla İlişkiler ve Tanıtım,3198,SÖZ
302,1409,Dijital Fabrika Teknolojileri,İktisat,3213,EA
302,1409,Dijital Fabrika Teknolojileri,İşletme,3226,EA
302,1409,Dijital Fabrika Teknolojileri,Kamu Yönetimi,3237,EA
302,1409,Dijital Fabrika Teknolojileri,Maliye,3254,EA
302,1409,Dijital Fabrika Teknolojileri,Siyaset Bilimi ve Kamu Yönetimi,3314,EA
302,1409,Dijital Fabrika Teknolojileri,Uluslararası İlişkiler,3352,EA
302,1497,DİJİTAL TARIM TEKNOLOJİLERİ,Çalışma Ekonomisi ve Endüstri İlişkileri,3141,EA
302,1497,DİJİTAL TARIM TEKNOLOJİLERİ,Halkla İlişkiler ve Reklamcılık,5111,SÖZ
302,1497,DİJİTAL TARIM TEKNOLOJİLERİ,Halkla İlişkiler ve Tanıtım,3198,SÖZ
302,1497,DİJİTAL TARIM TEKNOLOJİLERİ,İktisat,3213,EA
302,1497,DİJİTAL TARIM TEKNOLOJİLERİ,İşletme,3226,EA
302,1497,DİJİTAL TARIM TEKNOLOJİLERİ,Kamu Yönetimi,3237,EA
302,1497,DİJİTAL TARIM TEKNOLOJİLERİ,Maliye,3254,EA
302,1497,DİJİTAL TARIM TEKNOLOJİLERİ,Siyaset Bilimi ve Kamu Yönetimi,3314,EA
302,1497,DİJİTAL TARIM TEKNOLOJİLERİ,Uluslararası İlişkiler,3352,EA
302,8518,Diş Hekimliği-Hijyen,Çalışma Ekonomisi ve Endüstri İlişkileri,3141,EA
302,8518,Diş Hekimliği-Hijyen,Halkla İlişkiler ve Reklamcılık,5111,SÖZ
302,8518,Diş Hekimliği-Hijyen,Halkla İlişkiler ve Tanıtım,3198,SÖZ
302,8518,Diş Hekimliği-Hijyen,İktisat,3213,EA
302,8518,Diş Hekimliği-Hijyen,İşletme,3226,EA
302,8518,Diş Hekimliği-Hijyen,Kamu Yönetimi,3237,EA
302,8518,Diş Hekimliği-Hijyen,Maliye,3254,EA
302,8518,Diş Hekimliği-Hijyen,Siyaset Bilimi ve Kamu Yönetimi,3314,EA
302,8518,Diş Hekimliği-Hijyen,Uluslararası İlişkiler,3352,EA
302,8520,Doğal Gaz ve Isıtma / Doğalgaz ve Isıtma,Çalışma Ekonomisi ve Endüstri İlişkileri,3141,EA
302,8520,Doğal Gaz ve Isıtma / Doğalgaz ve Isıtma,Halkla İlişkiler ve Reklamcılık,5111,SÖZ
302,8520,Doğal Gaz ve Isıtma / Doğalgaz ve Isıtma,Halkla İlişkiler ve Tanıtım,3198,SÖZ
302,8520,Doğal Gaz ve Isıtma / Doğalgaz ve Isıtma,İktisat,3213,EA
302,8520,Doğal Gaz ve Isıtma / Doğalgaz ve Isıtma,İşletme,3226,EA
302,8520,Doğal Gaz ve Isıtma / Doğalgaz ve Isıtma,Kamu Yönetimi,3237,EA
302,8520,Doğal Gaz ve Isıtma / Doğalgaz ve Isıtma,Maliye,3254,EA
302,8520,Doğal Gaz ve Isıtma / Doğalgaz ve Isıtma,Siyaset Bilimi ve Kamu Yönetimi,3314,EA
302,8520,Doğal Gaz ve Isıtma / Doğalgaz ve Isıtma,Uluslararası İlişkiler,3352,EA
302,8595,Doğal Taş Dekorasyonu,Çalışma Ekonomisi ve Endüstri İlişkileri,3141,EA
302,8595,Doğal Taş Dekorasyonu,Halkla İlişkiler ve Reklamcılık,5111,SÖZ
302,8595,Doğal Taş Dekorasyonu,Halkla İlişkiler ve Tanıtım,3198,SÖZ
302,8595,Doğal Taş Dekorasyonu,İktisat,3213,EA
302,8595,Doğal Taş Dekorasyonu,İşletme,3226,EA
302,8595,Doğal Taş Dekorasyonu,Kamu Yönetimi,3237,EA
302,8595,Doğal Taş Dekorasyonu,Maliye,3254,EA
302,8595,Doğal Taş Dekorasyonu,Siyaset Bilimi ve Kamu Yönetimi,3314,EA
302,8595,Doğal Taş Dekorasyonu,Uluslararası İlişkiler,3352,EA
302,9037,Doğal Yapı Taşları Teknolojisi,Çalışma Ekonomisi ve Endüstri İlişkileri,3141,EA
302,9037,Doğal Yapı Taşları Teknolojisi,Halkla İlişkiler ve Reklamcılık,5111,SÖZ
302,9037,Doğal Yapı Taşları Teknolojisi,Halkla İlişkiler ve Tanıtım,3198,SÖZ
302,9037,Doğal Yapı Taşları Teknolojisi,İktisat,3213,EA
302,9037,Doğal Yapı Taşları Teknolojisi,İşletme,3226,EA
302,9037,Doğal Yapı Taşları Teknolojisi,Kamu Yönetimi,3237,EA
302,9037,Doğal Yapı Taşları Teknolojisi,Maliye,3254,EA
302,9037,Doğal Yapı Taşları Teknolojisi,Siyaset Bilimi ve Kamu Yönetimi,3314,EA
302,9037,Doğal Yapı Taşları Teknolojisi,Uluslararası İlişkiler,3352,EA
302,8597,Doğalgaz ve Boru Hatları Teknolojisi,Çalışma Ekonomisi ve Endüstri İlişkileri,3141,EA
302,8597,Doğalgaz ve Boru Hatları Teknolojisi,Halkla İlişkiler ve Reklamcılık,5111,SÖZ
302,8597,Doğalgaz ve Boru Hatları Teknolojisi,Halkla İlişkiler ve Tanıtım,3198,SÖZ
302,8597,Doğalgaz ve Boru Hatları Teknolojisi,İktisat,3213,EA
302,8597,Doğalgaz ve Boru Hatları Teknolojisi,İşletme,3226,EA
302,8597,Doğalgaz ve Boru Hatları Teknolojisi,Kamu Yönetimi,3237,EA
302,8597,Doğalgaz ve Boru Hatları Teknolojisi,Maliye,3254,EA
302,8597,Doğalgaz ve Boru Hatları Teknolojisi,Siyaset Bilimi ve Kamu Yönetimi,3314,EA
302,8597,Doğalgaz ve Boru Hatları Teknolojisi,Uluslararası İlişkiler,3352,EA
302,9277,Doğalgaz ve Tesisatı Teknolojisi,Çalışma Ekonomisi ve Endüstri İlişkileri,3141,EA
302,9277,Doğalgaz ve Tesisatı Teknolojisi,Halkla İlişkiler ve Reklamcılık,5111,SÖZ
302,9277,Doğalgaz ve Tesisatı Teknolojisi,Halkla İlişkiler ve Tanıtım,3198,SÖZ
302,9277,Doğalgaz ve Tesisatı Teknolojisi,İktisat,3213,EA
302,9277,Doğalgaz ve Tesisatı Teknolojisi,İşletme,3226,EA
302,9277,Doğalgaz ve Tesisatı Teknolojisi,Kamu Yönetimi,3237,EA
302,9277,Doğalgaz ve Tesisatı Teknolojisi,Maliye,3254,EA
302,9277,Doğalgaz ve Tesisatı Teknolojisi,Siyaset Bilimi ve Kamu Yönetimi,3314,EA
302,9277,Doğalgaz ve Tesisatı Teknolojisi,Uluslararası İlişkiler,3352,EA
302,1148,"Doğalgaz, Isıtma ve Sıhhi Tesisat Teknolojisi",Çalışma Ekonomisi ve Endüstri İlişkileri,3141,EA
302,1148,"Doğalgaz, Isıtma ve Sıhhi Tesisat Teknolojisi",Halkla İlişkiler ve Reklamcılık,5111,SÖZ
302,1148,"Doğalgaz, Isıtma ve Sıhhi Tesisat Teknolojisi",Halkla İlişkiler ve Tanıtım,3198,SÖZ
302,1148,"Doğalgaz, Isıtma ve Sıhhi Tesisat Teknolojisi",İktisat,3213,EA
302,1148,"Doğalgaz, Isıtma ve Sıhhi Tesisat Teknolojisi",İşletme,3226,EA
302,1148,"Doğalgaz, Isıtma ve Sıhhi Tesisat Teknolojisi",Kamu Yönetimi,3237,EA
302,1148,"Doğalgaz, Isıtma ve Sıhhi Tesisat Teknolojisi",Maliye,3254,EA
302,1148,"Doğalgaz, Isıtma ve Sıhhi Tesisat Teknolojisi",Siyaset Bilimi ve Kamu Yönetimi,3314,EA
302,1148,"Doğalgaz, Isıtma ve Sıhhi Tesisat Teknolojisi",Uluslararası İlişkiler,3352,EA
302,8521,Dokuma,Çalışma Ekonomisi ve Endüstri İlişkileri,3141,EA
302,8521,Dokuma,Halkla İlişkiler ve Reklamcılık,5111,SÖZ
302,8521,Dokuma,Halkla İlişkiler ve Tanıtım,3198,SÖZ
302,8521,Dokuma,İktisat,3213,EA
302,8521,Dokuma,İşletme,3226,EA
302,8521,Dokuma,Kamu Yönetimi,3237,EA
302,8521,Dokuma,Maliye,3254,EA
302,8521,Dokuma,Siyaset Bilimi ve Kamu Yönetimi,3314,EA
302,8521,Dokuma,Uluslararası İlişkiler,3352,EA
302,5326,Dokumacılık ve El Sanatları,Çalışma Ekonomisi ve Endüstri İlişkileri,3141,EA
302,5326,Dokumacılık ve El Sanatları,Halkla İlişkiler ve Reklamcılık,5111,SÖZ
302,5326,Dokumacılık ve El Sanatları,Halkla İlişkiler ve Tanıtım,3198,SÖZ
302,5326,Dokumacılık ve El Sanatları,İktisat,3213,EA
302,5326,Dokumacılık ve El Sanatları,İşletme,3226,EA
302,5326,Dokumacılık ve El Sanatları,Kamu Yönetimi,3237,EA
302,5326,Dokumacılık ve El Sanatları,Maliye,3254,EA
302,5326,Dokumacılık ve El Sanatları,Siyaset Bilimi ve Kamu Yönetimi,3314,EA
302,5326,Dokumacılık ve El Sanatları,Uluslararası İlişkiler,3352,EA
302,6149,Döküm,Çalışma Ekonomisi ve Endüstri İlişkileri,3141,EA
302,6149,Döküm,Halkla İlişkiler ve Reklamcılık,5111,SÖZ
302,6149,Döküm,Halkla İlişkiler ve Tanıtım,3198,SÖZ
302,6149,Döküm,İktisat,3213,EA
302,6149,Döküm,İşletme,3226,EA
302,6149,Döküm,Kamu Yönetimi,3237,EA
302,6149,Döküm,Maliye,3254,EA
302,6149,Döküm,Siyaset Bilimi ve Kamu Yönetimi,3314,EA
302,6149,Döküm,Uluslararası İlişkiler,3352,EA
302,9247,Duvar Süsleme Sanatı,Çalışma Ekonomisi ve Endüstri İlişkileri,3141,EA
302,9247,Duvar Süsleme Sanatı,Halkla İlişkiler ve Reklamcılık,5111,SÖZ
302,9247,Duvar Süsleme Sanatı,Halkla İlişkiler ve Tanıtım,3198,SÖZ
302,9247,Duvar Süsleme Sanatı,İktisat,3213,EA
302,9247,Duvar Süsleme Sanatı,İşletme,3226,EA
302,9247,Duvar Süsleme Sanatı,Kamu Yönetimi,3237,EA
302,9247,Duvar Süsleme Sanatı,Maliye,3254,EA
302,9247,Duvar Süsleme Sanatı,Siyaset Bilimi ve Kamu Yönetimi,3314,EA
302,9247,Duvar Süsleme Sanatı,Uluslararası İlişkiler,3352,EA
302,1150,Duvar Süsleme Sanatları,Çalışma Ekonomisi ve Endüstri İlişkileri,3141,EA
302,1150,Duvar Süsleme Sanatları,Halkla İlişkiler ve Reklamcılık,5111,SÖZ
302,1150,Duvar Süsleme Sanatları,Halkla İlişkiler ve Tanıtım,3198,SÖZ
302,1150,Duvar Süsleme Sanatları,İktisat,3213,EA
302,1150,Duvar Süsleme Sanatları,İşletme,3226,EA
302,1150,Duvar Süsleme Sanatları,Kamu Yönetimi,3237,EA
302,1150,Duvar Süsleme Sanatları,Maliye,3254,EA
302,1150,Duvar Süsleme Sanatları,Siyaset Bilimi ve Kamu Yönetimi,3314,EA
302,1150,Duvar Süsleme Sanatları,Uluslararası İlişkiler,3352,EA
302,8522,Ekmekçilik,Çalışma Ekonomisi ve Endüstri İlişkileri,3141,EA
302,8522,Ekmekçilik,Halkla İlişkiler ve Reklamcılık,5111,SÖZ
302,8522,Ekmekçilik,Halkla İlişkiler ve Tanıtım,3198,SÖZ
302,8522,Ekmekçilik,İktisat,3213,EA
302,8522,Ekmekçilik,İşletme,3226,EA
302,8522,Ekmekçilik,Kamu Yönetimi,3237,EA
302,8522,Ekmekçilik,Maliye,3254,EA
302,8522,Ekmekçilik,Siyaset Bilimi ve Kamu Yönetimi,3314,EA
302,8522,Ekmekçilik,Uluslararası İlişkiler,3352,EA
302,8523,El Basmacılığı,Çalışma Ekonomisi ve Endüstri İlişkileri,3141,EA
302,8523,El Basmacılığı,Halkla İlişkiler ve Reklamcılık,5111,SÖZ
302,8523,El Basmacılığı,Halkla İlişkiler ve Tanıtım,3198,SÖZ
302,8523,El Basmacılığı,İktisat,3213,EA
302,8523,El Basmacılığı,İşletme,3226,EA
302,8523,El Basmacılığı,Kamu Yönetimi,3237,EA
302,8523,El Basmacılığı,Maliye,3254,EA
302,8523,El Basmacılığı,Siyaset Bilimi ve Kamu Yönetimi,3314,EA
302,8523,El Basmacılığı,Uluslararası İlişkiler,3352,EA
302,1151,El Sanatları,Çalışma Ekonomisi ve Endüstri İlişkileri,3141,EA
302,1151,El Sanatları,Halkla İlişkiler ve Reklamcılık,5111,SÖZ
302,1151,El Sanatları,Halkla İlişkiler ve Tanıtım,3198,SÖZ
302,1151,El Sanatları,İktisat,3213,EA
302,1151,El Sanatları,İşletme,3226,EA
302,1151,El Sanatları,Kamu Yönetimi,3237,EA
302,1151,El Sanatları,Maliye,3254,EA
302,1151,El Sanatları,Siyaset Bilimi ve Kamu Yönetimi,3314,EA
302,1151,El Sanatları,Uluslararası İlişkiler,3352,EA
302,1152,Elektrik,Çalışma Ekonomisi ve Endüstri İlişkileri,3141,EA
302,1152,Elektrik,Halkla İlişkiler ve Reklamcılık,5111,SÖZ
302,1152,Elektrik,Halkla İlişkiler ve Tanıtım,3198,SÖZ
302,1152,Elektrik,İktisat,3213,EA
302,1152,Elektrik,İşletme,3226,EA
302,1152,Elektrik,Kamu Yönetimi,3237,EA
302,1152,Elektrik,Maliye,3254,EA
302,1152,Elektrik,Siyaset Bilimi ve Kamu Yönetimi,3314,EA
302,1152,Elektrik,Uluslararası İlişkiler,3352,EA
302,9063,"Elektrik Enerjisi Üretim, İletim ve Dağıtımı",Çalışma Ekonomisi ve Endüstri İlişkileri,3141,EA
302,9063,"Elektrik Enerjisi Üretim, İletim ve Dağıtımı",Halkla İlişkiler ve Reklamcılık,5111,SÖZ
302,9063,"Elektrik Enerjisi Üretim, İletim ve Dağıtımı",Halkla İlişkiler ve Tanıtım,3198,SÖZ
302,9063,"Elektrik Enerjisi Üretim, İletim ve Dağıtımı",İktisat,3213,EA
302,9063,"Elektrik Enerjisi Üretim, İletim ve Dağıtımı",İşletme,3226,EA
302,9063,"Elektrik Enerjisi Üretim, İletim ve Dağıtımı",Kamu Yönetimi,3237,EA
302,9063,"Elektrik Enerjisi Üretim, İletim ve Dağıtımı",Maliye,3254,EA
302,9063,"Elektrik Enerjisi Üretim, İletim ve Dağıtımı",Siyaset Bilimi ve Kamu Yönetimi,3314,EA
302,9063,"Elektrik Enerjisi Üretim, İletim ve Dağıtımı",Uluslararası İlişkiler,3352,EA
302,9490,Elektrik Makineleri Bakım ve Onarımı,Çalışma Ekonomisi ve Endüstri İlişkileri,3141,EA
302,9490,Elektrik Makineleri Bakım ve Onarımı,Halkla İlişkiler ve Reklamcılık,5111,SÖZ
302,9490,Elektrik Makineleri Bakım ve Onarımı,Halkla İlişkiler ve Tanıtım,3198,SÖZ
302,9490,Elektrik Makineleri Bakım ve Onarımı,İktisat,3213,EA
302,9490,Elektrik Makineleri Bakım ve Onarımı,İşletme,3226,EA
302,9490,Elektrik Makineleri Bakım ve Onarımı,Kamu Yönetimi,3237,EA
302,9490,Elektrik Makineleri Bakım ve Onarımı,Maliye,3254,EA
302,9490,Elektrik Makineleri Bakım ve Onarımı,Siyaset Bilimi ve Kamu Yönetimi,3314,EA
302,9490,Elektrik Makineleri Bakım ve Onarımı,Uluslararası İlişkiler,3352,EA
302,9213,Elektrik Teknolojisi,Çalışma Ekonomisi ve Endüstri İlişkileri,3141,EA
302,9213,Elektrik Teknolojisi,Halkla İlişkiler ve Reklamcılık,5111,SÖZ
302,9213,Elektrik Teknolojisi,Halkla İlişkiler ve Tanıtım,3198,SÖZ
302,9213,Elektrik Teknolojisi,İktisat,3213,EA
302,9213,Elektrik Teknolojisi,İşletme,3226,EA
302,9213,Elektrik Teknolojisi,Kamu Yönetimi,3237,EA
302,9213,Elektrik Teknolojisi,Maliye,3254,EA
302,9213,Elektrik Teknolojisi,Siyaset Bilimi ve Kamu Yönetimi,3314,EA
302,9213,Elektrik Teknolojisi,Uluslararası İlişkiler,3352,EA
302,9544,Elektrik ve Elektronik Teknolojisi,Çalışma Ekonomisi ve Endüstri İlişkileri,3141,EA
302,9544,Elektrik ve Elektronik Teknolojisi,Halkla İlişkiler ve Reklamcılık,5111,SÖZ
302,9544,Elektrik ve Elektronik Teknolojisi,Halkla İlişkiler ve Tanıtım,3198,SÖZ
302,9544,Elektrik ve Elektronik Teknolojisi,İktisat,3213,EA
302,9544,Elektrik ve Elektronik Teknolojisi,İşletme,3226,EA
302,9544,Elektrik ve Elektronik Teknolojisi,Kamu Yönetimi,3237,EA
302,9544,Elektrik ve Elektronik Teknolojisi,Maliye,3254,EA
302,9544,Elektrik ve Elektronik Teknolojisi,Siyaset Bilimi ve Kamu Yönetimi,3314,EA
302,9544,Elektrik ve Elektronik Teknolojisi,Uluslararası İlişkiler,3352,EA
302,1153,Elektrik-Elektronik,Çalışma Ekonomisi ve Endüstri İlişkileri,3141,EA
302,1153,Elektrik-Elektronik,Halkla İlişkiler ve Reklamcılık,5111,SÖZ
302,1153,Elektrik-Elektronik,Halkla İlişkiler ve Tanıtım,3198,SÖZ
302,1153,Elektrik-Elektronik,İktisat,3213,EA
302,1153,Elektrik-Elektronik,İşletme,3226,EA
302,1153,Elektrik-Elektronik,Kamu Yönetimi,3237,EA
302,1153,Elektrik-Elektronik,Maliye,3254,EA
302,1153,Elektrik-Elektronik,Siyaset Bilimi ve Kamu Yönetimi,3314,EA
302,1153,Elektrik-Elektronik,Uluslararası İlişkiler,3352,EA
302,8524,Elektrik-Elektronik Teknikerliği,Çalışma Ekonomisi ve Endüstri İlişkileri,3141,EA
302,8524,Elektrik-Elektronik Teknikerliği,Halkla İlişkiler ve Reklamcılık,5111,SÖZ
302,8524,Elektrik-Elektronik Teknikerliği,Halkla İlişkiler ve Tanıtım,3198,SÖZ
302,8524,Elektrik-Elektronik Teknikerliği,İktisat,3213,EA
302,8524,Elektrik-Elektronik Teknikerliği,İşletme,3226,EA
302,8524,Elektrik-Elektronik Teknikerliği,Kamu Yönetimi,3237,EA
302,8524,Elektrik-Elektronik Teknikerliği,Maliye,3254,EA
302,8524,Elektrik-Elektronik Teknikerliği,Siyaset Bilimi ve Kamu Yönetimi,3314,EA
302,8524,Elektrik-Elektronik Teknikerliği,Uluslararası İlişkiler,3352,EA
302,9065,Elektrikli Cihaz Teknolojisi,Çalışma Ekonomisi ve Endüstri İlişkileri,3141,EA
302,9065,Elektrikli Cihaz Teknolojisi,Halkla İlişkiler ve Reklamcılık,5111,SÖZ
302,9065,Elektrikli Cihaz Teknolojisi,Halkla İlişkiler ve Tanıtım,3198,SÖZ
302,9065,Elektrikli Cihaz Teknolojisi,İktisat,3213,EA
302,9065,Elektrikli Cihaz Teknolojisi,İşletme,3226,EA
302,9065,Elektrikli Cihaz Teknolojisi,Kamu Yönetimi,3237,EA
302,9065,Elektrikli Cihaz Teknolojisi,Maliye,3254,EA
302,9065,Elektrikli Cihaz Teknolojisi,Siyaset Bilimi ve Kamu Yönetimi,3314,EA
302,9065,Elektrikli Cihaz Teknolojisi,Uluslararası İlişkiler,3352,EA
302,9284,Elektromekanik Taşıyıcılar,Çalışma Ekonomisi ve Endüstri İlişkileri,3141,EA
302,9284,Elektromekanik Taşıyıcılar,Halkla İlişkiler ve Reklamcılık,5111,SÖZ
302,9284,Elektromekanik Taşıyıcılar,Halkla İlişkiler ve Tanıtım,3198,SÖZ
302,9284,Elektromekanik Taşıyıcılar,İktisat,3213,EA
302,9284,Elektromekanik Taşıyıcılar,İşletme,3226,EA
302,9284,Elektromekanik Taşıyıcılar,Kamu Yönetimi,3237,EA
302,9284,Elektromekanik Taşıyıcılar,Maliye,3254,EA
302,9284,Elektromekanik Taşıyıcılar,Siyaset Bilimi ve Kamu Yönetimi,3314,EA
302,9284,Elektromekanik Taşıyıcılar,Uluslararası İlişkiler,3352,EA
302,1154,Elektronik,Çalışma Ekonomisi ve Endüstri İlişkileri,3141,EA
302,1154,Elektronik,Halkla İlişkiler ve Reklamcılık,5111,SÖZ
302,1154,Elektronik,Halkla İlişkiler ve Tanıtım,3198,SÖZ
302,1154,Elektronik,İktisat,3213,EA
302,1154,Elektronik,İşletme,3226,EA
302,1154,Elektronik,Kamu Yönetimi,3237,EA
302,1154,Elektronik,Maliye,3254,EA
302,1154,Elektronik,Siyaset Bilimi ve Kamu Yönetimi,3314,EA
302,1154,Elektronik,Uluslararası İlişkiler,3352,EA
302,6155,Elektronik Haberleşme,Çalışma Ekonomisi ve Endüstri İlişkileri,3141,EA
302,6155,Elektronik Haberleşme,Halkla İlişkiler ve Reklamcılık,5111,SÖZ
302,6155,Elektronik Haberleşme,Halkla İlişkiler ve Tanıtım,3198,SÖZ
302,6155,Elektronik Haberleşme,İktisat,3213,EA
302,6155,Elektronik Haberleşme,İşletme,3226,EA
302,6155,Elektronik Haberleşme,Kamu Yönetimi,3237,EA
302,6155,Elektronik Haberleşme,Maliye,3254,EA
302,6155,Elektronik Haberleşme,Siyaset Bilimi ve Kamu Yönetimi,3314,EA
302,6155,Elektronik Haberleşme,Uluslararası İlişkiler,3352,EA
302,9067,Elektronik Haberleşme Teknolojisi,Çalışma Ekonomisi ve Endüstri İlişkileri,3141,EA
302,9067,Elektronik Haberleşme Teknolojisi,Halkla İlişkiler ve Reklamcılık,5111,SÖZ
302,9067,Elektronik Haberleşme Teknolojisi,Halkla İlişkiler ve Tanıtım,3198,SÖZ
302,9067,Elektronik Haberleşme Teknolojisi,İktisat,3213,EA
302,9067,Elektronik Haberleşme Teknolojisi,İşletme,3226,EA
302,9067,Elektronik Haberleşme Teknolojisi,Kamu Yönetimi,3237,EA
302,9067,Elektronik Haberleşme Teknolojisi,Maliye,3254,EA
302,9067,Elektronik Haberleşme Teknolojisi,Siyaset Bilimi ve Kamu Yönetimi,3314,EA
302,9067,Elektronik Haberleşme Teknolojisi,Uluslararası İlişkiler,3352,EA
302,9068,Elektronik Teknolojisi,Çalışma Ekonomisi ve Endüstri İlişkileri,3141,EA
302,9068,Elektronik Teknolojisi,Halkla İlişkiler ve Reklamcılık,5111,SÖZ
302,9068,Elektronik Teknolojisi,Halkla İlişkiler ve Tanıtım,3198,SÖZ
302,9068,Elektronik Teknolojisi,İktisat,3213,EA
302,9068,Elektronik Teknolojisi,İşletme,3226,EA
302,9068,Elektronik Teknolojisi,Kamu Yönetimi,3237,EA
302,9068,Elektronik Teknolojisi,Maliye,3254,EA
302,9068,Elektronik Teknolojisi,Siyaset Bilimi ve Kamu Yönetimi,3314,EA
302,9068,Elektronik Teknolojisi,Uluslararası İlişkiler,3352,EA
302,1158,Endüstri Bitkileri Yetiştirme ve Değerlendirme,Çalışma Ekonomisi ve Endüstri İlişkileri,3141,EA
302,1158,Endüstri Bitkileri Yetiştirme ve Değerlendirme,Halkla İlişkiler ve Reklamcılık,5111,SÖZ
302,1158,Endüstri Bitkileri Yetiştirme ve Değerlendirme,Halkla İlişkiler ve Tanıtım,3198,SÖZ
302,1158,Endüstri Bitkileri Yetiştirme ve Değerlendirme,İktisat,3213,EA
302,1158,Endüstri Bitkileri Yetiştirme ve Değerlendirme,İşletme,3226,EA
302,1158,Endüstri Bitkileri Yetiştirme ve Değerlendirme,Kamu Yönetimi,3237,EA
302,1158,Endüstri Bitkileri Yetiştirme ve Değerlendirme,Maliye,3254,EA
302,1158,Endüstri Bitkileri Yetiştirme ve Değerlendirme,Siyaset Bilimi ve Kamu Yönetimi,3314,EA
302,1158,Endüstri Bitkileri Yetiştirme ve Değerlendirme,Uluslararası İlişkiler,3352,EA
302,9016,Endüstri Ürünleri Tasarımı,Çalışma Ekonomisi ve Endüstri İlişkileri,3141,EA
302,9016,Endüstri Ürünleri Tasarımı,Halkla İlişkiler ve Reklamcılık,5111,SÖZ
302,9016,Endüstri Ürünleri Tasarımı,Halkla İlişkiler ve Tanıtım,3198,SÖZ
302,9016,Endüstri Ürünleri Tasarımı,İktisat,3213,EA
302,9016,Endüstri Ürünleri Tasarımı,İşletme,3226,EA
302,9016,Endüstri Ürünleri Tasarımı,Kamu Yönetimi,3237,EA
302,9016,Endüstri Ürünleri Tasarımı,Maliye,3254,EA
302,9016,Endüstri Ürünleri Tasarımı,Siyaset Bilimi ve Kamu Yönetimi,3314,EA
302,9016,Endüstri Ürünleri Tasarımı,Uluslararası İlişkiler,3352,EA
302,9059,Endüstriyel Bitkiler Yetiştiriciliği,Çalışma Ekonomisi ve Endüstri İlişkileri,3141,EA
302,9059,Endüstriyel Bitkiler Yetiştiriciliği,Halkla İlişkiler ve Reklamcılık,5111,SÖZ
302,9059,Endüstriyel Bitkiler Yetiştiriciliği,Halkla İlişkiler ve Tanıtım,3198,SÖZ
302,9059,Endüstriyel Bitkiler Yetiştiriciliği,İktisat,3213,EA
302,9059,Endüstriyel Bitkiler Yetiştiriciliği,İşletme,3226,EA
302,9059,Endüstriyel Bitkiler Yetiştiriciliği,Kamu Yönetimi,3237,EA
302,9059,Endüstriyel Bitkiler Yetiştiriciliği,Maliye,3254,EA
302,9059,Endüstriyel Bitkiler Yetiştiriciliği,Siyaset Bilimi ve Kamu Yönetimi,3314,EA
302,9059,Endüstriyel Bitkiler Yetiştiriciliği,Uluslararası İlişkiler,3352,EA
302,9028,Endüstriyel Cam ve Seramik,Çalışma Ekonomisi ve Endüstri İlişkileri,3141,EA
302,9028,Endüstriyel Cam ve Seramik,Halkla İlişkiler ve Reklamcılık,5111,SÖZ
302,9028,Endüstriyel Cam ve Seramik,Halkla İlişkiler ve Tanıtım,3198,SÖZ
302,9028,Endüstriyel Cam ve Seramik,İktisat,3213,EA
302,9028,Endüstriyel Cam ve Seramik,İşletme,3226,EA
302,9028,Endüstriyel Cam ve Seramik,Kamu Yönetimi,3237,EA
302,9028,Endüstriyel Cam ve Seramik,Maliye,3254,EA
302,9028,Endüstriyel Cam ve Seramik,Siyaset Bilimi ve Kamu Yönetimi,3314,EA
302,9028,Endüstriyel Cam ve Seramik,Uluslararası İlişkiler,3352,EA
302,1159,Endüstriyel Elektronik,Çalışma Ekonomisi ve Endüstri İlişkileri,3141,EA
302,1159,Endüstriyel Elektronik,Halkla İlişkiler ve Reklamcılık,5111,SÖZ
302,1159,Endüstriyel Elektronik,Halkla İlişkiler ve Tanıtım,3198,SÖZ
302,1159,Endüstriyel Elektronik,İktisat,3213,EA
302,1159,Endüstriyel Elektronik,İşletme,3226,EA
302,1159,Endüstriyel Elektronik,Kamu Yönetimi,3237,EA
302,1159,Endüstriyel Elektronik,Maliye,3254,EA
302,1159,Endüstriyel Elektronik,Siyaset Bilimi ve Kamu Yönetimi,3314,EA
302,1159,Endüstriyel Elektronik,Uluslararası İlişkiler,3352,EA
302,9239,Endüstriyel Hammaddeler İşleme Teknolojisi,Çalışma Ekonomisi ve Endüstri İlişkileri,3141,EA
302,9239,Endüstriyel Hammaddeler İşleme Teknolojisi,Halkla İlişkiler ve Reklamcılık,5111,SÖZ
302,9239,Endüstriyel Hammaddeler İşleme Teknolojisi,Halkla İlişkiler ve Tanıtım,3198,SÖZ
302,9239,Endüstriyel Hammaddeler İşleme Teknolojisi,İktisat,3213,EA
302,9239,Endüstriyel Hammaddeler İşleme Teknolojisi,İşletme,3226,EA
302,9239,Endüstriyel Hammaddeler İşleme Teknolojisi,Kamu Yönetimi,3237,EA
302,9239,Endüstriyel Hammaddeler İşleme Teknolojisi,Maliye,3254,EA
302,9239,Endüstriyel Hammaddeler İşleme Teknolojisi,Siyaset Bilimi ve Kamu Yönetimi,3314,EA
302,9239,Endüstriyel Hammaddeler İşleme Teknolojisi,Uluslararası İlişkiler,3352,EA
302,5329,Endüstriyel Kalıpçılık,Çalışma Ekonomisi ve Endüstri İlişkileri,3141,EA
302,5329,Endüstriyel Kalıpçılık,Halkla İlişkiler ve Reklamcılık,5111,SÖZ
302,5329,Endüstriyel Kalıpçılık,Halkla İlişkiler ve Tanıtım,3198,SÖZ
302,5329,Endüstriyel Kalıpçılık,İktisat,3213,EA
302,5329,Endüstriyel Kalıpçılık,İşletme,3226,EA
302,5329,Endüstriyel Kalıpçılık,Kamu Yönetimi,3237,EA
302,5329,Endüstriyel Kalıpçılık,Maliye,3254,EA
302,5329,Endüstriyel Kalıpçılık,Siyaset Bilimi ve Kamu Yönetimi,3314,EA
302,5329,Endüstriyel Kalıpçılık,Uluslararası İlişkiler,3352,EA
302,1160,Endüstriyel Otomasyon Teknolojisi,Çalışma Ekonomisi ve Endüstri İlişkileri,3141,EA
302,1160,Endüstriyel Otomasyon Teknolojisi,Halkla İlişkiler ve Reklamcılık,5111,SÖZ
302,1160,Endüstriyel Otomasyon Teknolojisi,Halkla İlişkiler ve Tanıtım,3198,SÖZ
302,1160,Endüstriyel Otomasyon Teknolojisi,İktisat,3213,EA
302,1160,Endüstriyel Otomasyon Teknolojisi,İşletme,3226,EA
302,1160,Endüstriyel Otomasyon Teknolojisi,Kamu Yönetimi,3237,EA
302,1160,Endüstriyel Otomasyon Teknolojisi,Maliye,3254,EA
302,1160,Endüstriyel Otomasyon Teknolojisi,Siyaset Bilimi ve Kamu Yönetimi,3314,EA
302,1160,Endüstriyel Otomasyon Teknolojisi,Uluslararası İlişkiler,3352,EA
303,5331,Endüstriyel Seramik,Çalışma Ekonomisi ve Endüstri İlişkileri,3141,EA
303,5331,Endüstriyel Seramik,Halkla İlişkiler ve Reklamcılık,5111,SÖZ
303,5331,Endüstriyel Seramik,Halkla İlişkiler ve Tanıtım,3198,SÖZ
303,5331,Endüstriyel Seramik,İktisat,3213,EA
303,5331,Endüstriyel Seramik,İşletme,3226,EA
303,5331,Endüstriyel Seramik,Kamu Yönetimi,3237,EA
303,5331,Endüstriyel Seramik,Maliye,3254,EA
303,5331,Endüstriyel Seramik,Siyaset Bilimi ve Kamu Yönetimi,3314,EA
303,5331,Endüstriyel Seramik,Uluslararası İlişkiler,3352,EA
303,6161,Endüstriyel Tasarım,Çalışma Ekonomisi ve Endüstri İlişkileri,3141,EA
303,6161,Endüstriyel Tasarım,Halkla İlişkiler ve Reklamcılık,5111,SÖZ
303,6161,Endüstriyel Tasarım,Halkla İlişkiler ve Tanıtım,3198,SÖZ
303,6161,Endüstriyel Tasarım,İktisat,3213,EA
303,6161,Endüstriyel Tasarım,İşletme,3226,EA
303,6161,Endüstriyel Tasarım,Kamu Yönetimi,3237,EA
303,6161,Endüstriyel Tasarım,Maliye,3254,EA
303,6161,Endüstriyel Tasarım,Siyaset Bilimi ve Kamu Yönetimi,3314,EA
303,6161,Endüstriyel Tasarım,Uluslararası İlişkiler,3352,EA
303,1162,Endüstriyel Tavukçuluk,Çalışma Ekonomisi ve Endüstri İlişkileri,3141,EA
303,1162,Endüstriyel Tavukçuluk,Halkla İlişkiler ve Reklamcılık,5111,SÖZ
303,1162,Endüstriyel Tavukçuluk,Halkla İlişkiler ve Tanıtım,3198,SÖZ
303,1162,Endüstriyel Tavukçuluk,İktisat,3213,EA
303,1162,Endüstriyel Tavukçuluk,İşletme,3226,EA
303,1162,Endüstriyel Tavukçuluk,Kamu Yönetimi,3237,EA
303,1162,Endüstriyel Tavukçuluk,Maliye,3254,EA
303,1162,Endüstriyel Tavukçuluk,Siyaset Bilimi ve Kamu Yönetimi,3314,EA
303,1162,Endüstriyel Tavukçuluk,Uluslararası İlişkiler,3352,EA
303,4256,Enerji,Çalışma Ekonomisi ve Endüstri İlişkileri,3141,EA
303,4256,Enerji,Halkla İlişkiler ve Reklamcılık,5111,SÖZ
303,4256,Enerji,Halkla İlişkiler ve Tanıtım,3198,SÖZ
303,4256,Enerji,İktisat,3213,EA
303,4256,Enerji,İşletme,3226,EA
303,4256,Enerji,Kamu Yönetimi,3237,EA
303,4256,Enerji,Maliye,3254,EA
303,4256,Enerji,Siyaset Bilimi ve Kamu Yönetimi,3314,EA
303,4256,Enerji,Uluslararası İlişkiler,3352,EA
303,1411,Engelliler İçin Destek Programı,Çalışma Ekonomisi ve Endüstri İlişkileri,3141,EA
303,1411,Engelliler İçin Destek Programı,Halkla İlişkiler ve Reklamcılık,5111,SÖZ
303,1411,Engelliler İçin Destek Programı,Halkla İlişkiler ve Tanıtım,3198,SÖZ
303,1411,Engelliler İçin Destek Programı,İktisat,3213,EA
303,1411,Engelliler İçin Destek Programı,İşletme,3226,EA
303,1411,Engelliler İçin Destek Programı,Kamu Yönetimi,3237,EA
303,1411,Engelliler İçin Destek Programı,Maliye,3254,EA
303,1411,Engelliler İçin Destek Programı,Siyaset Bilimi ve Kamu Yönetimi,3314,EA
303,1411,Engelliler İçin Destek Programı,Uluslararası İlişkiler,3352,EA
303,1439,Engelliler İçin Gölge Öğreticilik,Çalışma Ekonomisi ve Endüstri İlişkileri,3141,EA
303,1439,Engelliler İçin Gölge Öğreticilik,Halkla İlişkiler ve Reklamcılık,5111,SÖZ
303,1439,Engelliler İçin Gölge Öğreticilik,Halkla İlişkiler ve Tanıtım,3198,SÖZ
303,1439,Engelliler İçin Gölge Öğreticilik,İktisat,3213,EA
303,1439,Engelliler İçin Gölge Öğreticilik,İşletme,3226,EA
303,1439,Engelliler İçin Gölge Öğreticilik,Kamu Yönetimi,3237,EA
303,1439,Engelliler İçin Gölge Öğreticilik,Maliye,3254,EA
303,1439,Engelliler İçin Gölge Öğreticilik,Siyaset Bilimi ve Kamu Yönetimi,3314,EA
303,1439,Engelliler İçin Gölge Öğreticilik,Uluslararası İlişkiler,3352,EA
303,9109,Eser Koruma,Çalışma Ekonomisi ve Endüstri İlişkileri,3141,EA
303,9109,Eser Koruma,Halkla İlişkiler ve Reklamcılık,5111,SÖZ
303,9109,Eser Koruma,Halkla İlişkiler ve Tanıtım,3198,SÖZ
303,9109,Eser Koruma,İktisat,3213,EA
303,9109,Eser Koruma,İşletme,3226,EA
303,9109,Eser Koruma,Kamu Yönetimi,3237,EA
303,9109,Eser Koruma,Maliye,3254,EA
303,9109,Eser Koruma,Siyaset Bilimi ve Kamu Yönetimi,3314,EA
303,9109,Eser Koruma,Uluslararası İlişkiler,3352,EA
303,1164,Et Endüstrisi,Çalışma Ekonomisi ve Endüstri İlişkileri,3141,EA
303,1164,Et Endüstrisi,Halkla İlişkiler ve Reklamcılık,5111,SÖZ
303,1164,Et Endüstrisi,Halkla İlişkiler ve Tanıtım,3198,SÖZ
303,1164,Et Endüstrisi,İktisat,3213,EA
303,1164,Et Endüstrisi,İşletme,3226,EA
303,1164,Et Endüstrisi,Kamu Yönetimi,3237,EA
303,1164,Et Endüstrisi,Maliye,3254,EA
303,1164,Et Endüstrisi,Siyaset Bilimi ve Kamu Yönetimi,3314,EA
303,1164,Et Endüstrisi,Uluslararası İlişkiler,3352,EA
303,9033,Et ve Ürünleri Teknolojisi,Çalışma Ekonomisi ve Endüstri İlişkileri,3141,EA
303,9033,Et ve Ürünleri Teknolojisi,Halkla İlişkiler ve Reklamcılık,5111,SÖZ
303,9033,Et ve Ürünleri Teknolojisi,Halkla İlişkiler ve Tanıtım,3198,SÖZ
303,9033,Et ve Ürünleri Teknolojisi,İktisat,3213,EA
303,9033,Et ve Ürünleri Teknolojisi,İşletme,3226,EA
303,9033,Et ve Ürünleri Teknolojisi,Kamu Yönetimi,3237,EA
303,9033,Et ve Ürünleri Teknolojisi,Maliye,3254,EA
303,9033,Et ve Ürünleri Teknolojisi,Siyaset Bilimi ve Kamu Yönetimi,3314,EA
303,9033,Et ve Ürünleri Teknolojisi,Uluslararası İlişkiler,3352,EA
303,1165,Ev Cihazları Teknolojisi,Çalışma Ekonomisi ve Endüstri İlişkileri,3141,EA
303,1165,Ev Cihazları Teknolojisi,Halkla İlişkiler ve Reklamcılık,5111,SÖZ
303,1165,Ev Cihazları Teknolojisi,Halkla İlişkiler ve Tanıtım,3198,SÖZ
303,1165,Ev Cihazları Teknolojisi,İktisat,3213,EA
303,1165,Ev Cihazları Teknolojisi,İşletme,3226,EA
303,1165,Ev Cihazları Teknolojisi,Kamu Yönetimi,3237,EA
303,1165,Ev Cihazları Teknolojisi,Maliye,3254,EA
303,1165,Ev Cihazları Teknolojisi,Siyaset Bilimi ve Kamu Yönetimi,3314,EA
303,1165,Ev Cihazları Teknolojisi,Uluslararası İlişkiler,3352,EA
303,5333,Ev Gereçleri,Çalışma Ekonomisi ve Endüstri İlişkileri,3141,EA
303,5333,Ev Gereçleri,Halkla İlişkiler ve Reklamcılık,5111,SÖZ
303,5333,Ev Gereçleri,Halkla İlişkiler ve Tanıtım,3198,SÖZ
303,5333,Ev Gereçleri,İktisat,3213,EA
303,5333,Ev Gereçleri,İşletme,3226,EA
303,5333,Ev Gereçleri,Kamu Yönetimi,3237,EA
303,5333,Ev Gereçleri,Maliye,3254,EA
303,5333,Ev Gereçleri,Siyaset Bilimi ve Kamu Yönetimi,3314,EA
303,5333,Ev Gereçleri,Uluslararası İlişkiler,3352,EA
303,9107,Ev ve Deney Hayvanları Yetiştiriciliği,Çalışma Ekonomisi ve Endüstri İlişkileri,3141,EA
303,9107,Ev ve Deney Hayvanları Yetiştiriciliği,Halkla İlişkiler ve Reklamcılık,5111,SÖZ
303,9107,Ev ve Deney Hayvanları Yetiştiriciliği,Halkla İlişkiler ve Tanıtım,3198,SÖZ
303,9107,Ev ve Deney Hayvanları Yetiştiriciliği,İktisat,3213,EA
303,9107,Ev ve Deney Hayvanları Yetiştiriciliği,İşletme,3226,EA
303,9107,Ev ve Deney Hayvanları Yetiştiriciliği,Kamu Yönetimi,3237,EA
303,9107,Ev ve Deney Hayvanları Yetiştiriciliği,Maliye,3254,EA
303,9107,Ev ve Deney Hayvanları Yetiştiriciliği,Siyaset Bilimi ve Kamu Yönetimi,3314,EA
303,9107,Ev ve Deney Hayvanları Yetiştiriciliği,Uluslararası İlişkiler,3352,EA
303,1166,Fermantasyon / Fermantasyon Teknikerliği,Çalışma Ekonomisi ve Endüstri İlişkileri,3141,EA
303,1166,Fermantasyon / Fermantasyon Teknikerliği,Halkla İlişkiler ve Reklamcılık,5111,SÖZ
303,1166,Fermantasyon / Fermantasyon Teknikerliği,Halkla İlişkiler ve Tanıtım,3198,SÖZ
303,1166,Fermantasyon / Fermantasyon Teknikerliği,İktisat,3213,EA
303,1166,Fermantasyon / Fermantasyon Teknikerliği,İşletme,3226,EA
303,1166,Fermantasyon / Fermantasyon Teknikerliği,Kamu Yönetimi,3237,EA
303,1166,Fermantasyon / Fermantasyon Teknikerliği,Maliye,3254,EA
303,1166,Fermantasyon / Fermantasyon Teknikerliği,Siyaset Bilimi ve Kamu Yönetimi,3314,EA
303,1166,Fermantasyon / Fermantasyon Teknikerliği,Uluslararası İlişkiler,3352,EA
303,8525,Fermente Ürünler,Çalışma Ekonomisi ve Endüstri İlişkileri,3141,EA
303,8525,Fermente Ürünler,Halkla İlişkiler ve Reklamcılık,5111,SÖZ
303,8525,Fermente Ürünler,Halkla İlişkiler ve Tanıtım,3198,SÖZ
303,8525,Fermente Ürünler,İktisat,3213,EA
303,8525,Fermente Ürünler,İşletme,3226,EA
303,8525,Fermente Ürünler,Kamu Yönetimi,3237,EA
303,8525,Fermente Ürünler,Maliye,3254,EA
303,8525,Fermente Ürünler,Siyaset Bilimi ve Kamu Yönetimi,3314,EA
303,8525,Fermente Ürünler,Uluslararası İlişkiler,3352,EA
303,1169,Fındık Eksperliği,Çalışma Ekonomisi ve Endüstri İlişkileri,3141,EA
303,1169,Fındık Eksperliği,Halkla İlişkiler ve Reklamcılık,5111,SÖZ
303,1169,Fındık Eksperliği,Halkla İlişkiler ve Tanıtım,3198,SÖZ
303,1169,Fındık Eksperliği,İktisat,3213,EA
303,1169,Fındık Eksperliği,İşletme,3226,EA
303,1169,Fındık Eksperliği,Kamu Yönetimi,3237,EA
303,1169,Fındık Eksperliği,Maliye,3254,EA
303,1169,Fındık Eksperliği,Siyaset Bilimi ve Kamu Yönetimi,3314,EA
303,1169,Fındık Eksperliği,Uluslararası İlişkiler,3352,EA
303,1499,FİBER TEKNE İMALATI VE KOMPOZİT KALIP TEKNOLOJİLERİ,Çalışma Ekonomisi ve Endüstri İlişkileri,3141,EA
303,1499,FİBER TEKNE İMALATI VE KOMPOZİT KALIP TEKNOLOJİLERİ,Halkla İlişkiler ve Reklamcılık,5111,SÖZ
303,1499,FİBER TEKNE İMALATI VE KOMPOZİT KALIP TEKNOLOJİLERİ,Halkla İlişkiler ve Tanıtım,3198,SÖZ
303,1499,FİBER TEKNE İMALATI VE KOMPOZİT KALIP TEKNOLOJİLERİ,İktisat,3213,EA
303,1499,FİBER TEKNE İMALATI VE KOMPOZİT KALIP TEKNOLOJİLERİ,İşletme,3226,EA
303,1499,FİBER TEKNE İMALATI VE KOMPOZİT KALIP TEKNOLOJİLERİ,Kamu Yönetimi,3237,EA
303,1499,FİBER TEKNE İMALATI VE KOMPOZİT KALIP TEKNOLOJİLERİ,Maliye,3254,EA
303,1499,FİBER TEKNE İMALATI VE KOMPOZİT KALIP TEKNOLOJİLERİ,Siyaset Bilimi ve Kamu Yönetimi,3314,EA
303,1499,FİBER TEKNE İMALATI VE KOMPOZİT KALIP TEKNOLOJİLERİ,Uluslararası İlişkiler,3352,EA
303,1167,Fidan ve Fidecilik,Çalışma Ekonomisi ve Endüstri İlişkileri,3141,EA
303,1167,Fidan ve Fidecilik,Halkla İlişkiler ve Reklamcılık,5111,SÖZ
303,1167,Fidan ve Fidecilik,Halkla İlişkiler ve Tanıtım,3198,SÖZ
303,1167,Fidan ve Fidecilik,İktisat,3213,EA
303,1167,Fidan ve Fidecilik,İşletme,3226,EA
303,1167,Fidan ve Fidecilik,Kamu Yönetimi,3237,EA
303,1167,Fidan ve Fidecilik,Maliye,3254,EA
303,1167,Fidan ve Fidecilik,Siyaset Bilimi ve Kamu Yönetimi,3314,EA
303,1167,Fidan ve Fidecilik,Uluslararası İlişkiler,3352,EA
303,1168,Fidan Yetiştirme / Fidan Yetiştiriciliği,Çalışma Ekonomisi ve Endüstri İlişkileri,3141,EA
303,1168,Fidan Yetiştirme / Fidan Yetiştiriciliği,Halkla İlişkiler ve Reklamcılık,5111,SÖZ
303,1168,Fidan Yetiştirme / Fidan Yetiştiriciliği,Halkla İlişkiler ve Tanıtım,3198,SÖZ
303,1168,Fidan Yetiştirme / Fidan Yetiştiriciliği,İktisat,3213,EA
303,1168,Fidan Yetiştirme / Fidan Yetiştiriciliği,İşletme,3226,EA
303,1168,Fidan Yetiştirme / Fidan Yetiştiriciliği,Kamu Yönetimi,3237,EA
303,1168,Fidan Yetiştirme / Fidan Yetiştiriciliği,Maliye,3254,EA
303,1168,Fidan Yetiştirme / Fidan Yetiştiriciliği,Siyaset Bilimi ve Kamu Yönetimi,3314,EA
303,1168,Fidan Yetiştirme / Fidan Yetiştiriciliği,Uluslararası İlişkiler,3352,EA
303,5334,Film Yapım Teknikleri,Çalışma Ekonomisi ve Endüstri İlişkileri,3141,EA
303,5334,Film Yapım Teknikleri,Halkla İlişkiler ve Reklamcılık,5111,SÖZ
303,5334,Film Yapım Teknikleri,Halkla İlişkiler ve Tanıtım,3198,SÖZ
303,5334,Film Yapım Teknikleri,İktisat,3213,EA
303,5334,Film Yapım Teknikleri,İşletme,3226,EA
303,5334,Film Yapım Teknikleri,Kamu Yönetimi,3237,EA
303,5334,Film Yapım Teknikleri,Maliye,3254,EA
303,5334,Film Yapım Teknikleri,Siyaset Bilimi ve Kamu Yönetimi,3314,EA
303,5334,Film Yapım Teknikleri,Uluslararası İlişkiler,3352,EA
303,8527,Fotoğraf,Çalışma Ekonomisi ve Endüstri İlişkileri,3141,EA
303,8527,Fotoğraf,Halkla İlişkiler ve Reklamcılık,5111,SÖZ
303,8527,Fotoğraf,Halkla İlişkiler ve Tanıtım,3198,SÖZ
303,8527,Fotoğraf,İktisat,3213,EA
303,8527,Fotoğraf,İşletme,3226,EA
303,8527,Fotoğraf,Kamu Yönetimi,3237,EA
303,8527,Fotoğraf,Maliye,3254,EA
303,8527,Fotoğraf,Siyaset Bilimi ve Kamu Yönetimi,3314,EA
303,8527,Fotoğraf,Uluslararası İlişkiler,3352,EA
303,1170,Fotoğrafçılık,Çalışma Ekonomisi ve Endüstri İlişkileri,3141,EA
303,1170,Fotoğrafçılık,Halkla İlişkiler ve Reklamcılık,5111,SÖZ
303,1170,Fotoğrafçılık,Halkla İlişkiler ve Tanıtım,3198,SÖZ
303,1170,Fotoğrafçılık,İktisat,3213,EA
303,1170,Fotoğrafçılık,İşletme,3226,EA
303,1170,Fotoğrafçılık,Kamu Yönetimi,3237,EA
303,1170,Fotoğrafçılık,Maliye,3254,EA
303,1170,Fotoğrafçılık,Siyaset Bilimi ve Kamu Yönetimi,3314,EA
303,1170,Fotoğrafçılık,Uluslararası İlişkiler,3352,EA
303,1171,Fotoğrafçılık ve Kameramanlık,Çalışma Ekonomisi ve Endüstri İlişkileri,3141,EA
303,1171,Fotoğrafçılık ve Kameramanlık,Halkla İlişkiler ve Reklamcılık,5111,SÖZ
303,1171,Fotoğrafçılık ve Kameramanlık,Halkla İlişkiler ve Tanıtım,3198,SÖZ
303,1171,Fotoğrafçılık ve Kameramanlık,İktisat,3213,EA
303,1171,Fotoğrafçılık ve Kameramanlık,İşletme,3226,EA
303,1171,Fotoğrafçılık ve Kameramanlık,Kamu Yönetimi,3237,EA
303,1171,Fotoğrafçılık ve Kameramanlık,Maliye,3254,EA
303,1171,Fotoğrafçılık ve Kameramanlık,Siyaset Bilimi ve Kamu Yönetimi,3314,EA
303,1171,Fotoğrafçılık ve Kameramanlık,Uluslararası İlişkiler,3352,EA
303,8599,Gastronomi ve Mutfak Sanatları,Çalışma Ekonomisi ve Endüstri İlişkileri,3141,EA
303,8599,Gastronomi ve Mutfak Sanatları,Halkla İlişkiler ve Reklamcılık,5111,SÖZ
303,8599,Gastronomi ve Mutfak Sanatları,Halkla İlişkiler ve Tanıtım,3198,SÖZ
303,8599,Gastronomi ve Mutfak Sanatları,İktisat,3213,EA
303,8599,Gastronomi ve Mutfak Sanatları,İşletme,3226,EA
303,8599,Gastronomi ve Mutfak Sanatları,Kamu Yönetimi,3237,EA
303,8599,Gastronomi ve Mutfak Sanatları,Maliye,3254,EA
303,8599,Gastronomi ve Mutfak Sanatları,Siyaset Bilimi ve Kamu Yönetimi,3314,EA
303,8599,Gastronomi ve Mutfak Sanatları,Uluslararası İlişkiler,3352,EA
303,9066,Gaz ve Tesisatı Teknolojisi,Çalışma Ekonomisi ve Endüstri İlişkileri,3141,EA
303,9066,Gaz ve Tesisatı Teknolojisi,Halkla İlişkiler ve Reklamcılık,5111,SÖZ
303,9066,Gaz ve Tesisatı Teknolojisi,Halkla İlişkiler ve Tanıtım,3198,SÖZ
303,9066,Gaz ve Tesisatı Teknolojisi,İktisat,3213,EA
303,9066,Gaz ve Tesisatı Teknolojisi,İşletme,3226,EA
303,9066,Gaz ve Tesisatı Teknolojisi,Kamu Yönetimi,3237,EA
303,9066,Gaz ve Tesisatı Teknolojisi,Maliye,3254,EA
303,9066,Gaz ve Tesisatı Teknolojisi,Siyaset Bilimi ve Kamu Yönetimi,3314,EA
303,9066,Gaz ve Tesisatı Teknolojisi,Uluslararası İlişkiler,3352,EA
303,1172,Geleneksel El Sanatları,Çalışma Ekonomisi ve Endüstri İlişkileri,3141,EA
303,1172,Geleneksel El Sanatları,Halkla İlişkiler ve Reklamcılık,5111,SÖZ
303,1172,Geleneksel El Sanatları,Halkla İlişkiler ve Tanıtım,3198,SÖZ
303,1172,Geleneksel El Sanatları,İktisat,3213,EA
303,1172,Geleneksel El Sanatları,İşletme,3226,EA
303,1172,Geleneksel El Sanatları,Kamu Yönetimi,3237,EA
303,1172,Geleneksel El Sanatları,Maliye,3254,EA
303,1172,Geleneksel El Sanatları,Siyaset Bilimi ve Kamu Yönetimi,3314,EA
303,1172,Geleneksel El Sanatları,Uluslararası İlişkiler,3352,EA
303,9437,Geleneksel Tekstillerin Konservasyonu ve Restorasyonu,Çalışma Ekonomisi ve Endüstri İlişkileri,3141,EA
303,9437,Geleneksel Tekstillerin Konservasyonu ve Restorasyonu,Halkla İlişkiler ve Reklamcılık,5111,SÖZ
303,9437,Geleneksel Tekstillerin Konservasyonu ve Restorasyonu,Halkla İlişkiler ve Tanıtım,3198,SÖZ
303,9437,Geleneksel Tekstillerin Konservasyonu ve Restorasyonu,İktisat,3213,EA
303,9437,Geleneksel Tekstillerin Konservasyonu ve Restorasyonu,İşletme,3226,EA
303,9437,Geleneksel Tekstillerin Konservasyonu ve Restorasyonu,Kamu Yönetimi,3237,EA
303,9437,Geleneksel Tekstillerin Konservasyonu ve Restorasyonu,Maliye,3254,EA
303,9437,Geleneksel Tekstillerin Konservasyonu ve Restorasyonu,Siyaset Bilimi ve Kamu Yönetimi,3314,EA
303,9437,Geleneksel Tekstillerin Konservasyonu ve Restorasyonu,Uluslararası İlişkiler,3352,EA
303,1443,Geleneksel Tekstillerin Korunması ve Restorasyonu,Çalışma Ekonomisi ve Endüstri İlişkileri,3141,EA
303,1443,Geleneksel Tekstillerin Korunması ve Restorasyonu,Halkla İlişkiler ve Reklamcılık,5111,SÖZ
303,1443,Geleneksel Tekstillerin Korunması ve Restorasyonu,Halkla İlişkiler ve Tanıtım,3198,SÖZ
303,1443,Geleneksel Tekstillerin Korunması ve Restorasyonu,İktisat,3213,EA
303,1443,Geleneksel Tekstillerin Korunması ve Restorasyonu,İşletme,3226,EA
303,1443,Geleneksel Tekstillerin Korunması ve Restorasyonu,Kamu Yönetimi,3237,EA
303,1443,Geleneksel Tekstillerin Korunması ve Restorasyonu,Maliye,3254,EA
303,1443,Geleneksel Tekstillerin Korunması ve Restorasyonu,Siyaset Bilimi ve Kamu Yönetimi,3314,EA
303,1443,Geleneksel Tekstillerin Korunması ve Restorasyonu,Uluslararası İlişkiler,3352,EA
303,1173,Gemi İnşaatı,Çalışma Ekonomisi ve Endüstri İlişkileri,3141,EA
303,1173,Gemi İnşaatı,Halkla İlişkiler ve Reklamcılık,5111,SÖZ
303,1173,Gemi İnşaatı,Halkla İlişkiler ve Tanıtım,3198,SÖZ
303,1173,Gemi İnşaatı,İktisat,3213,EA
303,1173,Gemi İnşaatı,İşletme,3226,EA
303,1173,Gemi İnşaatı,Kamu Yönetimi,3237,EA
303,1173,Gemi İnşaatı,Maliye,3254,EA
303,1173,Gemi İnşaatı,Siyaset Bilimi ve Kamu Yönetimi,3314,EA
303,1173,Gemi İnşaatı,Uluslararası İlişkiler,3352,EA
303,1174,Gemi Makineleri,Çalışma Ekonomisi ve Endüstri İlişkileri,3141,EA
303,1174,Gemi Makineleri,Halkla İlişkiler ve Reklamcılık,5111,SÖZ
303,1174,Gemi Makineleri,Halkla İlişkiler ve Tanıtım,3198,SÖZ
303,1174,Gemi Makineleri,İktisat,3213,EA
303,1174,Gemi Makineleri,İşletme,3226,EA
303,1174,Gemi Makineleri,Kamu Yönetimi,3237,EA
303,1174,Gemi Makineleri,Maliye,3254,EA
303,1174,Gemi Makineleri,Siyaset Bilimi ve Kamu Yönetimi,3314,EA
303,1174,Gemi Makineleri,Uluslararası İlişkiler,3352,EA
303,1175,Gemi Makineleri İşletme,Çalışma Ekonomisi ve Endüstri İlişkileri,3141,EA
303,1175,Gemi Makineleri İşletme,Halkla İlişkiler ve Reklamcılık,5111,SÖZ
303,1175,Gemi Makineleri İşletme,Halkla İlişkiler ve Tanıtım,3198,SÖZ
303,1175,Gemi Makineleri İşletme,İktisat,3213,EA
303,1175,Gemi Makineleri İşletme,İşletme,3226,EA
303,1175,Gemi Makineleri İşletme,Kamu Yönetimi,3237,EA
303,1175,Gemi Makineleri İşletme,Maliye,3254,EA
303,1175,Gemi Makineleri İşletme,Siyaset Bilimi ve Kamu Yönetimi,3314,EA
303,1175,Gemi Makineleri İşletme,Uluslararası İlişkiler,3352,EA
303,1372,Gemi Makineleri İşletmeciliği,Çalışma Ekonomisi ve Endüstri İlişkileri,3141,EA
303,1372,Gemi Makineleri İşletmeciliği,Halkla İlişkiler ve Reklamcılık,5111,SÖZ
303,1372,Gemi Makineleri İşletmeciliği,Halkla İlişkiler ve Tanıtım,3198,SÖZ
303,1372,Gemi Makineleri İşletmeciliği,İktisat,3213,EA
303,1372,Gemi Makineleri İşletmeciliği,İşletme,3226,EA
303,1372,Gemi Makineleri İşletmeciliği,Kamu Yönetimi,3237,EA
303,1372,Gemi Makineleri İşletmeciliği,Maliye,3254,EA
303,1372,Gemi Makineleri İşletmeciliği,Siyaset Bilimi ve Kamu Yönetimi,3314,EA
303,1372,Gemi Makineleri İşletmeciliği,Uluslararası İlişkiler,3352,EA
303,8601,Gemoloji ve Mücevher,Çalışma Ekonomisi ve Endüstri İlişkileri,3141,EA
303,8601,Gemoloji ve Mücevher,Halkla İlişkiler ve Reklamcılık,5111,SÖZ
303,8601,Gemoloji ve Mücevher,Halkla İlişkiler ve Tanıtım,3198,SÖZ
303,8601,Gemoloji ve Mücevher,İktisat,3213,EA
303,8601,Gemoloji ve Mücevher,İşletme,3226,EA
303,8601,Gemoloji ve Mücevher,Kamu Yönetimi,3237,EA
303,8601,Gemoloji ve Mücevher,Maliye,3254,EA
303,8601,Gemoloji ve Mücevher,Siyaset Bilimi ve Kamu Yönetimi,3314,EA
303,8601,Gemoloji ve Mücevher,Uluslararası İlişkiler,3352,EA
303,9036,Geoteknik,Çalışma Ekonomisi ve Endüstri İlişkileri,3141,EA
303,9036,Geoteknik,Halkla İlişkiler ve Reklamcılık,5111,SÖZ
303,9036,Geoteknik,Halkla İlişkiler ve Tanıtım,3198,SÖZ
303,9036,Geoteknik,İktisat,3213,EA
303,9036,Geoteknik,İşletme,3226,EA
303,9036,Geoteknik,Kamu Yönetimi,3237,EA
303,9036,Geoteknik,Maliye,3254,EA
303,9036,Geoteknik,Siyaset Bilimi ve Kamu Yönetimi,3314,EA
303,9036,Geoteknik,Uluslararası İlişkiler,3352,EA
303,9100,Gıda Kalite Kontrolü ve Analizi,Çalışma Ekonomisi ve Endüstri İlişkileri,3141,EA
303,9100,Gıda Kalite Kontrolü ve Analizi,Halkla İlişkiler ve Reklamcılık,5111,SÖZ
303,9100,Gıda Kalite Kontrolü ve Analizi,Halkla İlişkiler ve Tanıtım,3198,SÖZ
303,9100,Gıda Kalite Kontrolü ve Analizi,İktisat,3213,EA
303,9100,Gıda Kalite Kontrolü ve Analizi,İşletme,3226,EA
303,9100,Gıda Kalite Kontrolü ve Analizi,Kamu Yönetimi,3237,EA
303,9100,Gıda Kalite Kontrolü ve Analizi,Maliye,3254,EA
303,9100,Gıda Kalite Kontrolü ve Analizi,Siyaset Bilimi ve Kamu Yönetimi,3314,EA
303,9100,Gıda Kalite Kontrolü ve Analizi,Uluslararası İlişkiler,3352,EA
303,8528,Gıda Kalite ve Sağlık Kontrol / Gıda Kalitesi ve Sağlık,Çalışma Ekonomisi ve Endüstri İlişkileri,3141,EA
303,8528,Gıda Kalite ve Sağlık Kontrol / Gıda Kalitesi ve Sağlık,Halkla İlişkiler ve Reklamcılık,5111,SÖZ
303,8528,Gıda Kalite ve Sağlık Kontrol / Gıda Kalitesi ve Sağlık,Halkla İlişkiler ve Tanıtım,3198,SÖZ
303,8528,Gıda Kalite ve Sağlık Kontrol / Gıda Kalitesi ve Sağlık,İktisat,3213,EA
303,8528,Gıda Kalite ve Sağlık Kontrol / Gıda Kalitesi ve Sağlık,İşletme,3226,EA
303,8528,Gıda Kalite ve Sağlık Kontrol / Gıda Kalitesi ve Sağlık,Kamu Yönetimi,3237,EA
303,8528,Gıda Kalite ve Sağlık Kontrol / Gıda Kalitesi ve Sağlık,Maliye,3254,EA
303,8528,Gıda Kalite ve Sağlık Kontrol / Gıda Kalitesi ve Sağlık,Siyaset Bilimi ve Kamu Yönetimi,3314,EA
303,8528,Gıda Kalite ve Sağlık Kontrol / Gıda Kalitesi ve Sağlık,Uluslararası İlişkiler,3352,EA
303,8583,Gıda Teknikerliği,Çalışma Ekonomisi ve Endüstri İlişkileri,3141,EA
303,8583,Gıda Teknikerliği,Halkla İlişkiler ve Reklamcılık,5111,SÖZ
303,8583,Gıda Teknikerliği,Halkla İlişkiler ve Tanıtım,3198,SÖZ
303,8583,Gıda Teknikerliği,İktisat,3213,EA
303,8583,Gıda Teknikerliği,İşletme,3226,EA
303,8583,Gıda Teknikerliği,Kamu Yönetimi,3237,EA
303,8583,Gıda Teknikerliği,Maliye,3254,EA
303,8583,Gıda Teknikerliği,Siyaset Bilimi ve Kamu Yönetimi,3314,EA
303,8583,Gıda Teknikerliği,Uluslararası İlişkiler,3352,EA
303,1177,Gıda Teknolojisi,Çalışma Ekonomisi ve Endüstri İlişkileri,3141,EA
303,1177,Gıda Teknolojisi,Halkla İlişkiler ve Reklamcılık,5111,SÖZ
303,1177,Gıda Teknolojisi,Halkla İlişkiler ve Tanıtım,3198,SÖZ
303,1177,Gıda Teknolojisi,İktisat,3213,EA
303,1177,Gıda Teknolojisi,İşletme,3226,EA
303,1177,Gıda Teknolojisi,Kamu Yönetimi,3237,EA
303,1177,Gıda Teknolojisi,Maliye,3254,EA
303,1177,Gıda Teknolojisi,Siyaset Bilimi ve Kamu Yönetimi,3314,EA
303,1177,Gıda Teknolojisi,Uluslararası İlişkiler,3352,EA
303,9502,Giyim Öğretmenliği,Çalışma Ekonomisi ve Endüstri İlişkileri,3141,EA
303,9502,Giyim Öğretmenliği,Halkla İlişkiler ve Reklamcılık,5111,SÖZ
303,9502,Giyim Öğretmenliği,Halkla İlişkiler ve Tanıtım,3198,SÖZ
303,9502,Giyim Öğretmenliği,İktisat,3213,EA
303,9502,Giyim Öğretmenliği,İşletme,3226,EA
303,9502,Giyim Öğretmenliği,Kamu Yönetimi,3237,EA
303,9502,Giyim Öğretmenliği,Maliye,3254,EA
303,9502,Giyim Öğretmenliği,Siyaset Bilimi ve Kamu Yönetimi,3314,EA
303,9502,Giyim Öğretmenliği,Uluslararası İlişkiler,3352,EA
303,9105,Giyim Üretim Teknolojisi,Çalışma Ekonomisi ve Endüstri İlişkileri,3141,EA
303,9105,Giyim Üretim Teknolojisi,Halkla İlişkiler ve Reklamcılık,5111,SÖZ
303,9105,Giyim Üretim Teknolojisi,Halkla İlişkiler ve Tanıtım,3198,SÖZ
303,9105,Giyim Üretim Teknolojisi,İktisat,3213,EA
303,9105,Giyim Üretim Teknolojisi,İşletme,3226,EA
303,9105,Giyim Üretim Teknolojisi,Kamu Yönetimi,3237,EA
303,9105,Giyim Üretim Teknolojisi,Maliye,3254,EA
303,9105,Giyim Üretim Teknolojisi,Siyaset Bilimi ve Kamu Yönetimi,3314,EA
303,9105,Giyim Üretim Teknolojisi,Uluslararası İlişkiler,3352,EA
303,9179,Grafik,Çalışma Ekonomisi ve Endüstri İlişkileri,3141,EA
303,9179,Grafik,Halkla İlişkiler ve Reklamcılık,5111,SÖZ
303,9179,Grafik,Halkla İlişkiler ve Tanıtım,3198,SÖZ
303,9179,Grafik,İktisat,3213,EA
303,9179,Grafik,İşletme,3226,EA
303,9179,Grafik,Kamu Yönetimi,3237,EA
303,9179,Grafik,Maliye,3254,EA
303,9179,Grafik,Siyaset Bilimi ve Kamu Yönetimi,3314,EA
303,9179,Grafik,Uluslararası İlişkiler,3352,EA
303,9180,Grafik Tasarımı,Çalışma Ekonomisi ve Endüstri İlişkileri,3141,EA
303,9180,Grafik Tasarımı,Halkla İlişkiler ve Reklamcılık,5111,SÖZ
303,9180,Grafik Tasarımı,Halkla İlişkiler ve Tanıtım,3198,SÖZ
303,9180,Grafik Tasarımı,İktisat,3213,EA
303,9180,Grafik Tasarımı,İşletme,3226,EA
303,9180,Grafik Tasarımı,Kamu Yönetimi,3237,EA
303,9180,Grafik Tasarımı,Maliye,3254,EA
303,9180,Grafik Tasarımı,Siyaset Bilimi ve Kamu Yönetimi,3314,EA
303,9180,Grafik Tasarımı,Uluslararası İlişkiler,3352,EA
303,8502,Grafik-Grafik Tasarımı,Çalışma Ekonomisi ve Endüstri İlişkileri,3141,EA
303,8502,Grafik-Grafik Tasarımı,Halkla İlişkiler ve Reklamcılık,5111,SÖZ
303,8502,Grafik-Grafik Tasarımı,Halkla İlişkiler ve Tanıtım,3198,SÖZ
303,8502,Grafik-Grafik Tasarımı,İktisat,3213,EA
303,8502,Grafik-Grafik Tasarımı,İşletme,3226,EA
303,8502,Grafik-Grafik Tasarımı,Kamu Yönetimi,3237,EA
303,8502,Grafik-Grafik Tasarımı,Maliye,3254,EA
303,8502,Grafik-Grafik Tasarımı,Siyaset Bilimi ve Kamu Yönetimi,3314,EA
303,8502,Grafik-Grafik Tasarımı,Uluslararası İlişkiler,3352,EA
303,1179,Güverte,Çalışma Ekonomisi ve Endüstri İlişkileri,3141,EA
303,1179,Güverte,Halkla İlişkiler ve Reklamcılık,5111,SÖZ
303,1179,Güverte,Halkla İlişkiler ve Tanıtım,3198,SÖZ
303,1179,Güverte,İktisat,3213,EA
303,1179,Güverte,İşletme,3226,EA
303,1179,Güverte,Kamu Yönetimi,3237,EA
303,1179,Güverte,Maliye,3254,EA
303,1179,Güverte,Siyaset Bilimi ve Kamu Yönetimi,3314,EA
303,1179,Güverte,Uluslararası İlişkiler,3352,EA
303,1180,Haberleşme,Çalışma Ekonomisi ve Endüstri İlişkileri,3141,EA
303,1180,Haberleşme,Halkla İlişkiler ve Reklamcılık,5111,SÖZ
303,1180,Haberleşme,Halkla İlişkiler ve Tanıtım,3198,SÖZ
303,1180,Haberleşme,İktisat,3213,EA
303,1180,Haberleşme,İşletme,3226,EA
303,1180,Haberleşme,Kamu Yönetimi,3237,EA
303,1180,Haberleşme,Maliye,3254,EA
303,1180,Haberleşme,Siyaset Bilimi ve Kamu Yönetimi,3314,EA
303,1180,Haberleşme,Uluslararası İlişkiler,3352,EA
304,1181,Haberleşme Teknolojisi,Çalışma Ekonomisi ve Endüstri İlişkileri,3141,EA
304,1181,Haberleşme Teknolojisi,Halkla İlişkiler ve Reklamcılık,5111,SÖZ
304,1181,Haberleşme Teknolojisi,Halkla İlişkiler ve Tanıtım,3198,SÖZ
304,1181,Haberleşme Teknolojisi,İktisat,3213,EA
304,1181,Haberleşme Teknolojisi,İşletme,3226,EA
304,1181,Haberleşme Teknolojisi,Kamu Yönetimi,3237,EA
304,1181,Haberleşme Teknolojisi,Maliye,3254,EA
304,1181,Haberleşme Teknolojisi,Siyaset Bilimi ve Kamu Yönetimi,3314,EA
304,1181,Haberleşme Teknolojisi,Uluslararası İlişkiler,3352,EA
304,1182,Halı ve Kilim,Çalışma Ekonomisi ve Endüstri İlişkileri,3141,EA
304,1182,Halı ve Kilim,Halkla İlişkiler ve Reklamcılık,5111,SÖZ
304,1182,Halı ve Kilim,Halkla İlişkiler ve Tanıtım,3198,SÖZ
304,1182,Halı ve Kilim,İktisat,3213,EA
304,1182,Halı ve Kilim,İşletme,3226,EA
304,1182,Halı ve Kilim,Kamu Yönetimi,3237,EA
304,1182,Halı ve Kilim,Maliye,3254,EA
304,1182,Halı ve Kilim,Siyaset Bilimi ve Kamu Yönetimi,3314,EA
304,1182,Halı ve Kilim,Uluslararası İlişkiler,3352,EA
304,1183,Halıcılık,Çalışma Ekonomisi ve Endüstri İlişkileri,3141,EA
304,1183,Halıcılık,Halkla İlişkiler ve Reklamcılık,5111,SÖZ
304,1183,Halıcılık,Halkla İlişkiler ve Tanıtım,3198,SÖZ
304,1183,Halıcılık,İktisat,3213,EA
304,1183,Halıcılık,İşletme,3226,EA
304,1183,Halıcılık,Kamu Yönetimi,3237,EA
304,1183,Halıcılık,Maliye,3254,EA
304,1183,Halıcılık,Siyaset Bilimi ve Kamu Yönetimi,3314,EA
304,1183,Halıcılık,Uluslararası İlişkiler,3352,EA
304,1184,Halıcılık ve Desinatörlüğü,Çalışma Ekonomisi ve Endüstri İlişkileri,3141,EA
304,1184,Halıcılık ve Desinatörlüğü,Halkla İlişkiler ve Reklamcılık,5111,SÖZ
304,1184,Halıcılık ve Desinatörlüğü,Halkla İlişkiler ve Tanıtım,3198,SÖZ
304,1184,Halıcılık ve Desinatörlüğü,İktisat,3213,EA
304,1184,Halıcılık ve Desinatörlüğü,İşletme,3226,EA
304,1184,Halıcılık ve Desinatörlüğü,Kamu Yönetimi,3237,EA
304,1184,Halıcılık ve Desinatörlüğü,Maliye,3254,EA
304,1184,Halıcılık ve Desinatörlüğü,Siyaset Bilimi ve Kamu Yönetimi,3314,EA
304,1184,Halıcılık ve Desinatörlüğü,Uluslararası İlişkiler,3352,EA
304,9022,Halıcılık ve Kilimcilik,Çalışma Ekonomisi ve Endüstri İlişkileri,3141,EA
304,9022,Halıcılık ve Kilimcilik,Halkla İlişkiler ve Reklamcılık,5111,SÖZ
304,9022,Halıcılık ve Kilimcilik,Halkla İlişkiler ve Tanıtım,3198,SÖZ
304,9022,Halıcılık ve Kilimcilik,İktisat,3213,EA
304,9022,Halıcılık ve Kilimcilik,İşletme,3226,EA
304,9022,Halıcılık ve Kilimcilik,Kamu Yönetimi,3237,EA
304,9022,Halıcılık ve Kilimcilik,Maliye,3254,EA
304,9022,Halıcılık ve Kilimcilik,Siyaset Bilimi ve Kamu Yönetimi,3314,EA
304,9022,Halıcılık ve Kilimcilik,Uluslararası İlişkiler,3352,EA
304,1187,Harita,Çalışma Ekonomisi ve Endüstri İlişkileri,3141,EA
304,1187,Harita,Halkla İlişkiler ve Reklamcılık,5111,SÖZ
304,1187,Harita,Halkla İlişkiler ve Tanıtım,3198,SÖZ
304,1187,Harita,İktisat,3213,EA
304,1187,Harita,İşletme,3226,EA
304,1187,Harita,Kamu Yönetimi,3237,EA
304,1187,Harita,Maliye,3254,EA
304,1187,Harita,Siyaset Bilimi ve Kamu Yönetimi,3314,EA
304,1187,Harita,Uluslararası İlişkiler,3352,EA
304,1188,Harita Kadastro / Harita ve Kadastro,Çalışma Ekonomisi ve Endüstri İlişkileri,3141,EA
304,1188,Harita Kadastro / Harita ve Kadastro,Halkla İlişkiler ve Reklamcılık,5111,SÖZ
304,1188,Harita Kadastro / Harita ve Kadastro,Halkla İlişkiler ve Tanıtım,3198,SÖZ
304,1188,Harita Kadastro / Harita ve Kadastro,İktisat,3213,EA
304,1188,Harita Kadastro / Harita ve Kadastro,İşletme,3226,EA
304,1188,Harita Kadastro / Harita ve Kadastro,Kamu Yönetimi,3237,EA
304,1188,Harita Kadastro / Harita ve Kadastro,Maliye,3254,EA
304,1188,Harita Kadastro / Harita ve Kadastro,Siyaset Bilimi ve Kamu Yönetimi,3314,EA
304,1188,Harita Kadastro / Harita ve Kadastro,Uluslararası İlişkiler,3352,EA
304,8546,Harita Teknikerliği,Çalışma Ekonomisi ve Endüstri İlişkileri,3141,EA
304,8546,Harita Teknikerliği,Halkla İlişkiler ve Reklamcılık,5111,SÖZ
304,8546,Harita Teknikerliği,Halkla İlişkiler ve Tanıtım,3198,SÖZ
304,8546,Harita Teknikerliği,İktisat,3213,EA
304,8546,Harita Teknikerliği,İşletme,3226,EA
304,8546,Harita Teknikerliği,Kamu Yönetimi,3237,EA
304,8546,Harita Teknikerliği,Maliye,3254,EA
304,8546,Harita Teknikerliği,Siyaset Bilimi ve Kamu Yönetimi,3314,EA
304,8546,Harita Teknikerliği,Uluslararası İlişkiler,3352,EA
304,1189,Harita ve Maden Ölçme,Çalışma Ekonomisi ve Endüstri İlişkileri,3141,EA
304,1189,Harita ve Maden Ölçme,Halkla İlişkiler ve Reklamcılık,5111,SÖZ
304,1189,Harita ve Maden Ölçme,Halkla İlişkiler ve Tanıtım,3198,SÖZ
304,1189,Harita ve Maden Ölçme,İktisat,3213,EA
304,1189,Harita ve Maden Ölçme,İşletme,3226,EA
304,1189,Harita ve Maden Ölçme,Kamu Yönetimi,3237,EA
304,1189,Harita ve Maden Ölçme,Maliye,3254,EA
304,1189,Harita ve Maden Ölçme,Siyaset Bilimi ve Kamu Yönetimi,3314,EA
304,1189,Harita ve Maden Ölçme,Uluslararası İlişkiler,3352,EA
304,1190,Hasat Sonrası Teknolojisi,Çalışma Ekonomisi ve Endüstri İlişkileri,3141,EA
304,1190,Hasat Sonrası Teknolojisi,Halkla İlişkiler ve Reklamcılık,5111,SÖZ
304,1190,Hasat Sonrası Teknolojisi,Halkla İlişkiler ve Tanıtım,3198,SÖZ
304,1190,Hasat Sonrası Teknolojisi,İktisat,3213,EA
304,1190,Hasat Sonrası Teknolojisi,İşletme,3226,EA
304,1190,Hasat Sonrası Teknolojisi,Kamu Yönetimi,3237,EA
304,1190,Hasat Sonrası Teknolojisi,Maliye,3254,EA
304,1190,Hasat Sonrası Teknolojisi,Siyaset Bilimi ve Kamu Yönetimi,3314,EA
304,1190,Hasat Sonrası Teknolojisi,Uluslararası İlişkiler,3352,EA
304,1480,HAVA ARACI İMALAT TEKNOLOJİLERİ,Çalışma Ekonomisi ve Endüstri İlişkileri,3141,EA
304,1480,HAVA ARACI İMALAT TEKNOLOJİLERİ,Halkla İlişkiler ve Reklamcılık,5111,SÖZ
304,1480,HAVA ARACI İMALAT TEKNOLOJİLERİ,Halkla İlişkiler ve Tanıtım,3198,SÖZ
304,1480,HAVA ARACI İMALAT TEKNOLOJİLERİ,İktisat,3213,EA
304,1480,HAVA ARACI İMALAT TEKNOLOJİLERİ,İşletme,3226,EA
304,1480,HAVA ARACI İMALAT TEKNOLOJİLERİ,Kamu Yönetimi,3237,EA
304,1480,HAVA ARACI İMALAT TEKNOLOJİLERİ,Maliye,3254,EA
304,1480,HAVA ARACI İMALAT TEKNOLOJİLERİ,Siyaset Bilimi ve Kamu Yönetimi,3314,EA
304,1480,HAVA ARACI İMALAT TEKNOLOJİLERİ,Uluslararası İlişkiler,3352,EA
304,9575,Hava Astsubay Myo Personel,Çalışma Ekonomisi ve Endüstri İlişkileri,3141,EA
304,9575,Hava Astsubay Myo Personel,Halkla İlişkiler ve Reklamcılık,5111,SÖZ
304,9575,Hava Astsubay Myo Personel,Halkla İlişkiler ve Tanıtım,3198,SÖZ
304,9575,Hava Astsubay Myo Personel,İktisat,3213,EA
304,9575,Hava Astsubay Myo Personel,İşletme,3226,EA
304,9575,Hava Astsubay Myo Personel,Kamu Yönetimi,3237,EA
304,9575,Hava Astsubay Myo Personel,Maliye,3254,EA
304,9575,Hava Astsubay Myo Personel,Siyaset Bilimi ve Kamu Yönetimi,3314,EA
304,9575,Hava Astsubay Myo Personel,Uluslararası İlişkiler,3352,EA
304,4280,Hava Savunma,Çalışma Ekonomisi ve Endüstri İlişkileri,3141,EA
304,4280,Hava Savunma,Halkla İlişkiler ve Reklamcılık,5111,SÖZ
304,4280,Hava Savunma,Halkla İlişkiler ve Tanıtım,3198,SÖZ
304,4280,Hava Savunma,İktisat,3213,EA
304,4280,Hava Savunma,İşletme,3226,EA
304,4280,Hava Savunma,Kamu Yönetimi,3237,EA
304,4280,Hava Savunma,Maliye,3254,EA
304,4280,Hava Savunma,Siyaset Bilimi ve Kamu Yönetimi,3314,EA
304,4280,Hava Savunma,Uluslararası İlişkiler,3352,EA
304,1500,HAVACILIK ELEKTRONİĞİ TEKNOLOJİLERİ,Çalışma Ekonomisi ve Endüstri İlişkileri,3141,EA
304,1500,HAVACILIK ELEKTRONİĞİ TEKNOLOJİLERİ,Halkla İlişkiler ve Reklamcılık,5111,SÖZ
304,1500,HAVACILIK ELEKTRONİĞİ TEKNOLOJİLERİ,Halkla İlişkiler ve Tanıtım,3198,SÖZ
304,1500,HAVACILIK ELEKTRONİĞİ TEKNOLOJİLERİ,İktisat,3213,EA
304,1500,HAVACILIK ELEKTRONİĞİ TEKNOLOJİLERİ,İşletme,3226,EA
304,1500,HAVACILIK ELEKTRONİĞİ TEKNOLOJİLERİ,Kamu Yönetimi,3237,EA
304,1500,HAVACILIK ELEKTRONİĞİ TEKNOLOJİLERİ,Maliye,3254,EA
304,1500,HAVACILIK ELEKTRONİĞİ TEKNOLOJİLERİ,Siyaset Bilimi ve Kamu Yönetimi,3314,EA
304,1500,HAVACILIK ELEKTRONİĞİ TEKNOLOJİLERİ,Uluslararası İlişkiler,3352,EA
304,8533,Hayvan Yetiştiriciliği,Çalışma Ekonomisi ve Endüstri İlişkileri,3141,EA
304,8533,Hayvan Yetiştiriciliği,Halkla İlişkiler ve Reklamcılık,5111,SÖZ
304,8533,Hayvan Yetiştiriciliği,Halkla İlişkiler ve Tanıtım,3198,SÖZ
304,8533,Hayvan Yetiştiriciliği,İktisat,3213,EA
304,8533,Hayvan Yetiştiriciliği,İşletme,3226,EA
304,8533,Hayvan Yetiştiriciliği,Kamu Yönetimi,3237,EA
304,8533,Hayvan Yetiştiriciliği,Maliye,3254,EA
304,8533,Hayvan Yetiştiriciliği,Siyaset Bilimi ve Kamu Yönetimi,3314,EA
304,8533,Hayvan Yetiştiriciliği,Uluslararası İlişkiler,3352,EA
304,1192,Hayvan Yetiştiriciliği ve Sağlığı,Çalışma Ekonomisi ve Endüstri İlişkileri,3141,EA
304,1192,Hayvan Yetiştiriciliği ve Sağlığı,Halkla İlişkiler ve Reklamcılık,5111,SÖZ
304,1192,Hayvan Yetiştiriciliği ve Sağlığı,Halkla İlişkiler ve Tanıtım,3198,SÖZ
304,1192,Hayvan Yetiştiriciliği ve Sağlığı,İktisat,3213,EA
304,1192,Hayvan Yetiştiriciliği ve Sağlığı,İşletme,3226,EA
304,1192,Hayvan Yetiştiriciliği ve Sağlığı,Kamu Yönetimi,3237,EA
304,1192,Hayvan Yetiştiriciliği ve Sağlığı,Maliye,3254,EA
304,1192,Hayvan Yetiştiriciliği ve Sağlığı,Siyaset Bilimi ve Kamu Yönetimi,3314,EA
304,1192,Hayvan Yetiştiriciliği ve Sağlığı,Uluslararası İlişkiler,3352,EA
304,1193,Hayvansal Üretim,Çalışma Ekonomisi ve Endüstri İlişkileri,3141,EA
304,1193,Hayvansal Üretim,Halkla İlişkiler ve Reklamcılık,5111,SÖZ
304,1193,Hayvansal Üretim,Halkla İlişkiler ve Tanıtım,3198,SÖZ
304,1193,Hayvansal Üretim,İktisat,3213,EA
304,1193,Hayvansal Üretim,İşletme,3226,EA
304,1193,Hayvansal Üretim,Kamu Yönetimi,3237,EA
304,1193,Hayvansal Üretim,Maliye,3254,EA
304,1193,Hayvansal Üretim,Siyaset Bilimi ve Kamu Yönetimi,3314,EA
304,1193,Hayvansal Üretim,Uluslararası İlişkiler,3352,EA
304,1194,Hazır Beton Teknolojisi,Çalışma Ekonomisi ve Endüstri İlişkileri,3141,EA
304,1194,Hazır Beton Teknolojisi,Halkla İlişkiler ve Reklamcılık,5111,SÖZ
304,1194,Hazır Beton Teknolojisi,Halkla İlişkiler ve Tanıtım,3198,SÖZ
304,1194,Hazır Beton Teknolojisi,İktisat,3213,EA
304,1194,Hazır Beton Teknolojisi,İşletme,3226,EA
304,1194,Hazır Beton Teknolojisi,Kamu Yönetimi,3237,EA
304,1194,Hazır Beton Teknolojisi,Maliye,3254,EA
304,1194,Hazır Beton Teknolojisi,Siyaset Bilimi ve Kamu Yönetimi,3314,EA
304,1194,Hazır Beton Teknolojisi,Uluslararası İlişkiler,3352,EA
304,1195,Hazır Giyim,Çalışma Ekonomisi ve Endüstri İlişkileri,3141,EA
304,1195,Hazır Giyim,Halkla İlişkiler ve Reklamcılık,5111,SÖZ
304,1195,Hazır Giyim,Halkla İlişkiler ve Tanıtım,3198,SÖZ
304,1195,Hazır Giyim,İktisat,3213,EA
304,1195,Hazır Giyim,İşletme,3226,EA
304,1195,Hazır Giyim,Kamu Yönetimi,3237,EA
304,1195,Hazır Giyim,Maliye,3254,EA
304,1195,Hazır Giyim,Siyaset Bilimi ve Kamu Yönetimi,3314,EA
304,1195,Hazır Giyim,Uluslararası İlişkiler,3352,EA
304,1196,Hazır Yemek ve Aşçılık,Çalışma Ekonomisi ve Endüstri İlişkileri,3141,EA
304,1196,Hazır Yemek ve Aşçılık,Halkla İlişkiler ve Reklamcılık,5111,SÖZ
304,1196,Hazır Yemek ve Aşçılık,Halkla İlişkiler ve Tanıtım,3198,SÖZ
304,1196,Hazır Yemek ve Aşçılık,İktisat,3213,EA
304,1196,Hazır Yemek ve Aşçılık,İşletme,3226,EA
304,1196,Hazır Yemek ve Aşçılık,Kamu Yönetimi,3237,EA
304,1196,Hazır Yemek ve Aşçılık,Maliye,3254,EA
304,1196,Hazır Yemek ve Aşçılık,Siyaset Bilimi ve Kamu Yönetimi,3314,EA
304,1196,Hazır Yemek ve Aşçılık,Uluslararası İlişkiler,3352,EA
304,1359,Hibrid ve Elektrikli Taşıtlar Teknolojisi,Çalışma Ekonomisi ve Endüstri İlişkileri,3141,EA
304,1359,Hibrid ve Elektrikli Taşıtlar Teknolojisi,Halkla İlişkiler ve Reklamcılık,5111,SÖZ
304,1359,Hibrid ve Elektrikli Taşıtlar Teknolojisi,Halkla İlişkiler ve Tanıtım,3198,SÖZ
304,1359,Hibrid ve Elektrikli Taşıtlar Teknolojisi,İktisat,3213,EA
304,1359,Hibrid ve Elektrikli Taşıtlar Teknolojisi,İşletme,3226,EA
304,1359,Hibrid ve Elektrikli Taşıtlar Teknolojisi,Kamu Yönetimi,3237,EA
304,1359,Hibrid ve Elektrikli Taşıtlar Teknolojisi,Maliye,3254,EA
304,1359,Hibrid ve Elektrikli Taşıtlar Teknolojisi,Siyaset Bilimi ve Kamu Yönetimi,3314,EA
304,1359,Hibrid ve Elektrikli Taşıtlar Teknolojisi,Uluslararası İlişkiler,3352,EA
304,6197,Hidroelektrik Santralları / Hidroelektrik Santralleri,Çalışma Ekonomisi ve Endüstri İlişkileri,3141,EA
304,6197,Hidroelektrik Santralları / Hidroelektrik Santralleri,Halkla İlişkiler ve Reklamcılık,5111,SÖZ
304,6197,Hidroelektrik Santralları / Hidroelektrik Santralleri,Halkla İlişkiler ve Tanıtım,3198,SÖZ
304,6197,Hidroelektrik Santralları / Hidroelektrik Santralleri,İktisat,3213,EA
304,6197,Hidroelektrik Santralları / Hidroelektrik Santralleri,İşletme,3226,EA
304,6197,Hidroelektrik Santralları / Hidroelektrik Santralleri,Kamu Yönetimi,3237,EA
304,6197,Hidroelektrik Santralları / Hidroelektrik Santralleri,Maliye,3254,EA
304,6197,Hidroelektrik Santralları / Hidroelektrik Santralleri,Siyaset Bilimi ve Kamu Yönetimi,3314,EA
304,6197,Hidroelektrik Santralları / Hidroelektrik Santralleri,Uluslararası İlişkiler,3352,EA
304,1501,HİDROJEN VE ENERJİ DEPOLAMA TEKNİKERLİĞİ,Çalışma Ekonomisi ve Endüstri İlişkileri,3141,EA
304,1501,HİDROJEN VE ENERJİ DEPOLAMA TEKNİKERLİĞİ,Halkla İlişkiler ve Reklamcılık,5111,SÖZ
304,1501,HİDROJEN VE ENERJİ DEPOLAMA TEKNİKERLİĞİ,Halkla İlişkiler ve Tanıtım,3198,SÖZ
304,1501,HİDROJEN VE ENERJİ DEPOLAMA TEKNİKERLİĞİ,İktisat,3213,EA
304,1501,HİDROJEN VE ENERJİ DEPOLAMA TEKNİKERLİĞİ,İşletme,3226,EA
304,1501,HİDROJEN VE ENERJİ DEPOLAMA TEKNİKERLİĞİ,Kamu Yönetimi,3237,EA
304,1501,HİDROJEN VE ENERJİ DEPOLAMA TEKNİKERLİĞİ,Maliye,3254,EA
304,1501,HİDROJEN VE ENERJİ DEPOLAMA TEKNİKERLİĞİ,Siyaset Bilimi ve Kamu Yönetimi,3314,EA
304,1501,HİDROJEN VE ENERJİ DEPOLAMA TEKNİKERLİĞİ,Uluslararası İlişkiler,3352,EA
304,1502,HİDROLİK VE PNÖMATİK TEKNİKERLİĞİ,Çalışma Ekonomisi ve Endüstri İlişkileri,3141,EA
304,1502,HİDROLİK VE PNÖMATİK TEKNİKERLİĞİ,Halkla İlişkiler ve Reklamcılık,5111,SÖZ
304,1502,HİDROLİK VE PNÖMATİK TEKNİKERLİĞİ,Halkla İlişkiler ve Tanıtım,3198,SÖZ
304,1502,HİDROLİK VE PNÖMATİK TEKNİKERLİĞİ,İktisat,3213,EA
304,1502,HİDROLİK VE PNÖMATİK TEKNİKERLİĞİ,İşletme,3226,EA
304,1502,HİDROLİK VE PNÖMATİK TEKNİKERLİĞİ,Kamu Yönetimi,3237,EA
304,1502,HİDROLİK VE PNÖMATİK TEKNİKERLİĞİ,Maliye,3254,EA
304,1502,HİDROLİK VE PNÖMATİK TEKNİKERLİĞİ,Siyaset Bilimi ve Kamu Yönetimi,3314,EA
304,1502,HİDROLİK VE PNÖMATİK TEKNİKERLİĞİ,Uluslararası İlişkiler,3352,EA
304,4283,İç Mekan Koruma ve Yenileme,Çalışma Ekonomisi ve Endüstri İlişkileri,3141,EA
304,4283,İç Mekan Koruma ve Yenileme,Halkla İlişkiler ve Reklamcılık,5111,SÖZ
304,4283,İç Mekan Koruma ve Yenileme,Halkla İlişkiler ve Tanıtım,3198,SÖZ
304,4283,İç Mekan Koruma ve Yenileme,İktisat,3213,EA
304,4283,İç Mekan Koruma ve Yenileme,İşletme,3226,EA
304,4283,İç Mekan Koruma ve Yenileme,Kamu Yönetimi,3237,EA
304,4283,İç Mekan Koruma ve Yenileme,Maliye,3254,EA
304,4283,İç Mekan Koruma ve Yenileme,Siyaset Bilimi ve Kamu Yönetimi,3314,EA
304,4283,İç Mekan Koruma ve Yenileme,Uluslararası İlişkiler,3352,EA
304,9272,İç Mekan Tasarımı,Çalışma Ekonomisi ve Endüstri İlişkileri,3141,EA
304,9272,İç Mekan Tasarımı,Halkla İlişkiler ve Reklamcılık,5111,SÖZ
304,9272,İç Mekan Tasarımı,Halkla İlişkiler ve Tanıtım,3198,SÖZ
304,9272,İç Mekan Tasarımı,İktisat,3213,EA
304,9272,İç Mekan Tasarımı,İşletme,3226,EA
304,9272,İç Mekan Tasarımı,Kamu Yönetimi,3237,EA
304,9272,İç Mekan Tasarımı,Maliye,3254,EA
304,9272,İç Mekan Tasarımı,Siyaset Bilimi ve Kamu Yönetimi,3314,EA
304,9272,İç Mekan Tasarımı,Uluslararası İlişkiler,3352,EA
304,4284,İhbar Kontrol,Çalışma Ekonomisi ve Endüstri İlişkileri,3141,EA
304,4284,İhbar Kontrol,Halkla İlişkiler ve Reklamcılık,5111,SÖZ
304,4284,İhbar Kontrol,Halkla İlişkiler ve Tanıtım,3198,SÖZ
304,4284,İhbar Kontrol,İktisat,3213,EA
304,4284,İhbar Kontrol,İşletme,3226,EA
304,4284,İhbar Kontrol,Kamu Yönetimi,3237,EA
304,4284,İhbar Kontrol,Maliye,3254,EA
304,4284,İhbar Kontrol,Siyaset Bilimi ve Kamu Yönetimi,3314,EA
304,4284,İhbar Kontrol,Uluslararası İlişkiler,3352,EA
304,9064,Teknolojisi,Çalışma Ekonomisi ve Endüstri İlişkileri,3141,EA
304,9064,Teknolojisi,Halkla İlişkiler ve Reklamcılık,5111,SÖZ
304,9064,Teknolojisi,Halkla İlişkiler ve Tanıtım,3198,SÖZ
304,9064,Teknolojisi,İktisat,3213,EA
304,9064,Teknolojisi,İşletme,3226,EA
304,9064,Teknolojisi,Kamu Yönetimi,3237,EA
304,9064,Teknolojisi,Maliye,3254,EA
304,9064,Teknolojisi,Siyaset Bilimi ve Kamu Yönetimi,3314,EA
304,9064,Teknolojisi,Uluslararası İlişkiler,3352,EA
304,1200,İklimlendirme-Soğutma,Çalışma Ekonomisi ve Endüstri İlişkileri,3141,EA
304,1200,İklimlendirme-Soğutma,Halkla İlişkiler ve Reklamcılık,5111,SÖZ
304,1200,İklimlendirme-Soğutma,Halkla İlişkiler ve Tanıtım,3198,SÖZ
304,1200,İklimlendirme-Soğutma,İktisat,3213,EA
304,1200,İklimlendirme-Soğutma,İşletme,3226,EA
304,1200,İklimlendirme-Soğutma,Kamu Yönetimi,3237,EA
304,1200,İklimlendirme-Soğutma,Maliye,3254,EA
304,1200,İklimlendirme-Soğutma,Siyaset Bilimi ve Kamu Yönetimi,3314,EA
304,1200,İklimlendirme-Soğutma,Uluslararası İlişkiler,3352,EA
304,8584,İkram,Çalışma Ekonomisi ve Endüstri İlişkileri,3141,EA
304,8584,İkram,Halkla İlişkiler ve Reklamcılık,5111,SÖZ
304,8584,İkram,Halkla İlişkiler ve Tanıtım,3198,SÖZ
304,8584,İkram,İktisat,3213,EA
304,8584,İkram,İşletme,3226,EA
304,8584,İkram,Kamu Yönetimi,3237,EA
304,8584,İkram,Maliye,3254,EA
304,8584,İkram,Siyaset Bilimi ve Kamu Yönetimi,3314,EA
304,8584,İkram,Uluslararası İlişkiler,3352,EA
304,9076,İkram Hizmetleri,Çalışma Ekonomisi ve Endüstri İlişkileri,3141,EA
304,9076,İkram Hizmetleri,Halkla İlişkiler ve Reklamcılık,5111,SÖZ
304,9076,İkram Hizmetleri,Halkla İlişkiler ve Tanıtım,3198,SÖZ
304,9076,İkram Hizmetleri,İktisat,3213,EA
304,9076,İkram Hizmetleri,İşletme,3226,EA
304,9076,İkram Hizmetleri,Kamu Yönetimi,3237,EA
304,9076,İkram Hizmetleri,Maliye,3254,EA
304,9076,İkram Hizmetleri,Siyaset Bilimi ve Kamu Yönetimi,3314,EA
304,9076,İkram Hizmetleri,Uluslararası İlişkiler,3352,EA
304,2107,İlahiyat / İlahiyat (Önlisans),Çalışma Ekonomisi ve Endüstri İlişkileri,3141,EA
304,2107,İlahiyat / İlahiyat (Önlisans),Halkla İlişkiler ve Reklamcılık,5111,SÖZ
304,2107,İlahiyat / İlahiyat (Önlisans),Halkla İlişkiler ve Tanıtım,3198,SÖZ
304,2107,İlahiyat / İlahiyat (Önlisans),İktisat,3213,EA
304,2107,İlahiyat / İlahiyat (Önlisans),İşletme,3226,EA
304,2107,İlahiyat / İlahiyat (Önlisans),Kamu Yönetimi,3237,EA
304,2107,İlahiyat / İlahiyat (Önlisans),Maliye,3254,EA
304,2107,İlahiyat / İlahiyat (Önlisans),Siyaset Bilimi ve Kamu Yönetimi,3314,EA
304,2107,İlahiyat / İlahiyat (Önlisans),Uluslararası İlişkiler,3352,EA
304,1481,İMALAT YÜRÜTME SİSTEMLERİ OPERATÖRLÜĞÜ,Çalışma Ekonomisi ve Endüstri İlişkileri,3141,EA
304,1481,İMALAT YÜRÜTME SİSTEMLERİ OPERATÖRLÜĞÜ,Halkla İlişkiler ve Reklamcılık,5111,SÖZ
304,1481,İMALAT YÜRÜTME SİSTEMLERİ OPERATÖRLÜĞÜ,Halkla İlişkiler ve Tanıtım,3198,SÖZ
304,1481,İMALAT YÜRÜTME SİSTEMLERİ OPERATÖRLÜĞÜ,İktisat,3213,EA
304,1481,İMALAT YÜRÜTME SİSTEMLERİ OPERATÖRLÜĞÜ,İşletme,3226,EA
304,1481,İMALAT YÜRÜTME SİSTEMLERİ OPERATÖRLÜĞÜ,Kamu Yönetimi,3237,EA
304,1481,İMALAT YÜRÜTME SİSTEMLERİ OPERATÖRLÜĞÜ,Maliye,3254,EA
304,1481,İMALAT YÜRÜTME SİSTEMLERİ OPERATÖRLÜĞÜ,Siyaset Bilimi ve Kamu Yönetimi,3314,EA
304,1481,İMALAT YÜRÜTME SİSTEMLERİ OPERATÖRLÜĞÜ,Uluslararası İlişkiler,3352,EA
304,1463,İNSANSIZ ARAÇ TEKNİKERLİĞİ,Çalışma Ekonomisi ve Endüstri İlişkileri,3141,EA
304,1463,İNSANSIZ ARAÇ TEKNİKERLİĞİ,Halkla İlişkiler ve Reklamcılık,5111,SÖZ
304,1463,İNSANSIZ ARAÇ TEKNİKERLİĞİ,Halkla İlişkiler ve Tanıtım,3198,SÖZ
304,1463,İNSANSIZ ARAÇ TEKNİKERLİĞİ,İktisat,3213,EA
304,1463,İNSANSIZ ARAÇ TEKNİKERLİĞİ,İşletme,3226,EA
304,1463,İNSANSIZ ARAÇ TEKNİKERLİĞİ,Kamu Yönetimi,3237,EA
304,1463,İNSANSIZ ARAÇ TEKNİKERLİĞİ,Maliye,3254,EA
304,1463,İNSANSIZ ARAÇ TEKNİKERLİĞİ,Siyaset Bilimi ve Kamu Yönetimi,3314,EA
304,1463,İNSANSIZ ARAÇ TEKNİKERLİĞİ,Uluslararası İlişkiler,3352,EA
304,1384,İnsansız Hava Aracı Teknolojisi ve Operatörlüğü,Çalışma Ekonomisi ve Endüstri İlişkileri,3141,EA
304,1384,İnsansız Hava Aracı Teknolojisi ve Operatörlüğü,Halkla İlişkiler ve Reklamcılık,5111,SÖZ
304,1384,İnsansız Hava Aracı Teknolojisi ve Operatörlüğü,Halkla İlişkiler ve Tanıtım,3198,SÖZ
304,1384,İnsansız Hava Aracı Teknolojisi ve Operatörlüğü,İktisat,3213,EA
304,1384,İnsansız Hava Aracı Teknolojisi ve Operatörlüğü,İşletme,3226,EA
304,1384,İnsansız Hava Aracı Teknolojisi ve Operatörlüğü,Kamu Yönetimi,3237,EA
304,1384,İnsansız Hava Aracı Teknolojisi ve Operatörlüğü,Maliye,3254,EA
304,1384,İnsansız Hava Aracı Teknolojisi ve Operatörlüğü,Siyaset Bilimi ve Kamu Yönetimi,3314,EA
304,1384,İnsansız Hava Aracı Teknolojisi ve Operatörlüğü,Uluslararası İlişkiler,3352,EA
304,1201,İnşaat,Çalışma Ekonomisi ve Endüstri İlişkileri,3141,EA
304,1201,İnşaat,Halkla İlişkiler ve Reklamcılık,5111,SÖZ
304,1201,İnşaat,Halkla İlişkiler ve Tanıtım,3198,SÖZ
304,1201,İnşaat,İktisat,3213,EA
304,1201,İnşaat,İşletme,3226,EA
304,1201,İnşaat,Kamu Yönetimi,3237,EA
304,1201,İnşaat,Maliye,3254,EA
304,1201,İnşaat,Siyaset Bilimi ve Kamu Yönetimi,3314,EA
304,1201,İnşaat,Uluslararası İlişkiler,3352,EA
304,8535,İnşaat Teknikerliği,Çalışma Ekonomisi ve Endüstri İlişkileri,3141,EA
304,8535,İnşaat Teknikerliği,Halkla İlişkiler ve Reklamcılık,5111,SÖZ
304,8535,İnşaat Teknikerliği,Halkla İlişkiler ve Tanıtım,3198,SÖZ
304,8535,İnşaat Teknikerliği,İktisat,3213,EA
304,8535,İnşaat Teknikerliği,İşletme,3226,EA
304,8535,İnşaat Teknikerliği,Kamu Yönetimi,3237,EA
304,8535,İnşaat Teknikerliği,Maliye,3254,EA
304,8535,İnşaat Teknikerliği,Siyaset Bilimi ve Kamu Yönetimi,3314,EA
304,8535,İnşaat Teknikerliği,Uluslararası İlişkiler,3352,EA
304,9052,İnşaat Teknolojisi,Çalışma Ekonomisi ve Endüstri İlişkileri,3141,EA
304,9052,İnşaat Teknolojisi,Halkla İlişkiler ve Reklamcılık,5111,SÖZ
304,9052,İnşaat Teknolojisi,Halkla İlişkiler ve Tanıtım,3198,SÖZ
304,9052,İnşaat Teknolojisi,İktisat,3213,EA
304,9052,İnşaat Teknolojisi,İşletme,3226,EA
304,9052,İnşaat Teknolojisi,Kamu Yönetimi,3237,EA
304,9052,İnşaat Teknolojisi,Maliye,3254,EA
304,9052,İnşaat Teknolojisi,Siyaset Bilimi ve Kamu Yönetimi,3314,EA
304,9052,İnşaat Teknolojisi,Uluslararası İlişkiler,3352,EA
304,6202,İnşaat ve Sanayi Boya Uygulama Teknolojisi,Çalışma Ekonomisi ve Endüstri İlişkileri,3141,EA
304,6202,İnşaat ve Sanayi Boya Uygulama Teknolojisi,Halkla İlişkiler ve Reklamcılık,5111,SÖZ
304,6202,İnşaat ve Sanayi Boya Uygulama Teknolojisi,Halkla İlişkiler ve Tanıtım,3198,SÖZ
304,6202,İnşaat ve Sanayi Boya Uygulama Teknolojisi,İktisat,3213,EA
304,6202,İnşaat ve Sanayi Boya Uygulama Teknolojisi,İşletme,3226,EA
304,6202,İnşaat ve Sanayi Boya Uygulama Teknolojisi,Kamu Yönetimi,3237,EA
304,6202,İnşaat ve Sanayi Boya Uygulama Teknolojisi,Maliye,3254,EA
304,6202,İnşaat ve Sanayi Boya Uygulama Teknolojisi,Siyaset Bilimi ve Kamu Yönetimi,3314,EA
304,6202,İnşaat ve Sanayi Boya Uygulama Teknolojisi,Uluslararası İlişkiler,3352,EA
304,1203,İpek Böcekçiliği,Çalışma Ekonomisi ve Endüstri İlişkileri,3141,EA
304,1203,İpek Böcekçiliği,Halkla İlişkiler ve Reklamcılık,5111,SÖZ
304,1203,İpek Böcekçiliği,Halkla İlişkiler ve Tanıtım,3198,SÖZ
304,1203,İpek Böcekçiliği,İktisat,3213,EA
304,1203,İpek Böcekçiliği,İşletme,3226,EA
304,1203,İpek Böcekçiliği,Kamu Yönetimi,3237,EA
304,1203,İpek Böcekçiliği,Maliye,3254,EA
304,1203,İpek Böcekçiliği,Siyaset Bilimi ve Kamu Yönetimi,3314,EA
304,1203,İpek Böcekçiliği,Uluslararası İlişkiler,3352,EA
304,1431,İslami İlimler,Çalışma Ekonomisi ve Endüstri İlişkileri,3141,EA
304,1431,İslami İlimler,Halkla İlişkiler ve Reklamcılık,5111,SÖZ
304,1431,İslami İlimler,Halkla İlişkiler ve Tanıtım,3198,SÖZ
304,1431,İslami İlimler,İktisat,3213,EA
304,1431,İslami İlimler,İşletme,3226,EA
304,1431,İslami İlimler,Kamu Yönetimi,3237,EA
304,1431,İslami İlimler,Maliye,3254,EA
304,1431,İslami İlimler,Siyaset Bilimi ve Kamu Yönetimi,3314,EA
304,1431,İslami İlimler,Uluslararası İlişkiler,3352,EA
304,4293,İstihkam,Çalışma Ekonomisi ve Endüstri İlişkileri,3141,EA
304,4293,İstihkam,Halkla İlişkiler ve Reklamcılık,5111,SÖZ
304,4293,İstihkam,Halkla İlişkiler ve Tanıtım,3198,SÖZ
304,4293,İstihkam,İktisat,3213,EA
304,4293,İstihkam,İşletme,3226,EA
304,4293,İstihkam,Kamu Yönetimi,3237,EA
304,4293,İstihkam,Maliye,3254,EA
304,4293,İstihkam,Siyaset Bilimi ve Kamu Yönetimi,3314,EA
304,4293,İstihkam,Uluslararası İlişkiler,3352,EA
304,1204,İş Makineleri,Çalışma Ekonomisi ve Endüstri İlişkileri,3141,EA
304,1204,İş Makineleri,Halkla İlişkiler ve Reklamcılık,5111,SÖZ
304,1204,İş Makineleri,Halkla İlişkiler ve Tanıtım,3198,SÖZ
304,1204,İş Makineleri,İktisat,3213,EA
304,1204,İş Makineleri,İşletme,3226,EA
304,1204,İş Makineleri,Kamu Yönetimi,3237,EA
304,1204,İş Makineleri,Maliye,3254,EA
304,1204,İş Makineleri,Siyaset Bilimi ve Kamu Yönetimi,3314,EA
304,1204,İş Makineleri,Uluslararası İlişkiler,3352,EA
304,9227,İş Makineleri Operatörlüğü,Çalışma Ekonomisi ve Endüstri İlişkileri,3141,EA
304,9227,İş Makineleri Operatörlüğü,Halkla İlişkiler ve Reklamcılık,5111,SÖZ
304,9227,İş Makineleri Operatörlüğü,Halkla İlişkiler ve Tanıtım,3198,SÖZ
304,9227,İş Makineleri Operatörlüğü,İktisat,3213,EA
304,9227,İş Makineleri Operatörlüğü,İşletme,3226,EA
304,9227,İş Makineleri Operatörlüğü,Kamu Yönetimi,3237,EA
304,9227,İş Makineleri Operatörlüğü,Maliye,3254,EA
304,9227,İş Makineleri Operatörlüğü,Siyaset Bilimi ve Kamu Yönetimi,3314,EA
304,9227,İş Makineleri Operatörlüğü,Uluslararası İlişkiler,3352,EA
305,1210,Jeoteknik Teknikerliği,Çalışma Ekonomisi ve Endüstri İlişkileri,3141,EA
305,1210,Jeoteknik Teknikerliği,Halkla İlişkiler ve Reklamcılık,5111,SÖZ
305,1210,Jeoteknik Teknikerliği,Halkla İlişkiler ve Tanıtım,3198,SÖZ
305,1210,Jeoteknik Teknikerliği,İktisat,3213,EA
305,1210,Jeoteknik Teknikerliği,İşletme,3226,EA
305,1210,Jeoteknik Teknikerliği,Kamu Yönetimi,3237,EA
305,1210,Jeoteknik Teknikerliği,Maliye,3254,EA
305,1210,Jeoteknik Teknikerliği,Siyaset Bilimi ve Kamu Yönetimi,3314,EA
305,1210,Jeoteknik Teknikerliği,Uluslararası İlişkiler,3352,EA
305,5342,Jokeylik,Çalışma Ekonomisi ve Endüstri İlişkileri,3141,EA
305,5342,Jokeylik,Halkla İlişkiler ve Reklamcılık,5111,SÖZ
305,5342,Jokeylik,Halkla İlişkiler ve Tanıtım,3198,SÖZ
305,5342,Jokeylik,İktisat,3213,EA
305,5342,Jokeylik,İşletme,3226,EA
305,5342,Jokeylik,Kamu Yönetimi,3237,EA
305,5342,Jokeylik,Maliye,3254,EA
305,5342,Jokeylik,Siyaset Bilimi ve Kamu Yönetimi,3314,EA
305,5342,Jokeylik,Uluslararası İlişkiler,3352,EA
305,9029,Kağıt Teknolojisi,Çalışma Ekonomisi ve Endüstri İlişkileri,3141,EA
305,9029,Kağıt Teknolojisi,Halkla İlişkiler ve Reklamcılık,5111,SÖZ
305,9029,Kağıt Teknolojisi,Halkla İlişkiler ve Tanıtım,3198,SÖZ
305,9029,Kağıt Teknolojisi,İktisat,3213,EA
305,9029,Kağıt Teknolojisi,İşletme,3226,EA
305,9029,Kağıt Teknolojisi,Kamu Yönetimi,3237,EA
305,9029,Kağıt Teknolojisi,Maliye,3254,EA
305,9029,Kağıt Teknolojisi,Siyaset Bilimi ve Kamu Yönetimi,3314,EA
305,9029,Kağıt Teknolojisi,Uluslararası İlişkiler,3352,EA
305,9254,Kağıt ve Ambalaj Teknolojisi,Çalışma Ekonomisi ve Endüstri İlişkileri,3141,EA
305,9254,Kağıt ve Ambalaj Teknolojisi,Halkla İlişkiler ve Reklamcılık,5111,SÖZ
305,9254,Kağıt ve Ambalaj Teknolojisi,Halkla İlişkiler ve Tanıtım,3198,SÖZ
305,9254,Kağıt ve Ambalaj Teknolojisi,İktisat,3213,EA
305,9254,Kağıt ve Ambalaj Teknolojisi,İşletme,3226,EA
305,9254,Kağıt ve Ambalaj Teknolojisi,Kamu Yönetimi,3237,EA
305,9254,Kağıt ve Ambalaj Teknolojisi,Maliye,3254,EA
305,9254,Kağıt ve Ambalaj Teknolojisi,Siyaset Bilimi ve Kamu Yönetimi,3314,EA
305,9254,Kağıt ve Ambalaj Teknolojisi,Uluslararası İlişkiler,3352,EA
305,1211,Kağıt ve Kağıt İşleme Teknolojisi,Çalışma Ekonomisi ve Endüstri İlişkileri,3141,EA
305,1211,Kağıt ve Kağıt İşleme Teknolojisi,Halkla İlişkiler ve Reklamcılık,5111,SÖZ
305,1211,Kağıt ve Kağıt İşleme Teknolojisi,Halkla İlişkiler ve Tanıtım,3198,SÖZ
305,1211,Kağıt ve Kağıt İşleme Teknolojisi,İktisat,3213,EA
305,1211,Kağıt ve Kağıt İşleme Teknolojisi,İşletme,3226,EA
305,1211,Kağıt ve Kağıt İşleme Teknolojisi,Kamu Yönetimi,3237,EA
305,1211,Kağıt ve Kağıt İşleme Teknolojisi,Maliye,3254,EA
305,1211,Kağıt ve Kağıt İşleme Teknolojisi,Siyaset Bilimi ve Kamu Yönetimi,3314,EA
305,1211,Kağıt ve Kağıt İşleme Teknolojisi,Uluslararası İlişkiler,3352,EA
305,1212,Kağıtçılık,Çalışma Ekonomisi ve Endüstri İlişkileri,3141,EA
305,1212,Kağıtçılık,Halkla İlişkiler ve Reklamcılık,5111,SÖZ
305,1212,Kağıtçılık,Halkla İlişkiler ve Tanıtım,3198,SÖZ
305,1212,Kağıtçılık,İktisat,3213,EA
305,1212,Kağıtçılık,İşletme,3226,EA
305,1212,Kağıtçılık,Kamu Yönetimi,3237,EA
305,1212,Kağıtçılık,Maliye,3254,EA
305,1212,Kağıtçılık,Siyaset Bilimi ve Kamu Yönetimi,3314,EA
305,1212,Kağıtçılık,Uluslararası İlişkiler,3352,EA
305,1213,Kalıpçılık,Çalışma Ekonomisi ve Endüstri İlişkileri,3141,EA
305,1213,Kalıpçılık,Halkla İlişkiler ve Reklamcılık,5111,SÖZ
305,1213,Kalıpçılık,Halkla İlişkiler ve Tanıtım,3198,SÖZ
305,1213,Kalıpçılık,İktisat,3213,EA
305,1213,Kalıpçılık,İşletme,3226,EA
305,1213,Kalıpçılık,Kamu Yönetimi,3237,EA
305,1213,Kalıpçılık,Maliye,3254,EA
305,1213,Kalıpçılık,Siyaset Bilimi ve Kamu Yönetimi,3314,EA
305,1213,Kalıpçılık,Uluslararası İlişkiler,3352,EA
305,4300,Kamışlı Çalgılar,Çalışma Ekonomisi ve Endüstri İlişkileri,3141,EA
305,4300,Kamışlı Çalgılar,Halkla İlişkiler ve Reklamcılık,5111,SÖZ
305,4300,Kamışlı Çalgılar,Halkla İlişkiler ve Tanıtım,3198,SÖZ
305,4300,Kamışlı Çalgılar,İktisat,3213,EA
305,4300,Kamışlı Çalgılar,İşletme,3226,EA
305,4300,Kamışlı Çalgılar,Kamu Yönetimi,3237,EA
305,4300,Kamışlı Çalgılar,Maliye,3254,EA
305,4300,Kamışlı Çalgılar,Siyaset Bilimi ve Kamu Yönetimi,3314,EA
305,4300,Kamışlı Çalgılar,Uluslararası İlişkiler,3352,EA
305,1215,Kanatlı Hayvan Yetiştiriciliği,Çalışma Ekonomisi ve Endüstri İlişkileri,3141,EA
305,1215,Kanatlı Hayvan Yetiştiriciliği,Halkla İlişkiler ve Reklamcılık,5111,SÖZ
305,1215,Kanatlı Hayvan Yetiştiriciliği,Halkla İlişkiler ve Tanıtım,3198,SÖZ
305,1215,Kanatlı Hayvan Yetiştiriciliği,İktisat,3213,EA
305,1215,Kanatlı Hayvan Yetiştiriciliği,İşletme,3226,EA
305,1215,Kanatlı Hayvan Yetiştiriciliği,Kamu Yönetimi,3237,EA
305,1215,Kanatlı Hayvan Yetiştiriciliği,Maliye,3254,EA
305,1215,Kanatlı Hayvan Yetiştiriciliği,Siyaset Bilimi ve Kamu Yönetimi,3314,EA
305,1215,Kanatlı Hayvan Yetiştiriciliği,Uluslararası İlişkiler,3352,EA
305,1504,KARBON YÖNETİMİ TEKNİKERLİĞİ,Çalışma Ekonomisi ve Endüstri İlişkileri,3141,EA
305,1504,KARBON YÖNETİMİ TEKNİKERLİĞİ,Halkla İlişkiler ve Reklamcılık,5111,SÖZ
305,1504,KARBON YÖNETİMİ TEKNİKERLİĞİ,Halkla İlişkiler ve Tanıtım,3198,SÖZ
305,1504,KARBON YÖNETİMİ TEKNİKERLİĞİ,İktisat,3213,EA
305,1504,KARBON YÖNETİMİ TEKNİKERLİĞİ,İşletme,3226,EA
305,1504,KARBON YÖNETİMİ TEKNİKERLİĞİ,Kamu Yönetimi,3237,EA
305,1504,KARBON YÖNETİMİ TEKNİKERLİĞİ,Maliye,3254,EA
305,1504,KARBON YÖNETİMİ TEKNİKERLİĞİ,Siyaset Bilimi ve Kamu Yönetimi,3314,EA
305,1504,KARBON YÖNETİMİ TEKNİKERLİĞİ,Uluslararası İlişkiler,3352,EA
305,6217,Kaynak Teknolojisi,Çalışma Ekonomisi ve Endüstri İlişkileri,3141,EA
305,6217,Kaynak Teknolojisi,Halkla İlişkiler ve Reklamcılık,5111,SÖZ
305,6217,Kaynak Teknolojisi,Halkla İlişkiler ve Tanıtım,3198,SÖZ
305,6217,Kaynak Teknolojisi,İktisat,3213,EA
305,6217,Kaynak Teknolojisi,İşletme,3226,EA
305,6217,Kaynak Teknolojisi,Kamu Yönetimi,3237,EA
305,6217,Kaynak Teknolojisi,Maliye,3254,EA
305,6217,Kaynak Teknolojisi,Siyaset Bilimi ve Kamu Yönetimi,3314,EA
305,6217,Kaynak Teknolojisi,Uluslararası İlişkiler,3352,EA
305,8539,Kaynakçılık,Çalışma Ekonomisi ve Endüstri İlişkileri,3141,EA
305,8539,Kaynakçılık,Halkla İlişkiler ve Reklamcılık,5111,SÖZ
305,8539,Kaynakçılık,Halkla İlişkiler ve Tanıtım,3198,SÖZ
305,8539,Kaynakçılık,İktisat,3213,EA
305,8539,Kaynakçılık,İşletme,3226,EA
305,8539,Kaynakçılık,Kamu Yönetimi,3237,EA
305,8539,Kaynakçılık,Maliye,3254,EA
305,8539,Kaynakçılık,Siyaset Bilimi ve Kamu Yönetimi,3314,EA
305,8539,Kaynakçılık,Uluslararası İlişkiler,3352,EA
305,1455,KENEVİR DOKUMA TEZGAHTARLIĞI,Çalışma Ekonomisi ve Endüstri İlişkileri,3141,EA
305,1455,KENEVİR DOKUMA TEZGAHTARLIĞI,Halkla İlişkiler ve Reklamcılık,5111,SÖZ
305,1455,KENEVİR DOKUMA TEZGAHTARLIĞI,Halkla İlişkiler ve Tanıtım,3198,SÖZ
305,1455,KENEVİR DOKUMA TEZGAHTARLIĞI,İktisat,3213,EA
305,1455,KENEVİR DOKUMA TEZGAHTARLIĞI,İşletme,3226,EA
305,1455,KENEVİR DOKUMA TEZGAHTARLIĞI,Kamu Yönetimi,3237,EA
305,1455,KENEVİR DOKUMA TEZGAHTARLIĞI,Maliye,3254,EA
305,1455,KENEVİR DOKUMA TEZGAHTARLIĞI,Siyaset Bilimi ve Kamu Yönetimi,3314,EA
305,1455,KENEVİR DOKUMA TEZGAHTARLIĞI,Uluslararası İlişkiler,3352,EA
305,1482,KENEVİR DOKUMACILIĞI,Çalışma Ekonomisi ve Endüstri İlişkileri,3141,EA
305,1482,KENEVİR DOKUMACILIĞI,Halkla İlişkiler ve Reklamcılık,5111,SÖZ
305,1482,KENEVİR DOKUMACILIĞI,Halkla İlişkiler ve Tanıtım,3198,SÖZ
305,1482,KENEVİR DOKUMACILIĞI,İktisat,3213,EA
305,1482,KENEVİR DOKUMACILIĞI,İşletme,3226,EA
305,1482,KENEVİR DOKUMACILIĞI,Kamu Yönetimi,3237,EA
305,1482,KENEVİR DOKUMACILIĞI,Maliye,3254,EA
305,1482,KENEVİR DOKUMACILIĞI,Siyaset Bilimi ve Kamu Yönetimi,3314,EA
305,1482,KENEVİR DOKUMACILIĞI,Uluslararası İlişkiler,3352,EA
305,8540,Kesim ve Et / Kesim ve Et Endüstrisi,Çalışma Ekonomisi ve Endüstri İlişkileri,3141,EA
305,8540,Kesim ve Et / Kesim ve Et Endüstrisi,Halkla İlişkiler ve Reklamcılık,5111,SÖZ
305,8540,Kesim ve Et / Kesim ve Et Endüstrisi,Halkla İlişkiler ve Tanıtım,3198,SÖZ
305,8540,Kesim ve Et / Kesim ve Et Endüstrisi,İktisat,3213,EA
305,8540,Kesim ve Et / Kesim ve Et Endüstrisi,İşletme,3226,EA
305,8540,Kesim ve Et / Kesim ve Et Endüstrisi,Kamu Yönetimi,3237,EA
305,8540,Kesim ve Et / Kesim ve Et Endüstrisi,Maliye,3254,EA
305,8540,Kesim ve Et / Kesim ve Et Endüstrisi,Siyaset Bilimi ve Kamu Yönetimi,3314,EA
305,8540,Kesim ve Et / Kesim ve Et Endüstrisi,Uluslararası İlişkiler,3352,EA
305,9315,Kesme Çiçek Yetiştiriciliği,Çalışma Ekonomisi ve Endüstri İlişkileri,3141,EA
305,9315,Kesme Çiçek Yetiştiriciliği,Halkla İlişkiler ve Reklamcılık,5111,SÖZ
305,9315,Kesme Çiçek Yetiştiriciliği,Halkla İlişkiler ve Tanıtım,3198,SÖZ
305,9315,Kesme Çiçek Yetiştiriciliği,İktisat,3213,EA
305,9315,Kesme Çiçek Yetiştiriciliği,İşletme,3226,EA
305,9315,Kesme Çiçek Yetiştiriciliği,Kamu Yönetimi,3237,EA
305,9315,Kesme Çiçek Yetiştiriciliği,Maliye,3254,EA
305,9315,Kesme Çiçek Yetiştiriciliği,Siyaset Bilimi ve Kamu Yönetimi,3314,EA
305,9315,Kesme Çiçek Yetiştiriciliği,Uluslararası İlişkiler,3352,EA
305,1219,Kıymetli Taş ve Metal İşlemeciliği,Çalışma Ekonomisi ve Endüstri İlişkileri,3141,EA
305,1219,Kıymetli Taş ve Metal İşlemeciliği,Halkla İlişkiler ve Reklamcılık,5111,SÖZ
305,1219,Kıymetli Taş ve Metal İşlemeciliği,Halkla İlişkiler ve Tanıtım,3198,SÖZ
305,1219,Kıymetli Taş ve Metal İşlemeciliği,İktisat,3213,EA
305,1219,Kıymetli Taş ve Metal İşlemeciliği,İşletme,3226,EA
305,1219,Kıymetli Taş ve Metal İşlemeciliği,Kamu Yönetimi,3237,EA
305,1219,Kıymetli Taş ve Metal İşlemeciliği,Maliye,3254,EA
305,1219,Kıymetli Taş ve Metal İşlemeciliği,Siyaset Bilimi ve Kamu Yönetimi,3314,EA
305,1219,Kıymetli Taş ve Metal İşlemeciliği,Uluslararası İlişkiler,3352,EA
305,1218,Kimya,Çalışma Ekonomisi ve Endüstri İlişkileri,3141,EA
305,1218,Kimya,Halkla İlişkiler ve Reklamcılık,5111,SÖZ
305,1218,Kimya,Halkla İlişkiler ve Tanıtım,3198,SÖZ
305,1218,Kimya,İktisat,3213,EA
305,1218,Kimya,İşletme,3226,EA
305,1218,Kimya,Kamu Yönetimi,3237,EA
305,1218,Kimya,Maliye,3254,EA
305,1218,Kimya,Siyaset Bilimi ve Kamu Yönetimi,3314,EA
305,1218,Kimya,Uluslararası İlişkiler,3352,EA
305,1247,Kimya Teknolojisi,Çalışma Ekonomisi ve Endüstri İlişkileri,3141,EA
305,1247,Kimya Teknolojisi,Halkla İlişkiler ve Reklamcılık,5111,SÖZ
305,1247,Kimya Teknolojisi,Halkla İlişkiler ve Tanıtım,3198,SÖZ
305,1247,Kimya Teknolojisi,İktisat,3213,EA
305,1247,Kimya Teknolojisi,İşletme,3226,EA
305,1247,Kimya Teknolojisi,Kamu Yönetimi,3237,EA
305,1247,Kimya Teknolojisi,Maliye,3254,EA
305,1247,Kimya Teknolojisi,Siyaset Bilimi ve Kamu Yönetimi,3314,EA
305,1247,Kimya Teknolojisi,Uluslararası İlişkiler,3352,EA
305,1220,Konfeksiyon (Hazır Giyim) / Konfeksiyon,Çalışma Ekonomisi ve Endüstri İlişkileri,3141,EA
305,1220,Konfeksiyon (Hazır Giyim) / Konfeksiyon,Halkla İlişkiler ve Reklamcılık,5111,SÖZ
305,1220,Konfeksiyon (Hazır Giyim) / Konfeksiyon,Halkla İlişkiler ve Tanıtım,3198,SÖZ
305,1220,Konfeksiyon (Hazır Giyim) / Konfeksiyon,İktisat,3213,EA
305,1220,Konfeksiyon (Hazır Giyim) / Konfeksiyon,İşletme,3226,EA
305,1220,Konfeksiyon (Hazır Giyim) / Konfeksiyon,Kamu Yönetimi,3237,EA
305,1220,Konfeksiyon (Hazır Giyim) / Konfeksiyon,Maliye,3254,EA
305,1220,Konfeksiyon (Hazır Giyim) / Konfeksiyon,Siyaset Bilimi ve Kamu Yönetimi,3314,EA
305,1220,Konfeksiyon (Hazır Giyim) / Konfeksiyon,Uluslararası İlişkiler,3352,EA
305,8541,Konservasyon,Çalışma Ekonomisi ve Endüstri İlişkileri,3141,EA
305,8541,Konservasyon,Halkla İlişkiler ve Reklamcılık,5111,SÖZ
305,8541,Konservasyon,Halkla İlişkiler ve Tanıtım,3198,SÖZ
305,8541,Konservasyon,İktisat,3213,EA
305,8541,Konservasyon,İşletme,3226,EA
305,8541,Konservasyon,Kamu Yönetimi,3237,EA
305,8541,Konservasyon,Maliye,3254,EA
305,8541,Konservasyon,Siyaset Bilimi ve Kamu Yönetimi,3314,EA
305,8541,Konservasyon,Uluslararası İlişkiler,3352,EA
305,1221,Kontrol Sistemleri Teknolojisi,Çalışma Ekonomisi ve Endüstri İlişkileri,3141,EA
305,1221,Kontrol Sistemleri Teknolojisi,Halkla İlişkiler ve Reklamcılık,5111,SÖZ
305,1221,Kontrol Sistemleri Teknolojisi,Halkla İlişkiler ve Tanıtım,3198,SÖZ
305,1221,Kontrol Sistemleri Teknolojisi,İktisat,3213,EA
305,1221,Kontrol Sistemleri Teknolojisi,İşletme,3226,EA
305,1221,Kontrol Sistemleri Teknolojisi,Kamu Yönetimi,3237,EA
305,1221,Kontrol Sistemleri Teknolojisi,Maliye,3254,EA
305,1221,Kontrol Sistemleri Teknolojisi,Siyaset Bilimi ve Kamu Yönetimi,3314,EA
305,1221,Kontrol Sistemleri Teknolojisi,Uluslararası İlişkiler,3352,EA
305,9069,Kontrol ve Otomasyon Teknolojisi,Çalışma Ekonomisi ve Endüstri İlişkileri,3141,EA
305,9069,Kontrol ve Otomasyon Teknolojisi,Halkla İlişkiler ve Reklamcılık,5111,SÖZ
305,9069,Kontrol ve Otomasyon Teknolojisi,Halkla İlişkiler ve Tanıtım,3198,SÖZ
305,9069,Kontrol ve Otomasyon Teknolojisi,İktisat,3213,EA
305,9069,Kontrol ve Otomasyon Teknolojisi,İşletme,3226,EA
305,9069,Kontrol ve Otomasyon Teknolojisi,Kamu Yönetimi,3237,EA
305,9069,Kontrol ve Otomasyon Teknolojisi,Maliye,3254,EA
305,9069,Kontrol ve Otomasyon Teknolojisi,Siyaset Bilimi ve Kamu Yönetimi,3314,EA
305,9069,Kontrol ve Otomasyon Teknolojisi,Uluslararası İlişkiler,3352,EA
305,8542,Kontrol ve Ölçü Aletleri,Çalışma Ekonomisi ve Endüstri İlişkileri,3141,EA
305,8542,Kontrol ve Ölçü Aletleri,Halkla İlişkiler ve Reklamcılık,5111,SÖZ
305,8542,Kontrol ve Ölçü Aletleri,Halkla İlişkiler ve Tanıtım,3198,SÖZ
305,8542,Kontrol ve Ölçü Aletleri,İktisat,3213,EA
305,8542,Kontrol ve Ölçü Aletleri,İşletme,3226,EA
305,8542,Kontrol ve Ölçü Aletleri,Kamu Yönetimi,3237,EA
305,8542,Kontrol ve Ölçü Aletleri,Maliye,3254,EA
305,8542,Kontrol ve Ölçü Aletleri,Siyaset Bilimi ve Kamu Yönetimi,3314,EA
305,8542,Kontrol ve Ölçü Aletleri,Uluslararası İlişkiler,3352,EA
305,5343,Kostüm Tasarımı,Çalışma Ekonomisi ve Endüstri İlişkileri,3141,EA
305,5343,Kostüm Tasarımı,Halkla İlişkiler ve Reklamcılık,5111,SÖZ
305,5343,Kostüm Tasarımı,Halkla İlişkiler ve Tanıtım,3198,SÖZ
305,5343,Kostüm Tasarımı,İktisat,3213,EA
305,5343,Kostüm Tasarımı,İşletme,3226,EA
305,5343,Kostüm Tasarımı,Kamu Yönetimi,3237,EA
305,5343,Kostüm Tasarımı,Maliye,3254,EA
305,5343,Kostüm Tasarımı,Siyaset Bilimi ve Kamu Yönetimi,3314,EA
305,5343,Kostüm Tasarımı,Uluslararası İlişkiler,3352,EA
305,6223,Kozmetik Teknolojisi,Çalışma Ekonomisi ve Endüstri İlişkileri,3141,EA
305,6223,Kozmetik Teknolojisi,Halkla İlişkiler ve Reklamcılık,5111,SÖZ
305,6223,Kozmetik Teknolojisi,Halkla İlişkiler ve Tanıtım,3198,SÖZ
305,6223,Kozmetik Teknolojisi,İktisat,3213,EA
305,6223,Kozmetik Teknolojisi,İşletme,3226,EA
305,6223,Kozmetik Teknolojisi,Kamu Yönetimi,3237,EA
305,6223,Kozmetik Teknolojisi,Maliye,3254,EA
305,6223,Kozmetik Teknolojisi,Siyaset Bilimi ve Kamu Yönetimi,3314,EA
305,6223,Kozmetik Teknolojisi,Uluslararası İlişkiler,3352,EA
305,5344,Kuaförlük,Çalışma Ekonomisi ve Endüstri İlişkileri,3141,EA
305,5344,Kuaförlük,Halkla İlişkiler ve Reklamcılık,5111,SÖZ
305,5344,Kuaförlük,Halkla İlişkiler ve Tanıtım,3198,SÖZ
305,5344,Kuaförlük,İktisat,3213,EA
305,5344,Kuaförlük,İşletme,3226,EA
305,5344,Kuaförlük,Kamu Yönetimi,3237,EA
305,5344,Kuaförlük,Maliye,3254,EA
305,5344,Kuaförlük,Siyaset Bilimi ve Kamu Yönetimi,3314,EA
305,5344,Kuaförlük,Uluslararası İlişkiler,3352,EA
305,9278,Kuruyemiş Üretimi ve Teknolojisi,Çalışma Ekonomisi ve Endüstri İlişkileri,3141,EA
305,9278,Kuruyemiş Üretimi ve Teknolojisi,Halkla İlişkiler ve Reklamcılık,5111,SÖZ
305,9278,Kuruyemiş Üretimi ve Teknolojisi,Halkla İlişkiler ve Tanıtım,3198,SÖZ
305,9278,Kuruyemiş Üretimi ve Teknolojisi,İktisat,3213,EA
305,9278,Kuruyemiş Üretimi ve Teknolojisi,İşletme,3226,EA
305,9278,Kuruyemiş Üretimi ve Teknolojisi,Kamu Yönetimi,3237,EA
305,9278,Kuruyemiş Üretimi ve Teknolojisi,Maliye,3254,EA
305,9278,Kuruyemiş Üretimi ve Teknolojisi,Siyaset Bilimi ve Kamu Yönetimi,3314,EA
305,9278,Kuruyemiş Üretimi ve Teknolojisi,Uluslararası İlişkiler,3352,EA
305,1224,Kuyumculuk ve Takı Tasarımı,Çalışma Ekonomisi ve Endüstri İlişkileri,3141,EA
305,1224,Kuyumculuk ve Takı Tasarımı,Halkla İlişkiler ve Reklamcılık,5111,SÖZ
305,1224,Kuyumculuk ve Takı Tasarımı,Halkla İlişkiler ve Tanıtım,3198,SÖZ
305,1224,Kuyumculuk ve Takı Tasarımı,İktisat,3213,EA
305,1224,Kuyumculuk ve Takı Tasarımı,İşletme,3226,EA
305,1224,Kuyumculuk ve Takı Tasarımı,Kamu Yönetimi,3237,EA
305,1224,Kuyumculuk ve Takı Tasarımı,Maliye,3254,EA
305,1224,Kuyumculuk ve Takı Tasarımı,Siyaset Bilimi ve Kamu Yönetimi,3314,EA
305,1224,Kuyumculuk ve Takı Tasarımı,Uluslararası İlişkiler,3352,EA
305,9438,Kültür Balıkçılığı,Çalışma Ekonomisi ve Endüstri İlişkileri,3141,EA
305,9438,Kültür Balıkçılığı,Halkla İlişkiler ve Reklamcılık,5111,SÖZ
305,9438,Kültür Balıkçılığı,Halkla İlişkiler ve Tanıtım,3198,SÖZ
305,9438,Kültür Balıkçılığı,İktisat,3213,EA
305,9438,Kültür Balıkçılığı,İşletme,3226,EA
305,9438,Kültür Balıkçılığı,Kamu Yönetimi,3237,EA
305,9438,Kültür Balıkçılığı,Maliye,3254,EA
305,9438,Kültür Balıkçılığı,Siyaset Bilimi ve Kamu Yönetimi,3314,EA
305,9438,Kültür Balıkçılığı,Uluslararası İlişkiler,3352,EA
305,9060,Kümes Hayvanları Yetiştiriciliği,Çalışma Ekonomisi ve Endüstri İlişkileri,3141,EA
305,9060,Kümes Hayvanları Yetiştiriciliği,Halkla İlişkiler ve Reklamcılık,5111,SÖZ
305,9060,Kümes Hayvanları Yetiştiriciliği,Halkla İlişkiler ve Tanıtım,3198,SÖZ
305,9060,Kümes Hayvanları Yetiştiriciliği,İktisat,3213,EA
305,9060,Kümes Hayvanları Yetiştiriciliği,İşletme,3226,EA
305,9060,Kümes Hayvanları Yetiştiriciliği,Kamu Yönetimi,3237,EA
305,9060,Kümes Hayvanları Yetiştiriciliği,Maliye,3254,EA
305,9060,Kümes Hayvanları Yetiştiriciliği,Siyaset Bilimi ve Kamu Yönetimi,3314,EA
305,9060,Kümes Hayvanları Yetiştiriciliği,Uluslararası İlişkiler,3352,EA
305,1225,Laboratuvar,Çalışma Ekonomisi ve Endüstri İlişkileri,3141,EA
305,1225,Laboratuvar,Halkla İlişkiler ve Reklamcılık,5111,SÖZ
305,1225,Laboratuvar,Halkla İlişkiler ve Tanıtım,3198,SÖZ
305,1225,Laboratuvar,İktisat,3213,EA
305,1225,Laboratuvar,İşletme,3226,EA
305,1225,Laboratuvar,Kamu Yönetimi,3237,EA
305,1225,Laboratuvar,Maliye,3254,EA
305,1225,Laboratuvar,Siyaset Bilimi ve Kamu Yönetimi,3314,EA
305,1225,Laboratuvar,Uluslararası İlişkiler,3352,EA
305,9042,Laboratuvar Teknolojisi,Çalışma Ekonomisi ve Endüstri İlişkileri,3141,EA
305,9042,Laboratuvar Teknolojisi,Halkla İlişkiler ve Reklamcılık,5111,SÖZ
305,9042,Laboratuvar Teknolojisi,Halkla İlişkiler ve Tanıtım,3198,SÖZ
305,9042,Laboratuvar Teknolojisi,İktisat,3213,EA
305,9042,Laboratuvar Teknolojisi,İşletme,3226,EA
305,9042,Laboratuvar Teknolojisi,Kamu Yönetimi,3237,EA
305,9042,Laboratuvar Teknolojisi,Maliye,3254,EA
305,9042,Laboratuvar Teknolojisi,Siyaset Bilimi ve Kamu Yönetimi,3314,EA
305,9042,Laboratuvar Teknolojisi,Uluslararası İlişkiler,3352,EA
305,8543,Lastik / Lastik Endüstrisi,Çalışma Ekonomisi ve Endüstri İlişkileri,3141,EA
305,8543,Lastik / Lastik Endüstrisi,Halkla İlişkiler ve Reklamcılık,5111,SÖZ
305,8543,Lastik / Lastik Endüstrisi,Halkla İlişkiler ve Tanıtım,3198,SÖZ
305,8543,Lastik / Lastik Endüstrisi,İktisat,3213,EA
305,8543,Lastik / Lastik Endüstrisi,İşletme,3226,EA
305,8543,Lastik / Lastik Endüstrisi,Kamu Yönetimi,3237,EA
305,8543,Lastik / Lastik Endüstrisi,Maliye,3254,EA
305,8543,Lastik / Lastik Endüstrisi,Siyaset Bilimi ve Kamu Yönetimi,3314,EA
305,8543,Lastik / Lastik Endüstrisi,Uluslararası İlişkiler,3352,EA
305,1226,Lastik Teknolojisi,Çalışma Ekonomisi ve Endüstri İlişkileri,3141,EA
305,1226,Lastik Teknolojisi,Halkla İlişkiler ve Reklamcılık,5111,SÖZ
305,1226,Lastik Teknolojisi,Halkla İlişkiler ve Tanıtım,3198,SÖZ
305,1226,Lastik Teknolojisi,İktisat,3213,EA
305,1226,Lastik Teknolojisi,İşletme,3226,EA
305,1226,Lastik Teknolojisi,Kamu Yönetimi,3237,EA
305,1226,Lastik Teknolojisi,Maliye,3254,EA
305,1226,Lastik Teknolojisi,Siyaset Bilimi ve Kamu Yönetimi,3314,EA
305,1226,Lastik Teknolojisi,Uluslararası İlişkiler,3352,EA
305,8609,Lastik ve Plastik Teknolojisi,Çalışma Ekonomisi ve Endüstri İlişkileri,3141,EA
305,8609,Lastik ve Plastik Teknolojisi,Halkla İlişkiler ve Reklamcılık,5111,SÖZ
305,8609,Lastik ve Plastik Teknolojisi,Halkla İlişkiler ve Tanıtım,3198,SÖZ
305,8609,Lastik ve Plastik Teknolojisi,İktisat,3213,EA
305,8609,Lastik ve Plastik Teknolojisi,İşletme,3226,EA
305,8609,Lastik ve Plastik Teknolojisi,Kamu Yönetimi,3237,EA
305,8609,Lastik ve Plastik Teknolojisi,Maliye,3254,EA
305,8609,Lastik ve Plastik Teknolojisi,Siyaset Bilimi ve Kamu Yönetimi,3314,EA
305,8609,Lastik ve Plastik Teknolojisi,Uluslararası İlişkiler,3352,EA
305,1227,Lastik-Plastik,Çalışma Ekonomisi ve Endüstri İlişkileri,3141,EA
305,1227,Lastik-Plastik,Halkla İlişkiler ve Reklamcılık,5111,SÖZ
305,1227,Lastik-Plastik,Halkla İlişkiler ve Tanıtım,3198,SÖZ
305,1227,Lastik-Plastik,İktisat,3213,EA
305,1227,Lastik-Plastik,İşletme,3226,EA
305,1227,Lastik-Plastik,Kamu Yönetimi,3237,EA
305,1227,Lastik-Plastik,Maliye,3254,EA
305,1227,Lastik-Plastik,Siyaset Bilimi ve Kamu Yönetimi,3314,EA
305,1227,Lastik-Plastik,Uluslararası İlişkiler,3352,EA
305,1228,Maden,Çalışma Ekonomisi ve Endüstri İlişkileri,3141,EA
305,1228,Maden,Halkla İlişkiler ve Reklamcılık,5111,SÖZ
305,1228,Maden,Halkla İlişkiler ve Tanıtım,3198,SÖZ
305,1228,Maden,İktisat,3213,EA
305,1228,Maden,İşletme,3226,EA
305,1228,Maden,Kamu Yönetimi,3237,EA
305,1228,Maden,Maliye,3254,EA
305,1228,Maden,Siyaset Bilimi ve Kamu Yönetimi,3314,EA
305,1228,Maden,Uluslararası İlişkiler,3352,EA
305,9030,Maden Teknolojisi,Çalışma Ekonomisi ve Endüstri İlişkileri,3141,EA
305,9030,Maden Teknolojisi,Halkla İlişkiler ve Reklamcılık,5111,SÖZ
305,9030,Maden Teknolojisi,Halkla İlişkiler ve Tanıtım,3198,SÖZ
305,9030,Maden Teknolojisi,İktisat,3213,EA
305,9030,Maden Teknolojisi,İşletme,3226,EA
305,9030,Maden Teknolojisi,Kamu Yönetimi,3237,EA
305,9030,Maden Teknolojisi,Maliye,3254,EA
305,9030,Maden Teknolojisi,Siyaset Bilimi ve Kamu Yönetimi,3314,EA
305,9030,Maden Teknolojisi,Uluslararası İlişkiler,3352,EA
305,5347,Maden ve Cevher Hazırlama,Çalışma Ekonomisi ve Endüstri İlişkileri,3141,EA
305,5347,Maden ve Cevher Hazırlama,Halkla İlişkiler ve Reklamcılık,5111,SÖZ
305,5347,Maden ve Cevher Hazırlama,Halkla İlişkiler ve Tanıtım,3198,SÖZ
305,5347,Maden ve Cevher Hazırlama,İktisat,3213,EA
305,5347,Maden ve Cevher Hazırlama,İşletme,3226,EA
305,5347,Maden ve Cevher Hazırlama,Kamu Yönetimi,3237,EA
305,5347,Maden ve Cevher Hazırlama,Maliye,3254,EA
305,5347,Maden ve Cevher Hazırlama,Siyaset Bilimi ve Kamu Yönetimi,3314,EA
305,5347,Maden ve Cevher Hazırlama,Uluslararası İlişkiler,3352,EA
305,1373,Madencilik Teknolojisi,Çalışma Ekonomisi ve Endüstri İlişkileri,3141,EA
305,1373,Madencilik Teknolojisi,Halkla İlişkiler ve Reklamcılık,5111,SÖZ
305,1373,Madencilik Teknolojisi,Halkla İlişkiler ve Tanıtım,3198,SÖZ
305,1373,Madencilik Teknolojisi,İktisat,3213,EA
305,1373,Madencilik Teknolojisi,İşletme,3226,EA
305,1373,Madencilik Teknolojisi,Kamu Yönetimi,3237,EA
305,1373,Madencilik Teknolojisi,Maliye,3254,EA
305,1373,Madencilik Teknolojisi,Siyaset Bilimi ve Kamu Yönetimi,3314,EA
305,1373,Madencilik Teknolojisi,Uluslararası İlişkiler,3352,EA
305,1232,Makine,Çalışma Ekonomisi ve Endüstri İlişkileri,3141,EA
305,1232,Makine,Halkla İlişkiler ve Reklamcılık,5111,SÖZ
305,1232,Makine,Halkla İlişkiler ve Tanıtım,3198,SÖZ
305,1232,Makine,İktisat,3213,EA
305,1232,Makine,İşletme,3226,EA
305,1232,Makine,Kamu Yönetimi,3237,EA
305,1232,Makine,Maliye,3254,EA
305,1232,Makine,Siyaset Bilimi ve Kamu Yönetimi,3314,EA
305,1232,Makine,Uluslararası İlişkiler,3352,EA
305,9496,Makine Motor,Çalışma Ekonomisi ve Endüstri İlişkileri,3141,EA
305,9496,Makine Motor,Halkla İlişkiler ve Reklamcılık,5111,SÖZ
305,9496,Makine Motor,Halkla İlişkiler ve Tanıtım,3198,SÖZ
305,9496,Makine Motor,İktisat,3213,EA
305,9496,Makine Motor,İşletme,3226,EA
305,9496,Makine Motor,Kamu Yönetimi,3237,EA
305,9496,Makine Motor,Maliye,3254,EA
305,9496,Makine Motor,Siyaset Bilimi ve Kamu Yönetimi,3314,EA
305,9496,Makine Motor,Uluslararası İlişkiler,3352,EA
305,1374,Makine Resim ve Konstrüksiyonu,Çalışma Ekonomisi ve Endüstri İlişkileri,3141,EA
305,1374,Makine Resim ve Konstrüksiyonu,Halkla İlişkiler ve Reklamcılık,5111,SÖZ
305,1374,Makine Resim ve Konstrüksiyonu,Halkla İlişkiler ve Tanıtım,3198,SÖZ
305,1374,Makine Resim ve Konstrüksiyonu,İktisat,3213,EA
305,1374,Makine Resim ve Konstrüksiyonu,İşletme,3226,EA
305,1374,Makine Resim ve Konstrüksiyonu,Kamu Yönetimi,3237,EA
305,1374,Makine Resim ve Konstrüksiyonu,Maliye,3254,EA
305,1374,Makine Resim ve Konstrüksiyonu,Siyaset Bilimi ve Kamu Yönetimi,3314,EA
305,1374,Makine Resim ve Konstrüksiyonu,Uluslararası İlişkiler,3352,EA
306,1233,Makine Yağları ve Yağlama Teknolojisi,Çalışma Ekonomisi ve Endüstri İlişkileri,3141,EA
306,1233,Makine Yağları ve Yağlama Teknolojisi,Halkla İlişkiler ve Reklamcılık,5111,SÖZ
306,1233,Makine Yağları ve Yağlama Teknolojisi,Halkla İlişkiler ve Tanıtım,3198,SÖZ
306,1233,Makine Yağları ve Yağlama Teknolojisi,İktisat,3213,EA
306,1233,Makine Yağları ve Yağlama Teknolojisi,İşletme,3226,EA
306,1233,Makine Yağları ve Yağlama Teknolojisi,Kamu Yönetimi,3237,EA
306,1233,Makine Yağları ve Yağlama Teknolojisi,Maliye,3254,EA
306,1233,Makine Yağları ve Yağlama Teknolojisi,Siyaset Bilimi ve Kamu Yönetimi,3314,EA
306,1233,Makine Yağları ve Yağlama Teknolojisi,Uluslararası İlişkiler,3352,EA
306,1234,"Makine-Resim Konstrüksiyon / Makine, Resim ve Konstrüksiyon",Çalışma Ekonomisi ve Endüstri İlişkileri,3141,EA
306,1234,"Makine-Resim Konstrüksiyon / Makine, Resim ve Konstrüksiyon",Halkla İlişkiler ve Reklamcılık,5111,SÖZ
306,1234,"Makine-Resim Konstrüksiyon / Makine, Resim ve Konstrüksiyon",Halkla İlişkiler ve Tanıtım,3198,SÖZ
306,1234,"Makine-Resim Konstrüksiyon / Makine, Resim ve Konstrüksiyon",İktisat,3213,EA
306,1234,"Makine-Resim Konstrüksiyon / Makine, Resim ve Konstrüksiyon",İşletme,3226,EA
306,1234,"Makine-Resim Konstrüksiyon / Makine, Resim ve Konstrüksiyon",Kamu Yönetimi,3237,EA
306,1234,"Makine-Resim Konstrüksiyon / Makine, Resim ve Konstrüksiyon",Maliye,3254,EA
306,1234,"Makine-Resim Konstrüksiyon / Makine, Resim ve Konstrüksiyon",Siyaset Bilimi ve Kamu Yönetimi,3314,EA
306,1234,"Makine-Resim Konstrüksiyon / Makine, Resim ve Konstrüksiyon",Uluslararası İlişkiler,3352,EA
306,1236,Mantarcılık,Çalışma Ekonomisi ve Endüstri İlişkileri,3141,EA
306,1236,Mantarcılık,Halkla İlişkiler ve Reklamcılık,5111,SÖZ
306,1236,Mantarcılık,Halkla İlişkiler ve Tanıtım,3198,SÖZ
306,1236,Mantarcılık,İktisat,3213,EA
306,1236,Mantarcılık,İşletme,3226,EA
306,1236,Mantarcılık,Kamu Yönetimi,3237,EA
306,1236,Mantarcılık,Maliye,3254,EA
306,1236,Mantarcılık,Siyaset Bilimi ve Kamu Yönetimi,3314,EA
306,1236,Mantarcılık,Uluslararası İlişkiler,3352,EA
306,4319,Medikal Bakım,Çalışma Ekonomisi ve Endüstri İlişkileri,3141,EA
306,4319,Medikal Bakım,Halkla İlişkiler ve Reklamcılık,5111,SÖZ
306,4319,Medikal Bakım,Halkla İlişkiler ve Tanıtım,3198,SÖZ
306,4319,Medikal Bakım,İktisat,3213,EA
306,4319,Medikal Bakım,İşletme,3226,EA
306,4319,Medikal Bakım,Kamu Yönetimi,3237,EA
306,4319,Medikal Bakım,Maliye,3254,EA
306,4319,Medikal Bakım,Siyaset Bilimi ve Kamu Yönetimi,3314,EA
306,4319,Medikal Bakım,Uluslararası İlişkiler,3352,EA
306,6238,Mekatronik,Çalışma Ekonomisi ve Endüstri İlişkileri,3141,EA
306,6238,Mekatronik,Halkla İlişkiler ve Reklamcılık,5111,SÖZ
306,6238,Mekatronik,Halkla İlişkiler ve Tanıtım,3198,SÖZ
306,6238,Mekatronik,İktisat,3213,EA
306,6238,Mekatronik,İşletme,3226,EA
306,6238,Mekatronik,Kamu Yönetimi,3237,EA
306,6238,Mekatronik,Maliye,3254,EA
306,6238,Mekatronik,Siyaset Bilimi ve Kamu Yönetimi,3314,EA
306,6238,Mekatronik,Uluslararası İlişkiler,3352,EA
306,9553,Mekatronik Teknolojisi,Çalışma Ekonomisi ve Endüstri İlişkileri,3141,EA
306,9553,Mekatronik Teknolojisi,Halkla İlişkiler ve Reklamcılık,5111,SÖZ
306,9553,Mekatronik Teknolojisi,Halkla İlişkiler ve Tanıtım,3198,SÖZ
306,9553,Mekatronik Teknolojisi,İktisat,3213,EA
306,9553,Mekatronik Teknolojisi,İşletme,3226,EA
306,9553,Mekatronik Teknolojisi,Kamu Yönetimi,3237,EA
306,9553,Mekatronik Teknolojisi,Maliye,3254,EA
306,9553,Mekatronik Teknolojisi,Siyaset Bilimi ve Kamu Yönetimi,3314,EA
306,9553,Mekatronik Teknolojisi,Uluslararası İlişkiler,3352,EA
306,1239,Mermer Teknolojisi,Çalışma Ekonomisi ve Endüstri İlişkileri,3141,EA
306,1239,Mermer Teknolojisi,Halkla İlişkiler ve Reklamcılık,5111,SÖZ
306,1239,Mermer Teknolojisi,Halkla İlişkiler ve Tanıtım,3198,SÖZ
306,1239,Mermer Teknolojisi,İktisat,3213,EA
306,1239,Mermer Teknolojisi,İşletme,3226,EA
306,1239,Mermer Teknolojisi,Kamu Yönetimi,3237,EA
306,1239,Mermer Teknolojisi,Maliye,3254,EA
306,1239,Mermer Teknolojisi,Siyaset Bilimi ve Kamu Yönetimi,3314,EA
306,1239,Mermer Teknolojisi,Uluslararası İlişkiler,3352,EA
306,1240,Mermercilik,Çalışma Ekonomisi ve Endüstri İlişkileri,3141,EA
306,1240,Mermercilik,Halkla İlişkiler ve Reklamcılık,5111,SÖZ
306,1240,Mermercilik,Halkla İlişkiler ve Tanıtım,3198,SÖZ
306,1240,Mermercilik,İktisat,3213,EA
306,1240,Mermercilik,İşletme,3226,EA
306,1240,Mermercilik,Kamu Yönetimi,3237,EA
306,1240,Mermercilik,Maliye,3254,EA
306,1240,Mermercilik,Siyaset Bilimi ve Kamu Yönetimi,3314,EA
306,1240,Mermercilik,Uluslararası İlişkiler,3352,EA
306,1241,Metal İşleri,Çalışma Ekonomisi ve Endüstri İlişkileri,3141,EA
306,1241,Metal İşleri,Halkla İlişkiler ve Reklamcılık,5111,SÖZ
306,1241,Metal İşleri,Halkla İlişkiler ve Tanıtım,3198,SÖZ
306,1241,Metal İşleri,İktisat,3213,EA
306,1241,Metal İşleri,İşletme,3226,EA
306,1241,Metal İşleri,Kamu Yönetimi,3237,EA
306,1241,Metal İşleri,Maliye,3254,EA
306,1241,Metal İşleri,Siyaset Bilimi ve Kamu Yönetimi,3314,EA
306,1241,Metal İşleri,Uluslararası İlişkiler,3352,EA
306,1242,Metalografi ve Malzeme Muayenesi,Çalışma Ekonomisi ve Endüstri İlişkileri,3141,EA
306,1242,Metalografi ve Malzeme Muayenesi,Halkla İlişkiler ve Reklamcılık,5111,SÖZ
306,1242,Metalografi ve Malzeme Muayenesi,Halkla İlişkiler ve Tanıtım,3198,SÖZ
306,1242,Metalografi ve Malzeme Muayenesi,İktisat,3213,EA
306,1242,Metalografi ve Malzeme Muayenesi,İşletme,3226,EA
306,1242,Metalografi ve Malzeme Muayenesi,Kamu Yönetimi,3237,EA
306,1242,Metalografi ve Malzeme Muayenesi,Maliye,3254,EA
306,1242,Metalografi ve Malzeme Muayenesi,Siyaset Bilimi ve Kamu Yönetimi,3314,EA
306,1242,Metalografi ve Malzeme Muayenesi,Uluslararası İlişkiler,3352,EA
306,9092,Metalurji,Çalışma Ekonomisi ve Endüstri İlişkileri,3141,EA
306,9092,Metalurji,Halkla İlişkiler ve Reklamcılık,5111,SÖZ
306,9092,Metalurji,Halkla İlişkiler ve Tanıtım,3198,SÖZ
306,9092,Metalurji,İktisat,3213,EA
306,9092,Metalurji,İşletme,3226,EA
306,9092,Metalurji,Kamu Yönetimi,3237,EA
306,9092,Metalurji,Maliye,3254,EA
306,9092,Metalurji,Siyaset Bilimi ve Kamu Yönetimi,3314,EA
306,9092,Metalurji,Uluslararası İlişkiler,3352,EA
306,1243,Metalurji Malzeme,Çalışma Ekonomisi ve Endüstri İlişkileri,3141,EA
306,1243,Metalurji Malzeme,Halkla İlişkiler ve Reklamcılık,5111,SÖZ
306,1243,Metalurji Malzeme,Halkla İlişkiler ve Tanıtım,3198,SÖZ
306,1243,Metalurji Malzeme,İktisat,3213,EA
306,1243,Metalurji Malzeme,İşletme,3226,EA
306,1243,Metalurji Malzeme,Kamu Yönetimi,3237,EA
306,1243,Metalurji Malzeme,Maliye,3254,EA
306,1243,Metalurji Malzeme,Siyaset Bilimi ve Kamu Yönetimi,3314,EA
306,1243,Metalurji Malzeme,Uluslararası İlişkiler,3352,EA
306,9035,Meyve ve Sebze İşleme Teknolojisi,Çalışma Ekonomisi ve Endüstri İlişkileri,3141,EA
306,9035,Meyve ve Sebze İşleme Teknolojisi,Halkla İlişkiler ve Reklamcılık,5111,SÖZ
306,9035,Meyve ve Sebze İşleme Teknolojisi,Halkla İlişkiler ve Tanıtım,3198,SÖZ
306,9035,Meyve ve Sebze İşleme Teknolojisi,İktisat,3213,EA
306,9035,Meyve ve Sebze İşleme Teknolojisi,İşletme,3226,EA
306,9035,Meyve ve Sebze İşleme Teknolojisi,Kamu Yönetimi,3237,EA
306,9035,Meyve ve Sebze İşleme Teknolojisi,Maliye,3254,EA
306,9035,Meyve ve Sebze İşleme Teknolojisi,Siyaset Bilimi ve Kamu Yönetimi,3314,EA
306,9035,Meyve ve Sebze İşleme Teknolojisi,Uluslararası İlişkiler,3352,EA
306,6244,Meyve-Sebze İşleme,Çalışma Ekonomisi ve Endüstri İlişkileri,3141,EA
306,6244,Meyve-Sebze İşleme,Halkla İlişkiler ve Reklamcılık,5111,SÖZ
306,6244,Meyve-Sebze İşleme,Halkla İlişkiler ve Tanıtım,3198,SÖZ
306,6244,Meyve-Sebze İşleme,İktisat,3213,EA
306,6244,Meyve-Sebze İşleme,İşletme,3226,EA
306,6244,Meyve-Sebze İşleme,Kamu Yönetimi,3237,EA
306,6244,Meyve-Sebze İşleme,Maliye,3254,EA
306,6244,Meyve-Sebze İşleme,Siyaset Bilimi ve Kamu Yönetimi,3314,EA
306,6244,Meyve-Sebze İşleme,Uluslararası İlişkiler,3352,EA
306,9097,Mimari Dekorasyon,Çalışma Ekonomisi ve Endüstri İlişkileri,3141,EA
306,9097,Mimari Dekorasyon,Halkla İlişkiler ve Reklamcılık,5111,SÖZ
306,9097,Mimari Dekorasyon,Halkla İlişkiler ve Tanıtım,3198,SÖZ
306,9097,Mimari Dekorasyon,İktisat,3213,EA
306,9097,Mimari Dekorasyon,İşletme,3226,EA
306,9097,Mimari Dekorasyon,Kamu Yönetimi,3237,EA
306,9097,Mimari Dekorasyon,Maliye,3254,EA
306,9097,Mimari Dekorasyon,Siyaset Bilimi ve Kamu Yönetimi,3314,EA
306,9097,Mimari Dekorasyon,Uluslararası İlişkiler,3352,EA
306,8544,Mimari Dekoratif Sanatlar,Çalışma Ekonomisi ve Endüstri İlişkileri,3141,EA
306,8544,Mimari Dekoratif Sanatlar,Halkla İlişkiler ve Reklamcılık,5111,SÖZ
306,8544,Mimari Dekoratif Sanatlar,Halkla İlişkiler ve Tanıtım,3198,SÖZ
306,8544,Mimari Dekoratif Sanatlar,İktisat,3213,EA
306,8544,Mimari Dekoratif Sanatlar,İşletme,3226,EA
306,8544,Mimari Dekoratif Sanatlar,Kamu Yönetimi,3237,EA
306,8544,Mimari Dekoratif Sanatlar,Maliye,3254,EA
306,8544,Mimari Dekoratif Sanatlar,Siyaset Bilimi ve Kamu Yönetimi,3314,EA
306,8544,Mimari Dekoratif Sanatlar,Uluslararası İlişkiler,3352,EA
306,8613,Mimari Restorasyon,Çalışma Ekonomisi ve Endüstri İlişkileri,3141,EA
306,8613,Mimari Restorasyon,Halkla İlişkiler ve Reklamcılık,5111,SÖZ
306,8613,Mimari Restorasyon,Halkla İlişkiler ve Tanıtım,3198,SÖZ
306,8613,Mimari Restorasyon,İktisat,3213,EA
306,8613,Mimari Restorasyon,İşletme,3226,EA
306,8613,Mimari Restorasyon,Kamu Yönetimi,3237,EA
306,8613,Mimari Restorasyon,Maliye,3254,EA
306,8613,Mimari Restorasyon,Siyaset Bilimi ve Kamu Yönetimi,3314,EA
306,8613,Mimari Restorasyon,Uluslararası İlişkiler,3352,EA
306,9328,Mimarlık Teknolojisi,Çalışma Ekonomisi ve Endüstri İlişkileri,3141,EA
306,9328,Mimarlık Teknolojisi,Halkla İlişkiler ve Reklamcılık,5111,SÖZ
306,9328,Mimarlık Teknolojisi,Halkla İlişkiler ve Tanıtım,3198,SÖZ
306,9328,Mimarlık Teknolojisi,İktisat,3213,EA
306,9328,Mimarlık Teknolojisi,İşletme,3226,EA
306,9328,Mimarlık Teknolojisi,Kamu Yönetimi,3237,EA
306,9328,Mimarlık Teknolojisi,Maliye,3254,EA
306,9328,Mimarlık Teknolojisi,Siyaset Bilimi ve Kamu Yönetimi,3314,EA
306,9328,Mimarlık Teknolojisi,Uluslararası İlişkiler,3352,EA
306,1245,Mobilya ve Dekorasyon,Çalışma Ekonomisi ve Endüstri İlişkileri,3141,EA
306,1245,Mobilya ve Dekorasyon,Halkla İlişkiler ve Reklamcılık,5111,SÖZ
306,1245,Mobilya ve Dekorasyon,Halkla İlişkiler ve Tanıtım,3198,SÖZ
306,1245,Mobilya ve Dekorasyon,İktisat,3213,EA
306,1245,Mobilya ve Dekorasyon,İşletme,3226,EA
306,1245,Mobilya ve Dekorasyon,Kamu Yönetimi,3237,EA
306,1245,Mobilya ve Dekorasyon,Maliye,3254,EA
306,1245,Mobilya ve Dekorasyon,Siyaset Bilimi ve Kamu Yönetimi,3314,EA
306,1245,Mobilya ve Dekorasyon,Uluslararası İlişkiler,3352,EA
306,1246,Moda Tasarımı,Çalışma Ekonomisi ve Endüstri İlişkileri,3141,EA
306,1246,Moda Tasarımı,Halkla İlişkiler ve Reklamcılık,5111,SÖZ
306,1246,Moda Tasarımı,Halkla İlişkiler ve Tanıtım,3198,SÖZ
306,1246,Moda Tasarımı,İktisat,3213,EA
306,1246,Moda Tasarımı,İşletme,3226,EA
306,1246,Moda Tasarımı,Kamu Yönetimi,3237,EA
306,1246,Moda Tasarımı,Maliye,3254,EA
306,1246,Moda Tasarımı,Siyaset Bilimi ve Kamu Yönetimi,3314,EA
306,1246,Moda Tasarımı,Uluslararası İlişkiler,3352,EA
306,8615,Moda ve Tekstil Tasarımı,Çalışma Ekonomisi ve Endüstri İlişkileri,3141,EA
306,8615,Moda ve Tekstil Tasarımı,Halkla İlişkiler ve Reklamcılık,5111,SÖZ
306,8615,Moda ve Tekstil Tasarımı,Halkla İlişkiler ve Tanıtım,3198,SÖZ
306,8615,Moda ve Tekstil Tasarımı,İktisat,3213,EA
306,8615,Moda ve Tekstil Tasarımı,İşletme,3226,EA
306,8615,Moda ve Tekstil Tasarımı,Kamu Yönetimi,3237,EA
306,8615,Moda ve Tekstil Tasarımı,Maliye,3254,EA
306,8615,Moda ve Tekstil Tasarımı,Siyaset Bilimi ve Kamu Yönetimi,3314,EA
306,8615,Moda ve Tekstil Tasarımı,Uluslararası İlişkiler,3352,EA
306,9399,Moda Yönetimi,Çalışma Ekonomisi ve Endüstri İlişkileri,3141,EA
306,9399,Moda Yönetimi,Halkla İlişkiler ve Reklamcılık,5111,SÖZ
306,9399,Moda Yönetimi,Halkla İlişkiler ve Tanıtım,3198,SÖZ
306,9399,Moda Yönetimi,İktisat,3213,EA
306,9399,Moda Yönetimi,İşletme,3226,EA
306,9399,Moda Yönetimi,Kamu Yönetimi,3237,EA
306,9399,Moda Yönetimi,Maliye,3254,EA
306,9399,Moda Yönetimi,Siyaset Bilimi ve Kamu Yönetimi,3314,EA
306,9399,Moda Yönetimi,Uluslararası İlişkiler,3352,EA
306,1248,Moda-Konfeksiyon,Çalışma Ekonomisi ve Endüstri İlişkileri,3141,EA
306,1248,Moda-Konfeksiyon,Halkla İlişkiler ve Reklamcılık,5111,SÖZ
306,1248,Moda-Konfeksiyon,Halkla İlişkiler ve Tanıtım,3198,SÖZ
306,1248,Moda-Konfeksiyon,İktisat,3213,EA
306,1248,Moda-Konfeksiyon,İşletme,3226,EA
306,1248,Moda-Konfeksiyon,Kamu Yönetimi,3237,EA
306,1248,Moda-Konfeksiyon,Maliye,3254,EA
306,1248,Moda-Konfeksiyon,Siyaset Bilimi ve Kamu Yönetimi,3314,EA
306,1248,Moda-Konfeksiyon,Uluslararası İlişkiler,3352,EA
306,8545,Motor,Çalışma Ekonomisi ve Endüstri İlişkileri,3141,EA
306,8545,Motor,Halkla İlişkiler ve Reklamcılık,5111,SÖZ
306,8545,Motor,Halkla İlişkiler ve Tanıtım,3198,SÖZ
306,8545,Motor,İktisat,3213,EA
306,8545,Motor,İşletme,3226,EA
306,8545,Motor,Kamu Yönetimi,3237,EA
306,8545,Motor,Maliye,3254,EA
306,8545,Motor,Siyaset Bilimi ve Kamu Yönetimi,3314,EA
306,8545,Motor,Uluslararası İlişkiler,3352,EA
306,4320,Motorlu Araçlar Teknolojisi,Çalışma Ekonomisi ve Endüstri İlişkileri,3141,EA
306,4320,Motorlu Araçlar Teknolojisi,Halkla İlişkiler ve Reklamcılık,5111,SÖZ
306,4320,Motorlu Araçlar Teknolojisi,Halkla İlişkiler ve Tanıtım,3198,SÖZ
306,4320,Motorlu Araçlar Teknolojisi,İktisat,3213,EA
306,4320,Motorlu Araçlar Teknolojisi,İşletme,3226,EA
306,4320,Motorlu Araçlar Teknolojisi,Kamu Yönetimi,3237,EA
306,4320,Motorlu Araçlar Teknolojisi,Maliye,3254,EA
306,4320,Motorlu Araçlar Teknolojisi,Siyaset Bilimi ve Kamu Yönetimi,3314,EA
306,4320,Motorlu Araçlar Teknolojisi,Uluslararası İlişkiler,3352,EA
306,4321,Muhabere ve Elektronik Bilgi Sistemleri,Çalışma Ekonomisi ve Endüstri İlişkileri,3141,EA
306,4321,Muhabere ve Elektronik Bilgi Sistemleri,Halkla İlişkiler ve Reklamcılık,5111,SÖZ
306,4321,Muhabere ve Elektronik Bilgi Sistemleri,Halkla İlişkiler ve Tanıtım,3198,SÖZ
306,4321,Muhabere ve Elektronik Bilgi Sistemleri,İktisat,3213,EA
306,4321,Muhabere ve Elektronik Bilgi Sistemleri,İşletme,3226,EA
306,4321,Muhabere ve Elektronik Bilgi Sistemleri,Kamu Yönetimi,3237,EA
306,4321,Muhabere ve Elektronik Bilgi Sistemleri,Maliye,3254,EA
306,4321,Muhabere ve Elektronik Bilgi Sistemleri,Siyaset Bilimi ve Kamu Yönetimi,3314,EA
306,4321,Muhabere ve Elektronik Bilgi Sistemleri,Uluslararası İlişkiler,3352,EA
306,1250,Mutfak Yönetimi,Çalışma Ekonomisi ve Endüstri İlişkileri,3141,EA
306,1250,Mutfak Yönetimi,Halkla İlişkiler ve Reklamcılık,5111,SÖZ
306,1250,Mutfak Yönetimi,Halkla İlişkiler ve Tanıtım,3198,SÖZ
306,1250,Mutfak Yönetimi,İktisat,3213,EA
306,1250,Mutfak Yönetimi,İşletme,3226,EA
306,1250,Mutfak Yönetimi,Kamu Yönetimi,3237,EA
306,1250,Mutfak Yönetimi,Maliye,3254,EA
306,1250,Mutfak Yönetimi,Siyaset Bilimi ve Kamu Yönetimi,3314,EA
306,1250,Mutfak Yönetimi,Uluslararası İlişkiler,3352,EA
306,4323,Mühimmat ve Mühimmat Tahrip,Çalışma Ekonomisi ve Endüstri İlişkileri,3141,EA
306,4323,Mühimmat ve Mühimmat Tahrip,Halkla İlişkiler ve Reklamcılık,5111,SÖZ
306,4323,Mühimmat ve Mühimmat Tahrip,Halkla İlişkiler ve Tanıtım,3198,SÖZ
306,4323,Mühimmat ve Mühimmat Tahrip,İktisat,3213,EA
306,4323,Mühimmat ve Mühimmat Tahrip,İşletme,3226,EA
306,4323,Mühimmat ve Mühimmat Tahrip,Kamu Yönetimi,3237,EA
306,4323,Mühimmat ve Mühimmat Tahrip,Maliye,3254,EA
306,4323,Mühimmat ve Mühimmat Tahrip,Siyaset Bilimi ve Kamu Yönetimi,3314,EA
306,4323,Mühimmat ve Mühimmat Tahrip,Uluslararası İlişkiler,3352,EA
306,9476,Müzik,Çalışma Ekonomisi ve Endüstri İlişkileri,3141,EA
306,9476,Müzik,Halkla İlişkiler ve Reklamcılık,5111,SÖZ
306,9476,Müzik,Halkla İlişkiler ve Tanıtım,3198,SÖZ
306,9476,Müzik,İktisat,3213,EA
306,9476,Müzik,İşletme,3226,EA
306,9476,Müzik,Kamu Yönetimi,3237,EA
306,9476,Müzik,Maliye,3254,EA
306,9476,Müzik,Siyaset Bilimi ve Kamu Yönetimi,3314,EA
306,9476,Müzik,Uluslararası İlişkiler,3352,EA
306,9183,Müzik Aletleri Yapım ve Onarım,Çalışma Ekonomisi ve Endüstri İlişkileri,3141,EA
306,9183,Müzik Aletleri Yapım ve Onarım,Halkla İlişkiler ve Reklamcılık,5111,SÖZ
306,9183,Müzik Aletleri Yapım ve Onarım,Halkla İlişkiler ve Tanıtım,3198,SÖZ
306,9183,Müzik Aletleri Yapım ve Onarım,İktisat,3213,EA
306,9183,Müzik Aletleri Yapım ve Onarım,İşletme,3226,EA
306,9183,Müzik Aletleri Yapım ve Onarım,Kamu Yönetimi,3237,EA
306,9183,Müzik Aletleri Yapım ve Onarım,Maliye,3254,EA
306,9183,Müzik Aletleri Yapım ve Onarım,Siyaset Bilimi ve Kamu Yönetimi,3314,EA
306,9183,Müzik Aletleri Yapım ve Onarım,Uluslararası İlişkiler,3352,EA
306,5350,Nalbantlık,Çalışma Ekonomisi ve Endüstri İlişkileri,3141,EA
306,5350,Nalbantlık,Halkla İlişkiler ve Reklamcılık,5111,SÖZ
306,5350,Nalbantlık,Halkla İlişkiler ve Tanıtım,3198,SÖZ
306,5350,Nalbantlık,İktisat,3213,EA
306,5350,Nalbantlık,İşletme,3226,EA
306,5350,Nalbantlık,Kamu Yönetimi,3237,EA
306,5350,Nalbantlık,Maliye,3254,EA
306,5350,Nalbantlık,Siyaset Bilimi ve Kamu Yönetimi,3314,EA
306,5350,Nalbantlık,Uluslararası İlişkiler,3352,EA
306,9367,Nükleer Teknoloji ve Radyasyon Güvenliği,Çalışma Ekonomisi ve Endüstri İlişkileri,3141,EA
306,9367,Nükleer Teknoloji ve Radyasyon Güvenliği,Halkla İlişkiler ve Reklamcılık,5111,SÖZ
306,9367,Nükleer Teknoloji ve Radyasyon Güvenliği,Halkla İlişkiler ve Tanıtım,3198,SÖZ
306,9367,Nükleer Teknoloji ve Radyasyon Güvenliği,İktisat,3213,EA
306,9367,Nükleer Teknoloji ve Radyasyon Güvenliği,İşletme,3226,EA
306,9367,Nükleer Teknoloji ve Radyasyon Güvenliği,Kamu Yönetimi,3237,EA
306,9367,Nükleer Teknoloji ve Radyasyon Güvenliği,Maliye,3254,EA
306,9367,Nükleer Teknoloji ve Radyasyon Güvenliği,Siyaset Bilimi ve Kamu Yönetimi,3314,EA
306,9367,Nükleer Teknoloji ve Radyasyon Güvenliği,Uluslararası İlişkiler,3352,EA
306,8617,Odun Dışı Orman Ürünleri,Çalışma Ekonomisi ve Endüstri İlişkileri,3141,EA
306,8617,Odun Dışı Orman Ürünleri,Halkla İlişkiler ve Reklamcılık,5111,SÖZ
306,8617,Odun Dışı Orman Ürünleri,Halkla İlişkiler ve Tanıtım,3198,SÖZ
306,8617,Odun Dışı Orman Ürünleri,İktisat,3213,EA
306,8617,Odun Dışı Orman Ürünleri,İşletme,3226,EA
306,8617,Odun Dışı Orman Ürünleri,Kamu Yönetimi,3237,EA
306,8617,Odun Dışı Orman Ürünleri,Maliye,3254,EA
306,8617,Odun Dışı Orman Ürünleri,Siyaset Bilimi ve Kamu Yönetimi,3314,EA
306,8617,Odun Dışı Orman Ürünleri,Uluslararası İlişkiler,3352,EA
306,1506,OPTOELEKTRONİK VE ELEKTRO OPTİK TEKNOLOJİLERİ,Çalışma Ekonomisi ve Endüstri İlişkileri,3141,EA
306,1506,OPTOELEKTRONİK VE ELEKTRO OPTİK TEKNOLOJİLERİ,Halkla İlişkiler ve Reklamcılık,5111,SÖZ
306,1506,OPTOELEKTRONİK VE ELEKTRO OPTİK TEKNOLOJİLERİ,Halkla İlişkiler ve Tanıtım,3198,SÖZ
306,1506,OPTOELEKTRONİK VE ELEKTRO OPTİK TEKNOLOJİLERİ,İktisat,3213,EA
306,1506,OPTOELEKTRONİK VE ELEKTRO OPTİK TEKNOLOJİLERİ,İşletme,3226,EA
306,1506,OPTOELEKTRONİK VE ELEKTRO OPTİK TEKNOLOJİLERİ,Kamu Yönetimi,3237,EA
306,1506,OPTOELEKTRONİK VE ELEKTRO OPTİK TEKNOLOJİLERİ,Maliye,3254,EA
306,1506,OPTOELEKTRONİK VE ELEKTRO OPTİK TEKNOLOJİLERİ,Siyaset Bilimi ve Kamu Yönetimi,3314,EA
306,1506,OPTOELEKTRONİK VE ELEKTRO OPTİK TEKNOLOJİLERİ,Uluslararası İlişkiler,3352,EA
306,8547,Optometri,Çalışma Ekonomisi ve Endüstri İlişkileri,3141,EA
306,8547,Optometri,Halkla İlişkiler ve Reklamcılık,5111,SÖZ
306,8547,Optometri,Halkla İlişkiler ve Tanıtım,3198,SÖZ
306,8547,Optometri,İktisat,3213,EA
306,8547,Optometri,İşletme,3226,EA
306,8547,Optometri,Kamu Yönetimi,3237,EA
306,8547,Optometri,Maliye,3254,EA
306,8547,Optometri,Siyaset Bilimi ve Kamu Yönetimi,3314,EA
306,8547,Optometri,Uluslararası İlişkiler,3352,EA
306,5352,Organik Tarım,Çalışma Ekonomisi ve Endüstri İlişkileri,3141,EA
306,5352,Organik Tarım,Halkla İlişkiler ve Reklamcılık,5111,SÖZ
306,5352,Organik Tarım,Halkla İlişkiler ve Tanıtım,3198,SÖZ
306,5352,Organik Tarım,İktisat,3213,EA
306,5352,Organik Tarım,İşletme,3226,EA
306,5352,Organik Tarım,Kamu Yönetimi,3237,EA
306,5352,Organik Tarım,Maliye,3254,EA
306,5352,Organik Tarım,Siyaset Bilimi ve Kamu Yönetimi,3314,EA
306,5352,Organik Tarım,Uluslararası İlişkiler,3352,EA
306,1253,Orman İşletmeciliği,Çalışma Ekonomisi ve Endüstri İlişkileri,3141,EA
306,1253,Orman İşletmeciliği,Halkla İlişkiler ve Reklamcılık,5111,SÖZ
306,1253,Orman İşletmeciliği,Halkla İlişkiler ve Tanıtım,3198,SÖZ
306,1253,Orman İşletmeciliği,İktisat,3213,EA
306,1253,Orman İşletmeciliği,İşletme,3226,EA
306,1253,Orman İşletmeciliği,Kamu Yönetimi,3237,EA
306,1253,Orman İşletmeciliği,Maliye,3254,EA
306,1253,Orman İşletmeciliği,Siyaset Bilimi ve Kamu Yönetimi,3314,EA
306,1253,Orman İşletmeciliği,Uluslararası İlişkiler,3352,EA
306,8548,Orman Ürünleri,Çalışma Ekonomisi ve Endüstri İlişkileri,3141,EA
306,8548,Orman Ürünleri,Halkla İlişkiler ve Reklamcılık,5111,SÖZ
306,8548,Orman Ürünleri,Halkla İlişkiler ve Tanıtım,3198,SÖZ
306,8548,Orman Ürünleri,İktisat,3213,EA
306,8548,Orman Ürünleri,İşletme,3226,EA
306,8548,Orman Ürünleri,Kamu Yönetimi,3237,EA
306,8548,Orman Ürünleri,Maliye,3254,EA
306,8548,Orman Ürünleri,Siyaset Bilimi ve Kamu Yönetimi,3314,EA
306,8548,Orman Ürünleri,Uluslararası İlişkiler,3352,EA
306,8619,Ormancılık,Çalışma Ekonomisi ve Endüstri İlişkileri,3141,EA
306,8619,Ormancılık,Halkla İlişkiler ve Reklamcılık,5111,SÖZ
306,8619,Ormancılık,Halkla İlişkiler ve Tanıtım,3198,SÖZ
306,8619,Ormancılık,İktisat,3213,EA
306,8619,Ormancılık,İşletme,3226,EA
306,8619,Ormancılık,Kamu Yönetimi,3237,EA
306,8619,Ormancılık,Maliye,3254,EA
306,8619,Ormancılık,Siyaset Bilimi ve Kamu Yönetimi,3314,EA
306,8619,Ormancılık,Uluslararası İlişkiler,3352,EA
306,9071,Ormancılık ve Orman Ürünleri,Çalışma Ekonomisi ve Endüstri İlişkileri,3141,EA
306,9071,Ormancılık ve Orman Ürünleri,Halkla İlişkiler ve Reklamcılık,5111,SÖZ
306,9071,Ormancılık ve Orman Ürünleri,Halkla İlişkiler ve Tanıtım,3198,SÖZ
306,9071,Ormancılık ve Orman Ürünleri,İktisat,3213,EA
306,9071,Ormancılık ve Orman Ürünleri,İşletme,3226,EA
306,9071,Ormancılık ve Orman Ürünleri,Kamu Yönetimi,3237,EA
306,9071,Ormancılık ve Orman Ürünleri,Maliye,3254,EA
306,9071,Ormancılık ve Orman Ürünleri,Siyaset Bilimi ve Kamu Yönetimi,3314,EA
306,9071,Ormancılık ve Orman Ürünleri,Uluslararası İlişkiler,3352,EA
306,1256,Oto Boya Karoseri Doğrultma Teknikerliği,Çalışma Ekonomisi ve Endüstri İlişkileri,3141,EA
306,1256,Oto Boya Karoseri Doğrultma Teknikerliği,Halkla İlişkiler ve Reklamcılık,5111,SÖZ
306,1256,Oto Boya Karoseri Doğrultma Teknikerliği,Halkla İlişkiler ve Tanıtım,3198,SÖZ
306,1256,Oto Boya Karoseri Doğrultma Teknikerliği,İktisat,3213,EA
306,1256,Oto Boya Karoseri Doğrultma Teknikerliği,İşletme,3226,EA
306,1256,Oto Boya Karoseri Doğrultma Teknikerliği,Kamu Yönetimi,3237,EA
306,1256,Oto Boya Karoseri Doğrultma Teknikerliği,Maliye,3254,EA
306,1256,Oto Boya Karoseri Doğrultma Teknikerliği,Siyaset Bilimi ve Kamu Yönetimi,3314,EA
306,1256,Oto Boya Karoseri Doğrultma Teknikerliği,Uluslararası İlişkiler,3352,EA
306,9053,Oto Boya ve Karoseri,Çalışma Ekonomisi ve Endüstri İlişkileri,3141,EA
306,9053,Oto Boya ve Karoseri,Halkla İlişkiler ve Reklamcılık,5111,SÖZ
306,9053,Oto Boya ve Karoseri,Halkla İlişkiler ve Tanıtım,3198,SÖZ
306,9053,Oto Boya ve Karoseri,İktisat,3213,EA
306,9053,Oto Boya ve Karoseri,İşletme,3226,EA
306,9053,Oto Boya ve Karoseri,Kamu Yönetimi,3237,EA
306,9053,Oto Boya ve Karoseri,Maliye,3254,EA
306,9053,Oto Boya ve Karoseri,Siyaset Bilimi ve Kamu Yönetimi,3314,EA
306,9053,Oto Boya ve Karoseri,Uluslararası İlişkiler,3352,EA
306,1257,Oto Elektrik-Elektronik,Çalışma Ekonomisi ve Endüstri İlişkileri,3141,EA
306,1257,Oto Elektrik-Elektronik,Halkla İlişkiler ve Reklamcılık,5111,SÖZ
306,1257,Oto Elektrik-Elektronik,Halkla İlişkiler ve Tanıtım,3198,SÖZ
306,1257,Oto Elektrik-Elektronik,İktisat,3213,EA
306,1257,Oto Elektrik-Elektronik,İşletme,3226,EA
306,1257,Oto Elektrik-Elektronik,Kamu Yönetimi,3237,EA
306,1257,Oto Elektrik-Elektronik,Maliye,3254,EA
306,1257,Oto Elektrik-Elektronik,Siyaset Bilimi ve Kamu Yönetimi,3314,EA
306,1257,Oto Elektrik-Elektronik,Uluslararası İlişkiler,3352,EA
306,1258,Oto Motor Teknolojileri,Çalışma Ekonomisi ve Endüstri İlişkileri,3141,EA
306,1258,Oto Motor Teknolojileri,Halkla İlişkiler ve Reklamcılık,5111,SÖZ
306,1258,Oto Motor Teknolojileri,Halkla İlişkiler ve Tanıtım,3198,SÖZ
306,1258,Oto Motor Teknolojileri,İktisat,3213,EA
306,1258,Oto Motor Teknolojileri,İşletme,3226,EA
306,1258,Oto Motor Teknolojileri,Kamu Yönetimi,3237,EA
306,1258,Oto Motor Teknolojileri,Maliye,3254,EA
306,1258,Oto Motor Teknolojileri,Siyaset Bilimi ve Kamu Yönetimi,3314,EA
306,1258,Oto Motor Teknolojileri,Uluslararası İlişkiler,3352,EA
307,9012,Otobüs Kaptanlığı,Çalışma Ekonomisi ve Endüstri İlişkileri,3141,EA
307,9012,Otobüs Kaptanlığı,Halkla İlişkiler ve Reklamcılık,5111,SÖZ
307,9012,Otobüs Kaptanlığı,Halkla İlişkiler ve Tanıtım,3198,SÖZ
307,9012,Otobüs Kaptanlığı,İktisat,3213,EA
307,9012,Otobüs Kaptanlığı,İşletme,3226,EA
307,9012,Otobüs Kaptanlığı,Kamu Yönetimi,3237,EA
307,9012,Otobüs Kaptanlığı,Maliye,3254,EA
307,9012,Otobüs Kaptanlığı,Siyaset Bilimi ve Kamu Yönetimi,3314,EA
307,9012,Otobüs Kaptanlığı,Uluslararası İlişkiler Sistemler,3352,EA
307,1260,Otobüs Şoförlüğü (Kaptanlık) / Otobüs Şoförlüğü,Çalışma Ekonomisi ve Endüstri İlişkileri,3141,EA
307,1260,Otobüs Şoförlüğü (Kaptanlık) / Otobüs Şoförlüğü,Halkla İlişkiler ve Reklamcılık,5111,SÖZ
307,1260,Otobüs Şoförlüğü (Kaptanlık) / Otobüs Şoförlüğü,Halkla İlişkiler ve Tanıtım,3198,SÖZ
307,1260,Otobüs Şoförlüğü (Kaptanlık) / Otobüs Şoförlüğü,İktisat,3213,EA
307,1260,Otobüs Şoförlüğü (Kaptanlık) / Otobüs Şoförlüğü,İşletme,3226,EA
307,1260,Otobüs Şoförlüğü (Kaptanlık) / Otobüs Şoförlüğü,Kamu Yönetimi,3237,EA
307,1260,Otobüs Şoförlüğü (Kaptanlık) / Otobüs Şoförlüğü,Maliye,3254,EA
307,1260,Otobüs Şoförlüğü (Kaptanlık) / Otobüs Şoförlüğü,Siyaset Bilimi ve Kamu Yönetimi,3314,EA
307,1260,Otobüs Şoförlüğü (Kaptanlık) / Otobüs Şoförlüğü,Uluslararası İlişkiler Sistemler,3352,EA
307,8551,Otomasyon,Çalışma Ekonomisi ve Endüstri İlişkileri,3141,EA
307,8551,Otomasyon,Halkla İlişkiler ve Reklamcılık,5111,SÖZ
307,8551,Otomasyon,Halkla İlişkiler ve Tanıtım,3198,SÖZ
307,8551,Otomasyon,İktisat,3213,EA
307,8551,Otomasyon,İşletme,3226,EA
307,8551,Otomasyon,Kamu Yönetimi,3237,EA
307,8551,Otomasyon,Maliye,3254,EA
307,8551,Otomasyon,Siyaset Bilimi ve Kamu Yönetimi,3314,EA
307,8551,Otomasyon,Uluslararası İlişkiler Sistemler,3352,EA
307,8552,Otomotiv Endüstrisi,Çalışma Ekonomisi ve Endüstri İlişkileri,3141,EA
307,8552,Otomotiv Endüstrisi,Halkla İlişkiler ve Reklamcılık,5111,SÖZ
307,8552,Otomotiv Endüstrisi,Halkla İlişkiler ve Tanıtım,3198,SÖZ
307,8552,Otomotiv Endüstrisi,İktisat,3213,EA
307,8552,Otomotiv Endüstrisi,İşletme,3226,EA
307,8552,Otomotiv Endüstrisi,Kamu Yönetimi,3237,EA
307,8552,Otomotiv Endüstrisi,Maliye,3254,EA
307,8552,Otomotiv Endüstrisi,Siyaset Bilimi ve Kamu Yönetimi,3314,EA
307,8552,Otomotiv Endüstrisi,Uluslararası İlişkiler Sistemler,3352,EA
307,1432,Otomotiv Gövde ve Yüzey İşlem Teknolojileri,Çalışma Ekonomisi ve Endüstri İlişkileri,3141,EA
307,1432,Otomotiv Gövde ve Yüzey İşlem Teknolojileri,Halkla İlişkiler ve Reklamcılık,5111,SÖZ
307,1432,Otomotiv Gövde ve Yüzey İşlem Teknolojileri,Halkla İlişkiler ve Tanıtım,3198,SÖZ
307,1432,Otomotiv Gövde ve Yüzey İşlem Teknolojileri,İktisat,3213,EA
307,1432,Otomotiv Gövde ve Yüzey İşlem Teknolojileri,İşletme,3226,EA
307,1432,Otomotiv Gövde ve Yüzey İşlem Teknolojileri,Kamu Yönetimi,3237,EA
307,1432,Otomotiv Gövde ve Yüzey İşlem Teknolojileri,Maliye,3254,EA
307,1432,Otomotiv Gövde ve Yüzey İşlem Teknolojileri,Siyaset Bilimi ve Kamu Yönetimi,3314,EA
307,1432,Otomotiv Gövde ve Yüzey İşlem Teknolojileri,Uluslararası İlişkiler Sistemler,3352,EA
307,1262,Otomotiv Satış Sonrası Hizmet,Çalışma Ekonomisi ve Endüstri İlişkileri,3141,EA
307,1262,Otomotiv Satış Sonrası Hizmet,Halkla İlişkiler ve Reklamcılık,5111,SÖZ
307,1262,Otomotiv Satış Sonrası Hizmet,Halkla İlişkiler ve Tanıtım,3198,SÖZ
307,1262,Otomotiv Satış Sonrası Hizmet,İktisat,3213,EA
307,1262,Otomotiv Satış Sonrası Hizmet,İşletme,3226,EA
307,1262,Otomotiv Satış Sonrası Hizmet,Kamu Yönetimi,3237,EA
307,1262,Otomotiv Satış Sonrası Hizmet,Maliye,3254,EA
307,1262,Otomotiv Satış Sonrası Hizmet,Siyaset Bilimi ve Kamu Yönetimi,3314,EA
307,1262,Otomotiv Satış Sonrası Hizmet,Uluslararası İlişkiler Sistemler,3352,EA
307,9255,Otomotiv Tamir ve Bakım,Çalışma Ekonomisi ve Endüstri İlişkileri,3141,EA
307,9255,Otomotiv Tamir ve Bakım,Halkla İlişkiler ve Reklamcılık,5111,SÖZ
307,9255,Otomotiv Tamir ve Bakım,Halkla İlişkiler ve Tanıtım,3198,SÖZ
307,9255,Otomotiv Tamir ve Bakım,İktisat,3213,EA
307,9255,Otomotiv Tamir ve Bakım,İşletme,3226,EA
307,9255,Otomotiv Tamir ve Bakım,Kamu Yönetimi,3237,EA
307,9255,Otomotiv Tamir ve Bakım,Maliye,3254,EA
307,9255,Otomotiv Tamir ve Bakım,Siyaset Bilimi ve Kamu Yönetimi,3314,EA
307,9255,Otomotiv Tamir ve Bakım,Uluslararası İlişkiler Sistemler,3352,EA
307,1263,Otomotiv Tasarım ve İmalat,Çalışma Ekonomisi ve Endüstri İlişkileri,3141,EA
307,1263,Otomotiv Tasarım ve İmalat,Halkla İlişkiler ve Reklamcılık,5111,SÖZ
307,1263,Otomotiv Tasarım ve İmalat,Halkla İlişkiler ve Tanıtım,3198,SÖZ
307,1263,Otomotiv Tasarım ve İmalat,İktisat,3213,EA
307,1263,Otomotiv Tasarım ve İmalat,İşletme,3226,EA
307,1263,Otomotiv Tasarım ve İmalat,Kamu Yönetimi,3237,EA
307,1263,Otomotiv Tasarım ve İmalat,Maliye,3254,EA
307,1263,Otomotiv Tasarım ve İmalat,Siyaset Bilimi ve Kamu Yönetimi,3314,EA
307,1263,Otomotiv Tasarım ve İmalat,Uluslararası İlişkiler Sistemler,3352,EA
307,9043,Otomotiv Teknolojisi,Çalışma Ekonomisi ve Endüstri İlişkileri,3141,EA
307,9043,Otomotiv Teknolojisi,Halkla İlişkiler ve Reklamcılık,5111,SÖZ
307,9043,Otomotiv Teknolojisi,Halkla İlişkiler ve Tanıtım,3198,SÖZ
307,9043,Otomotiv Teknolojisi,İktisat,3213,EA
307,9043,Otomotiv Teknolojisi,İşletme,3226,EA
307,9043,Otomotiv Teknolojisi,Kamu Yönetimi,3237,EA
307,9043,Otomotiv Teknolojisi,Maliye,3254,EA
307,9043,Otomotiv Teknolojisi,Siyaset Bilimi ve Kamu Yönetimi,3314,EA
307,9043,Otomotiv Teknolojisi,Uluslararası İlişkiler Sistemler,3352,EA
307,1465,OTONOM SİSTEMLER TEKNİKERLİĞİ,Çalışma Ekonomisi ve Endüstri İlişkileri,3141,EA
307,1465,OTONOM SİSTEMLER TEKNİKERLİĞİ,Halkla İlişkiler ve Reklamcılık,5111,SÖZ
307,1465,OTONOM SİSTEMLER TEKNİKERLİĞİ,Halkla İlişkiler ve Tanıtım,3198,SÖZ
307,1465,OTONOM SİSTEMLER TEKNİKERLİĞİ,İktisat,3213,EA
307,1465,OTONOM SİSTEMLER TEKNİKERLİĞİ,İşletme,3226,EA
307,1465,OTONOM SİSTEMLER TEKNİKERLİĞİ,Kamu Yönetimi,3237,EA
307,1465,OTONOM SİSTEMLER TEKNİKERLİĞİ,Maliye,3254,EA
307,1465,OTONOM SİSTEMLER TEKNİKERLİĞİ,Siyaset Bilimi ve Kamu Yönetimi,3314,EA
307,1465,OTONOM SİSTEMLER TEKNİKERLİĞİ,Uluslararası İlişkiler Sistemler,3352,EA
307,1264,Örme,Çalışma Ekonomisi ve Endüstri İlişkileri,3141,EA
307,1264,Örme,Halkla İlişkiler ve Reklamcılık,5111,SÖZ
307,1264,Örme,Halkla İlişkiler ve Tanıtım,3198,SÖZ
307,1264,Örme,İktisat,3213,EA
307,1264,Örme,İşletme,3226,EA
307,1264,Örme,Kamu Yönetimi,3237,EA
307,1264,Örme,Maliye,3254,EA
307,1264,Örme,Siyaset Bilimi ve Kamu Yönetimi,3314,EA
307,1264,Örme,Uluslararası İlişkiler Sistemler,3352,EA
307,9240,Örme Teknolojisi,Çalışma Ekonomisi ve Endüstri İlişkileri,3141,EA
307,9240,Örme Teknolojisi,Halkla İlişkiler ve Reklamcılık,5111,SÖZ
307,9240,Örme Teknolojisi,Halkla İlişkiler ve Tanıtım,3198,SÖZ
307,9240,Örme Teknolojisi,İktisat,3213,EA
307,9240,Örme Teknolojisi,İşletme,3226,EA
307,9240,Örme Teknolojisi,Kamu Yönetimi,3237,EA
307,9240,Örme Teknolojisi,Maliye,3254,EA
307,9240,Örme Teknolojisi,Siyaset Bilimi ve Kamu Yönetimi,3314,EA
307,9240,Örme Teknolojisi,Uluslararası İlişkiler Sistemler,3352,EA
307,6265,Pamuk Eksperliği ve İplikçilik,Çalışma Ekonomisi ve Endüstri İlişkileri,3141,EA
307,6265,Pamuk Eksperliği ve İplikçilik,Halkla İlişkiler ve Reklamcılık,5111,SÖZ
307,6265,Pamuk Eksperliği ve İplikçilik,Halkla İlişkiler ve Tanıtım,3198,SÖZ
307,6265,Pamuk Eksperliği ve İplikçilik,İktisat,3213,EA
307,6265,Pamuk Eksperliği ve İplikçilik,İşletme,3226,EA
307,6265,Pamuk Eksperliği ve İplikçilik,Kamu Yönetimi,3237,EA
307,6265,Pamuk Eksperliği ve İplikçilik,Maliye,3254,EA
307,6265,Pamuk Eksperliği ve İplikçilik,Siyaset Bilimi ve Kamu Yönetimi,3314,EA
307,6265,Pamuk Eksperliği ve İplikçilik,Uluslararası İlişkiler Sistemler,3352,EA
307,5354,Pamuk Pazarlama ve İplikçilik,Çalışma Ekonomisi ve Endüstri İlişkileri,3141,EA
307,5354,Pamuk Pazarlama ve İplikçilik,Halkla İlişkiler ve Reklamcılık,5111,SÖZ
307,5354,Pamuk Pazarlama ve İplikçilik,Halkla İlişkiler ve Tanıtım,3198,SÖZ
307,5354,Pamuk Pazarlama ve İplikçilik,İktisat,3213,EA
307,5354,Pamuk Pazarlama ve İplikçilik,İşletme,3226,EA
307,5354,Pamuk Pazarlama ve İplikçilik,Kamu Yönetimi,3237,EA
307,5354,Pamuk Pazarlama ve İplikçilik,Maliye,3254,EA
307,5354,Pamuk Pazarlama ve İplikçilik,Siyaset Bilimi ve Kamu Yönetimi,3314,EA
307,5354,Pamuk Pazarlama ve İplikçilik,Uluslararası İlişkiler Sistemler,3352,EA
307,1266,Pancar Yetiştiriciliği ve Şeker Teknolojisi,Çalışma Ekonomisi ve Endüstri İlişkileri,3141,EA
307,1266,Pancar Yetiştiriciliği ve Şeker Teknolojisi,Halkla İlişkiler ve Reklamcılık,5111,SÖZ
307,1266,Pancar Yetiştiriciliği ve Şeker Teknolojisi,Halkla İlişkiler ve Tanıtım,3198,SÖZ
307,1266,Pancar Yetiştiriciliği ve Şeker Teknolojisi,İktisat,3213,EA
307,1266,Pancar Yetiştiriciliği ve Şeker Teknolojisi,İşletme,3226,EA
307,1266,Pancar Yetiştiriciliği ve Şeker Teknolojisi,Kamu Yönetimi,3237,EA
307,1266,Pancar Yetiştiriciliği ve Şeker Teknolojisi,Maliye,3254,EA
307,1266,Pancar Yetiştiriciliği ve Şeker Teknolojisi,Siyaset Bilimi ve Kamu Yönetimi,3314,EA
307,1266,Pancar Yetiştiriciliği ve Şeker Teknolojisi,Uluslararası İlişkiler Sistemler,3352,EA
307,1366,Pastacılık ve Ekmekçilik,Çalışma Ekonomisi ve Endüstri İlişkileri,3141,EA
307,1366,Pastacılık ve Ekmekçilik,Halkla İlişkiler ve Reklamcılık,5111,SÖZ
307,1366,Pastacılık ve Ekmekçilik,Halkla İlişkiler ve Tanıtım,3198,SÖZ
307,1366,Pastacılık ve Ekmekçilik,İktisat,3213,EA
307,1366,Pastacılık ve Ekmekçilik,İşletme,3226,EA
307,1366,Pastacılık ve Ekmekçilik,Kamu Yönetimi,3237,EA
307,1366,Pastacılık ve Ekmekçilik,Maliye,3254,EA
307,1366,Pastacılık ve Ekmekçilik,Siyaset Bilimi ve Kamu Yönetimi,3314,EA
307,1366,Pastacılık ve Ekmekçilik,Uluslararası İlişkiler Sistemler,3352,EA
307,5356,Perfüzyon,Çalışma Ekonomisi ve Endüstri İlişkileri,3141,EA
307,5356,Perfüzyon,Halkla İlişkiler ve Reklamcılık,5111,SÖZ
307,5356,Perfüzyon,Halkla İlişkiler ve Tanıtım,3198,SÖZ
307,5356,Perfüzyon,İktisat,3213,EA
307,5356,Perfüzyon,İşletme,3226,EA
307,5356,Perfüzyon,Kamu Yönetimi,3237,EA
307,5356,Perfüzyon,Maliye,3254,EA
307,5356,Perfüzyon,Siyaset Bilimi ve Kamu Yönetimi,3314,EA
307,5356,Perfüzyon,Uluslararası İlişkiler Sistemler,3352,EA
307,9201,Perfüzyon Teknikleri,Çalışma Ekonomisi ve Endüstri İlişkileri,3141,EA
307,9201,Perfüzyon Teknikleri,Halkla İlişkiler ve Reklamcılık,5111,SÖZ
307,9201,Perfüzyon Teknikleri,Halkla İlişkiler ve Tanıtım,3198,SÖZ
307,9201,Perfüzyon Teknikleri,İktisat,3213,EA
307,9201,Perfüzyon Teknikleri,İşletme,3226,EA
307,9201,Perfüzyon Teknikleri,Kamu Yönetimi,3237,EA
307,9201,Perfüzyon Teknikleri,Maliye,3254,EA
307,9201,Perfüzyon Teknikleri,Siyaset Bilimi ve Kamu Yönetimi,3314,EA
307,9201,Perfüzyon Teknikleri,Uluslararası İlişkiler Sistemler,3352,EA
307,4332,Personel,Çalışma Ekonomisi ve Endüstri İlişkileri,3141,EA
307,4332,Personel,Halkla İlişkiler ve Reklamcılık,5111,SÖZ
307,4332,Personel,Halkla İlişkiler ve Tanıtım,3198,SÖZ
307,4332,Personel,İktisat,3213,EA
307,4332,Personel,İşletme,3226,EA
307,4332,Personel,Kamu Yönetimi,3237,EA
307,4332,Personel,Maliye,3254,EA
307,4332,Personel,Siyaset Bilimi ve Kamu Yönetimi,3314,EA
307,4332,Personel,Uluslararası İlişkiler Sistemler,3352,EA
307,8554,Petrokimya,Çalışma Ekonomisi ve Endüstri İlişkileri,3141,EA
307,8554,Petrokimya,Halkla İlişkiler ve Reklamcılık,5111,SÖZ
307,8554,Petrokimya,Halkla İlişkiler ve Tanıtım,3198,SÖZ
307,8554,Petrokimya,İktisat,3213,EA
307,8554,Petrokimya,İşletme,3226,EA
307,8554,Petrokimya,Kamu Yönetimi,3237,EA
307,8554,Petrokimya,Maliye,3254,EA
307,8554,Petrokimya,Siyaset Bilimi ve Kamu Yönetimi,3314,EA
307,8554,Petrokimya,Uluslararası İlişkiler Sistemler,3352,EA
307,9373,Petrol Arama,Çalışma Ekonomisi ve Endüstri İlişkileri,3141,EA
307,9373,Petrol Arama,Halkla İlişkiler ve Reklamcılık,5111,SÖZ
307,9373,Petrol Arama,Halkla İlişkiler ve Tanıtım,3198,SÖZ
307,9373,Petrol Arama,İktisat,3213,EA
307,9373,Petrol Arama,İşletme,3226,EA
307,9373,Petrol Arama,Kamu Yönetimi,3237,EA
307,9373,Petrol Arama,Maliye,3254,EA
307,9373,Petrol Arama,Siyaset Bilimi ve Kamu Yönetimi,3314,EA
307,9373,Petrol Arama,Uluslararası İlişkiler Sistemler,3352,EA
307,1272,Petrol Sondajı ve Üretimi,Çalışma Ekonomisi ve Endüstri İlişkileri,3141,EA
307,1272,Petrol Sondajı ve Üretimi,Halkla İlişkiler ve Reklamcılık,5111,SÖZ
307,1272,Petrol Sondajı ve Üretimi,Halkla İlişkiler ve Tanıtım,3198,SÖZ
307,1272,Petrol Sondajı ve Üretimi,İktisat,3213,EA
307,1272,Petrol Sondajı ve Üretimi,İşletme,3226,EA
307,1272,Petrol Sondajı ve Üretimi,Kamu Yönetimi,3237,EA
307,1272,Petrol Sondajı ve Üretimi,Maliye,3254,EA
307,1272,Petrol Sondajı ve Üretimi,Siyaset Bilimi ve Kamu Yönetimi,3314,EA
307,1272,Petrol Sondajı ve Üretimi,Uluslararası İlişkiler Sistemler,3352,EA
307,1273,Peyzaj,Çalışma Ekonomisi ve Endüstri İlişkileri,3141,EA
307,1273,Peyzaj,Halkla İlişkiler ve Reklamcılık,5111,SÖZ
307,1273,Peyzaj,Halkla İlişkiler ve Tanıtım,3198,SÖZ
307,1273,Peyzaj,İktisat,3213,EA
307,1273,Peyzaj,İşletme,3226,EA
307,1273,Peyzaj,Kamu Yönetimi,3237,EA
307,1273,Peyzaj,Maliye,3254,EA
307,1273,Peyzaj,Siyaset Bilimi ve Kamu Yönetimi,3314,EA
307,1273,Peyzaj,Uluslararası İlişkiler Sistemler,3352,EA
307,1274,Peyzaj Uygulama ve Süs Bitkileri,Çalışma Ekonomisi ve Endüstri İlişkileri,3141,EA
307,1274,Peyzaj Uygulama ve Süs Bitkileri,Halkla İlişkiler ve Reklamcılık,5111,SÖZ
307,1274,Peyzaj Uygulama ve Süs Bitkileri,Halkla İlişkiler ve Tanıtım,3198,SÖZ
307,1274,Peyzaj Uygulama ve Süs Bitkileri,İktisat,3213,EA
307,1274,Peyzaj Uygulama ve Süs Bitkileri,İşletme,3226,EA
307,1274,Peyzaj Uygulama ve Süs Bitkileri,Kamu Yönetimi,3237,EA
307,1274,Peyzaj Uygulama ve Süs Bitkileri,Maliye,3254,EA
307,1274,Peyzaj Uygulama ve Süs Bitkileri,Siyaset Bilimi ve Kamu Yönetimi,3314,EA
307,1274,Peyzaj Uygulama ve Süs Bitkileri,Uluslararası İlişkiler Sistemler,3352,EA
307,4339,Peyzaj ve Çevre Tasarımı,Çalışma Ekonomisi ve Endüstri İlişkileri,3141,EA
307,4339,Peyzaj ve Çevre Tasarımı,Halkla İlişkiler ve Reklamcılık,5111,SÖZ
307,4339,Peyzaj ve Çevre Tasarımı,Halkla İlişkiler ve Tanıtım,3198,SÖZ
307,4339,Peyzaj ve Çevre Tasarımı,İktisat,3213,EA
307,4339,Peyzaj ve Çevre Tasarımı,İşletme,3226,EA
307,4339,Peyzaj ve Çevre Tasarımı,Kamu Yönetimi,3237,EA
307,4339,Peyzaj ve Çevre Tasarımı,Maliye,3254,EA
307,4339,Peyzaj ve Çevre Tasarımı,Siyaset Bilimi ve Kamu Yönetimi,3314,EA
307,4339,Peyzaj ve Çevre Tasarımı,Uluslararası İlişkiler Sistemler,3352,EA
307,1275,Peyzaj ve Süs Bitkileri,Çalışma Ekonomisi ve Endüstri İlişkileri,3141,EA
307,1275,Peyzaj ve Süs Bitkileri,Halkla İlişkiler ve Reklamcılık,5111,SÖZ
307,1275,Peyzaj ve Süs Bitkileri,Halkla İlişkiler ve Tanıtım,3198,SÖZ
307,1275,Peyzaj ve Süs Bitkileri,İktisat,3213,EA
307,1275,Peyzaj ve Süs Bitkileri,İşletme,3226,EA
307,1275,Peyzaj ve Süs Bitkileri,Kamu Yönetimi,3237,EA
307,1275,Peyzaj ve Süs Bitkileri,Maliye,3254,EA
307,1275,Peyzaj ve Süs Bitkileri,Siyaset Bilimi ve Kamu Yönetimi,3314,EA
307,1275,Peyzaj ve Süs Bitkileri,Uluslararası İlişkiler Sistemler,3352,EA
307,1375,Peyzaj ve Süs Bitkileri Yetiştiriciliği,Çalışma Ekonomisi ve Endüstri İlişkileri,3141,EA
307,1375,Peyzaj ve Süs Bitkileri Yetiştiriciliği,Halkla İlişkiler ve Reklamcılık,5111,SÖZ
307,1375,Peyzaj ve Süs Bitkileri Yetiştiriciliği,Halkla İlişkiler ve Tanıtım,3198,SÖZ
307,1375,Peyzaj ve Süs Bitkileri Yetiştiriciliği,İktisat,3213,EA
307,1375,Peyzaj ve Süs Bitkileri Yetiştiriciliği,İşletme,3226,EA
307,1375,Peyzaj ve Süs Bitkileri Yetiştiriciliği,Kamu Yönetimi,3237,EA
307,1375,Peyzaj ve Süs Bitkileri Yetiştiriciliği,Maliye,3254,EA
307,1375,Peyzaj ve Süs Bitkileri Yetiştiriciliği,Siyaset Bilimi ve Kamu Yönetimi,3314,EA
307,1375,Peyzaj ve Süs Bitkileri Yetiştiriciliği,Uluslararası İlişkiler Sistemler,3352,EA
307,1278,Plastik Teknolojisi,Çalışma Ekonomisi ve Endüstri İlişkileri,3141,EA
307,1278,Plastik Teknolojisi,Halkla İlişkiler ve Reklamcılık,5111,SÖZ
307,1278,Plastik Teknolojisi,Halkla İlişkiler ve Tanıtım,3198,SÖZ
307,1278,Plastik Teknolojisi,İktisat,3213,EA
307,1278,Plastik Teknolojisi,İşletme,3226,EA
307,1278,Plastik Teknolojisi,Kamu Yönetimi,3237,EA
307,1278,Plastik Teknolojisi,Maliye,3254,EA
307,1278,Plastik Teknolojisi,Siyaset Bilimi ve Kamu Yönetimi,3314,EA
307,1278,Plastik Teknolojisi,Uluslararası İlişkiler Sistemler,3352,EA
307,9452,Polimer Teknolojisi,Çalışma Ekonomisi ve Endüstri İlişkileri,3141,EA
307,9452,Polimer Teknolojisi,Halkla İlişkiler ve Reklamcılık,5111,SÖZ
307,9452,Polimer Teknolojisi,Halkla İlişkiler ve Tanıtım,3198,SÖZ
307,9452,Polimer Teknolojisi,İktisat,3213,EA
307,9452,Polimer Teknolojisi,İşletme,3226,EA
307,9452,Polimer Teknolojisi,Kamu Yönetimi,3237,EA
307,9452,Polimer Teknolojisi,Maliye,3254,EA
307,9452,Polimer Teknolojisi,Siyaset Bilimi ve Kamu Yönetimi,3314,EA
307,9452,Polimer Teknolojisi,Uluslararası İlişkiler Sistemler,3352,EA
307,1283,Radyo ve Televizyon Tekniği / Radyo-Televizyon Tekniği,Çalışma Ekonomisi ve Endüstri İlişkileri,3141,EA
307,1283,Radyo ve Televizyon Tekniği / Radyo-Televizyon Tekniği,Halkla İlişkiler ve Reklamcılık,5111,SÖZ
307,1283,Radyo ve Televizyon Tekniği / Radyo-Televizyon Tekniği,Halkla İlişkiler ve Tanıtım,3198,SÖZ
307,1283,Radyo ve Televizyon Tekniği / Radyo-Televizyon Tekniği,İktisat,3213,EA
307,1283,Radyo ve Televizyon Tekniği / Radyo-Televizyon Tekniği,İşletme,3226,EA
307,1283,Radyo ve Televizyon Tekniği / Radyo-Televizyon Tekniği,Kamu Yönetimi,3237,EA
307,1283,Radyo ve Televizyon Tekniği / Radyo-Televizyon Tekniği,Maliye,3254,EA
307,1283,Radyo ve Televizyon Tekniği / Radyo-Televizyon Tekniği,Siyaset Bilimi ve Kamu Yönetimi,3314,EA
307,1283,Radyo ve Televizyon Tekniği / Radyo-Televizyon Tekniği,Uluslararası İlişkiler Sistemler,3352,EA
307,9070,Radyo ve Televizyon Teknolojisi,Çalışma Ekonomisi ve Endüstri İlişkileri,3141,EA
307,9070,Radyo ve Televizyon Teknolojisi,Halkla İlişkiler ve Reklamcılık,5111,SÖZ
307,9070,Radyo ve Televizyon Teknolojisi,Halkla İlişkiler ve Tanıtım,3198,SÖZ
307,9070,Radyo ve Televizyon Teknolojisi,İktisat,3213,EA
307,9070,Radyo ve Televizyon Teknolojisi,İşletme,3226,EA
307,9070,Radyo ve Televizyon Teknolojisi,Kamu Yönetimi,3237,EA
307,9070,Radyo ve Televizyon Teknolojisi,Maliye,3254,EA
307,9070,Radyo ve Televizyon Teknolojisi,Siyaset Bilimi ve Kamu Yönetimi,3314,EA
307,9070,Radyo ve Televizyon Teknolojisi,Uluslararası İlişkiler Sistemler,3352,EA
307,8556,Rafineri,Çalışma Ekonomisi ve Endüstri İlişkileri,3141,EA
307,8556,Rafineri,Halkla İlişkiler ve Reklamcılık,5111,SÖZ
307,8556,Rafineri,Halkla İlişkiler ve Tanıtım,3198,SÖZ
307,8556,Rafineri,İktisat,3213,EA
307,8556,Rafineri,İşletme,3226,EA
307,8556,Rafineri,Kamu Yönetimi,3237,EA
307,8556,Rafineri,Maliye,3254,EA
307,8556,Rafineri,Siyaset Bilimi ve Kamu Yönetimi,3314,EA
307,8556,Rafineri,Uluslararası İlişkiler Sistemler,3352,EA
307,1287,Rafineri ve Petrokimya,Çalışma Ekonomisi ve Endüstri İlişkileri,3141,EA
307,1287,Rafineri ve Petrokimya,Halkla İlişkiler ve Reklamcılık,5111,SÖZ
307,1287,Rafineri ve Petrokimya,Halkla İlişkiler ve Tanıtım,3198,SÖZ
307,1287,Rafineri ve Petrokimya,İktisat,3213,EA
307,1287,Rafineri ve Petrokimya,İşletme,3226,EA
307,1287,Rafineri ve Petrokimya,Kamu Yönetimi,3237,EA
307,1287,Rafineri ve Petrokimya,Maliye,3254,EA
307,1287,Rafineri ve Petrokimya,Siyaset Bilimi ve Kamu Yönetimi,3314,EA
307,1287,Rafineri ve Petrokimya,Uluslararası İlişkiler Sistemler,3352,EA
307,9041,Rafineri ve Petro-Kimya Teknolojisi,Çalışma Ekonomisi ve Endüstri İlişkileri,3141,EA
307,9041,Rafineri ve Petro-Kimya Teknolojisi,Halkla İlişkiler ve Reklamcılık,5111,SÖZ
307,9041,Rafineri ve Petro-Kimya Teknolojisi,Halkla İlişkiler ve Tanıtım,3198,SÖZ
307,9041,Rafineri ve Petro-Kimya Teknolojisi,İktisat,3213,EA
307,9041,Rafineri ve Petro-Kimya Teknolojisi,İşletme,3226,EA
307,9041,Rafineri ve Petro-Kimya Teknolojisi,Kamu Yönetimi,3237,EA
307,9041,Rafineri ve Petro-Kimya Teknolojisi,Maliye,3254,EA
307,9041,Rafineri ve Petro-Kimya Teknolojisi,Siyaset Bilimi ve Kamu Yönetimi,3314,EA
307,9041,Rafineri ve Petro-Kimya Teknolojisi,Uluslararası İlişkiler Sistemler,3352,EA
307,9244,Raylı Sistemler,Çalışma Ekonomisi ve Endüstri İlişkileri,3141,EA
307,9244,Raylı Sistemler,Halkla İlişkiler ve Reklamcılık,5111,SÖZ
307,9244,Raylı Sistemler,Halkla İlişkiler ve Tanıtım,3198,SÖZ
307,9244,Raylı Sistemler,İktisat,3213,EA
307,9244,Raylı Sistemler,İşletme,3226,EA
307,9244,Raylı Sistemler,Kamu Yönetimi,3237,EA
307,9244,Raylı Sistemler,Maliye,3254,EA
307,9244,Raylı Sistemler,Siyaset Bilimi ve Kamu Yönetimi,3314,EA
307,9244,Raylı Sistemler,Uluslararası İlişkiler Sistemler,3352,EA
307,1377,Raylı Sistemler Elektrik ve Elektronik,Çalışma Ekonomisi ve Endüstri İlişkileri,3141,EA
307,1377,Raylı Sistemler Elektrik ve Elektronik,Halkla İlişkiler ve Reklamcılık,5111,SÖZ
307,1377,Raylı Sistemler Elektrik ve Elektronik,Halkla İlişkiler ve Tanıtım,3198,SÖZ
307,1377,Raylı Sistemler Elektrik ve Elektronik,İktisat,3213,EA
307,1377,Raylı Sistemler Elektrik ve Elektronik,İşletme,3226,EA
307,1377,Raylı Sistemler Elektrik ve Elektronik,Kamu Yönetimi,3237,EA
307,1377,Raylı Sistemler Elektrik ve Elektronik,Maliye,3254,EA
307,1377,Raylı Sistemler Elektrik ve Elektronik,Siyaset Bilimi ve Kamu Yönetimi,3314,EA
307,1377,Raylı Sistemler Elektrik ve Elektronik,Uluslararası İlişkiler Sistemler,3352,EA
307,8621,Elektrik ve Elektronik Teknolojisi,Çalışma Ekonomisi ve Endüstri İlişkileri,3141,EA
307,8621,Elektrik ve Elektronik Teknolojisi,Halkla İlişkiler ve Reklamcılık,5111,SÖZ
307,8621,Elektrik ve Elektronik Teknolojisi,Halkla İlişkiler ve Tanıtım,3198,SÖZ
307,8621,Elektrik ve Elektronik Teknolojisi,İktisat,3213,EA
307,8621,Elektrik ve Elektronik Teknolojisi,İşletme,3226,EA
307,8621,Elektrik ve Elektronik Teknolojisi,Kamu Yönetimi,3237,EA
307,8621,Elektrik ve Elektronik Teknolojisi,Maliye,3254,EA
307,8621,Elektrik ve Elektronik Teknolojisi,Siyaset Bilimi ve Kamu Yönetimi,3314,EA
307,8621,Elektrik ve Elektronik Teknolojisi,Uluslararası İlişkiler Sistemler,3352,EA
307,8625,Raylı Sistemler Makine Teknolojisi,Çalışma Ekonomisi ve Endüstri İlişkileri,3141,EA
307,8625,Raylı Sistemler Makine Teknolojisi,Halkla İlişkiler ve Reklamcılık,5111,SÖZ
307,8625,Raylı Sistemler Makine Teknolojisi,Halkla İlişkiler ve Tanıtım,3198,SÖZ
307,8625,Raylı Sistemler Makine Teknolojisi,İktisat,3213,EA
307,8625,Raylı Sistemler Makine Teknolojisi,İşletme,3226,EA
307,8625,Raylı Sistemler Makine Teknolojisi,Kamu Yönetimi,3237,EA
307,8625,Raylı Sistemler Makine Teknolojisi,Maliye,3254,EA
307,8625,Raylı Sistemler Makine Teknolojisi,Siyaset Bilimi ve Kamu Yönetimi,3314,EA
307,8625,Raylı Sistemler Makine Teknolojisi,Uluslararası İlişkiler Sistemler,3352,EA
307,1376,Raylı Sistemler Makinistliği,Çalışma Ekonomisi ve Endüstri İlişkileri,3141,EA
307,1376,Raylı Sistemler Makinistliği,Halkla İlişkiler ve Reklamcılık,5111,SÖZ
307,1376,Raylı Sistemler Makinistliği,Halkla İlişkiler ve Tanıtım,3198,SÖZ
307,1376,Raylı Sistemler Makinistliği,İktisat,3213,EA
307,1376,Raylı Sistemler Makinistliği,İşletme,3226,EA
307,1376,Raylı Sistemler Makinistliği,Kamu Yönetimi,3237,EA
307,1376,Raylı Sistemler Makinistliği,Maliye,3254,EA
307,1376,Raylı Sistemler Makinistliği,Siyaset Bilimi ve Kamu Yönetimi,3314,EA
307,1376,Raylı Sistemler Makinistliği,Uluslararası İlişkiler Sistemler,3352,EA
307,9147,Raylı Sistemler Makinistlik,Çalışma Ekonomisi ve Endüstri İlişkileri,3141,EA
307,9147,Raylı Sistemler Makinistlik,Halkla İlişkiler ve Reklamcılık,5111,SÖZ
307,9147,Raylı Sistemler Makinistlik,Halkla İlişkiler ve Tanıtım,3198,SÖZ
307,9147,Raylı Sistemler Makinistlik,İktisat,3213,EA
307,9147,Raylı Sistemler Makinistlik,İşletme,3226,EA
307,9147,Raylı Sistemler Makinistlik,Kamu Yönetimi,3237,EA
307,9147,Raylı Sistemler Makinistlik,Maliye,3254,EA
307,9147,Raylı Sistemler Makinistlik,Siyaset Bilimi ve Kamu Yönetimi,3314,EA
307,9147,Raylı Sistemler Makinistlik,Uluslararası İlişkiler Sistemler,3352,EA
307,1288,Raylı Sistemler Teknolojisi,Çalışma Ekonomisi ve Endüstri İlişkileri,3141,EA
307,1288,Raylı Sistemler Teknolojisi,Halkla İlişkiler ve Reklamcılık,5111,SÖZ
307,1288,Raylı Sistemler Teknolojisi,Halkla İlişkiler ve Tanıtım,3198,SÖZ
307,1288,Raylı Sistemler Teknolojisi,İktisat,3213,EA
307,1288,Raylı Sistemler Teknolojisi,İşletme,3226,EA
307,1288,Raylı Sistemler Teknolojisi,Kamu Yönetimi,3237,EA
307,1288,Raylı Sistemler Teknolojisi,Maliye,3254,EA
307,1288,Raylı Sistemler Teknolojisi,Siyaset Bilimi ve Kamu Yönetimi,3314,EA
307,1288,Raylı Sistemler Teknolojisi,Uluslararası İlişkiler Sistemler,3352,EA
307,8627,Raylı Sistemler Yol,Çalışma Ekonomisi ve Endüstri İlişkileri,3141,EA
307,8627,Raylı Sistemler Yol,Halkla İlişkiler ve Reklamcılık,5111,SÖZ
307,8627,Raylı Sistemler Yol,Halkla İlişkiler ve Tanıtım,3198,SÖZ
307,8627,Raylı Sistemler Yol,İktisat,3213,EA
307,8627,Raylı Sistemler Yol,İşletme,3226,EA
307,8627,Raylı Sistemler Yol,Kamu Yönetimi,3237,EA
307,8627,Raylı Sistemler Yol,Maliye,3254,EA
307,8627,Raylı Sistemler Yol,Siyaset Bilimi ve Kamu Yönetimi,3314,EA
307,8627,Raylı Sistemler Yol,Uluslararası İlişkiler Sistemler,3352,EA
307,9055,Raylı Sistemler Yol Teknolojisi,Çalışma Ekonomisi ve Endüstri İlişkileri,3141,EA
307,9055,Raylı Sistemler Yol Teknolojisi,Halkla İlişkiler ve Reklamcılık,5111,SÖZ
307,9055,Raylı Sistemler Yol Teknolojisi,Halkla İlişkiler ve Tanıtım,3198,SÖZ
307,9055,Raylı Sistemler Yol Teknolojisi,İktisat,3213,EA
307,9055,Raylı Sistemler Yol Teknolojisi,İşletme,3226,EA
307,9055,Raylı Sistemler Yol Teknolojisi,Kamu Yönetimi,3237,EA
307,9055,Raylı Sistemler Yol Teknolojisi,Maliye,3254,EA
307,9055,Raylı Sistemler Yol Teknolojisi,Siyaset Bilimi ve Kamu Yönetimi,3314,EA
307,9055,Raylı Sistemler Yol Teknolojisi,Uluslararası İlişkiler Sistemler,3352,EA
307,8629,Resim,Çalışma Ekonomisi ve Endüstri İlişkileri,3141,EA
307,8629,Resim,Halkla İlişkiler ve Reklamcılık,5111,SÖZ
307,8629,Resim,Halkla İlişkiler ve Tanıtım,3198,SÖZ
307,8629,Resim,İktisat,3213,EA
307,8629,Resim,İşletme,3226,EA
307,8629,Resim,Kamu Yönetimi,3237,EA
307,8629,Resim,Maliye,3254,EA
307,8629,Resim,Siyaset Bilimi ve Kamu Yönetimi,3314,EA
307,8629,Resim,Uluslararası İlişkiler Sistemler,3352,EA
308,1290,Restorasyon,Çalışma Ekonomisi ve Endüstri İlişkileri,3141,EA
308,1290,Restorasyon,Halkla İlişkiler ve Reklamcılık,5111,SÖZ
308,1290,Restorasyon,Halkla İlişkiler ve Tanıtım,3198,SÖZ
308,1290,Restorasyon,İktisat,3213,EA
308,1290,Restorasyon,İşletme,3226,EA
308,1290,Restorasyon,Kamu Yönetimi,3237,EA
308,1290,Restorasyon,Maliye,3254,EA
308,1290,Restorasyon,Siyaset Bilimi ve Kamu Yönetimi,3314,EA
308,1290,Restorasyon,Uluslararası İlişkiler,3352,EA
308,1291,Restorasyon ve Konservasyon,Çalışma Ekonomisi ve Endüstri İlişkileri,3141,EA
308,1291,Restorasyon ve Konservasyon,Halkla İlişkiler ve Reklamcılık,5111,SÖZ
308,1291,Restorasyon ve Konservasyon,Halkla İlişkiler ve Tanıtım,3198,SÖZ
308,1291,Restorasyon ve Konservasyon,İktisat,3213,EA
308,1291,Restorasyon ve Konservasyon,İşletme,3226,EA
308,1291,Restorasyon ve Konservasyon,Kamu Yönetimi,3237,EA
308,1291,Restorasyon ve Konservasyon,Maliye,3254,EA
308,1291,Restorasyon ve Konservasyon,Siyaset Bilimi ve Kamu Yönetimi,3314,EA
308,1291,Restorasyon ve Konservasyon,Uluslararası İlişkiler,3352,EA
308,1468,ROBOTİK VE YAPAY ZEKÂ,Çalışma Ekonomisi ve Endüstri İlişkileri,3141,EA
308,1468,ROBOTİK VE YAPAY ZEKÂ,Halkla İlişkiler ve Reklamcılık,5111,SÖZ
308,1468,ROBOTİK VE YAPAY ZEKÂ,Halkla İlişkiler ve Tanıtım,3198,SÖZ
308,1468,ROBOTİK VE YAPAY ZEKÂ,İktisat,3213,EA
308,1468,ROBOTİK VE YAPAY ZEKÂ,İşletme,3226,EA
308,1468,ROBOTİK VE YAPAY ZEKÂ,Kamu Yönetimi,3237,EA
308,1468,ROBOTİK VE YAPAY ZEKÂ,Maliye,3254,EA
308,1468,ROBOTİK VE YAPAY ZEKÂ,Siyaset Bilimi ve Kamu Yönetimi,3314,EA
308,1468,ROBOTİK VE YAPAY ZEKÂ,Uluslararası İlişkiler,3352,EA
308,9079,Saç Bakımı ve Güzellik Hizmetleri,Çalışma Ekonomisi ve Endüstri İlişkileri,3141,EA
308,9079,Saç Bakımı ve Güzellik Hizmetleri,Halkla İlişkiler ve Reklamcılık,5111,SÖZ
308,9079,Saç Bakımı ve Güzellik Hizmetleri,Halkla İlişkiler ve Tanıtım,3198,SÖZ
308,9079,Saç Bakımı ve Güzellik Hizmetleri,İktisat,3213,EA
308,9079,Saç Bakımı ve Güzellik Hizmetleri,İşletme,3226,EA
308,9079,Saç Bakımı ve Güzellik Hizmetleri,Kamu Yönetimi,3237,EA
308,9079,Saç Bakımı ve Güzellik Hizmetleri,Maliye,3254,EA
308,9079,Saç Bakımı ve Güzellik Hizmetleri,Siyaset Bilimi ve Kamu Yönetimi,3314,EA
308,9079,Saç Bakımı ve Güzellik Hizmetleri,Uluslararası İlişkiler,3352,EA
308,1378,Sahne Işık ve Ses Teknolojileri,Çalışma Ekonomisi ve Endüstri İlişkileri,3141,EA
308,1378,Sahne Işık ve Ses Teknolojileri,Halkla İlişkiler ve Reklamcılık,5111,SÖZ
308,1378,Sahne Işık ve Ses Teknolojileri,Halkla İlişkiler ve Tanıtım,3198,SÖZ
308,1378,Sahne Işık ve Ses Teknolojileri,İktisat,3213,EA
308,1378,Sahne Işık ve Ses Teknolojileri,İşletme,3226,EA
308,1378,Sahne Işık ve Ses Teknolojileri,Kamu Yönetimi,3237,EA
308,1378,Sahne Işık ve Ses Teknolojileri,Maliye,3254,EA
308,1378,Sahne Işık ve Ses Teknolojileri,Siyaset Bilimi ve Kamu Yönetimi,3314,EA
308,1378,Sahne Işık ve Ses Teknolojileri,Uluslararası İlişkiler,3352,EA
308,5357,Sahne Tasarımı,Çalışma Ekonomisi ve Endüstri İlişkileri,3141,EA
308,5357,Sahne Tasarımı,Halkla İlişkiler ve Reklamcılık,5111,SÖZ
308,5357,Sahne Tasarımı,Halkla İlişkiler ve Tanıtım,3198,SÖZ
308,5357,Sahne Tasarımı,İktisat,3213,EA
308,5357,Sahne Tasarımı,İşletme,3226,EA
308,5357,Sahne Tasarımı,Kamu Yönetimi,3237,EA
308,5357,Sahne Tasarımı,Maliye,3254,EA
308,5357,Sahne Tasarımı,Siyaset Bilimi ve Kamu Yönetimi,3314,EA
308,5357,Sahne Tasarımı,Uluslararası İlişkiler,3352,EA
308,9017,Sahne ve Dekor Tasarımı,Çalışma Ekonomisi ve Endüstri İlişkileri,3141,EA
308,9017,Sahne ve Dekor Tasarımı,Halkla İlişkiler ve Reklamcılık,5111,SÖZ
308,9017,Sahne ve Dekor Tasarımı,Halkla İlişkiler ve Tanıtım,3198,SÖZ
308,9017,Sahne ve Dekor Tasarımı,İktisat,3213,EA
308,9017,Sahne ve Dekor Tasarımı,İşletme,3226,EA
308,9017,Sahne ve Dekor Tasarımı,Kamu Yönetimi,3237,EA
308,9017,Sahne ve Dekor Tasarımı,Maliye,3254,EA
308,9017,Sahne ve Dekor Tasarımı,Siyaset Bilimi ve Kamu Yönetimi,3314,EA
308,9017,Sahne ve Dekor Tasarımı,Uluslararası İlişkiler,3352,EA
308,4343,Sahne ve Gösteri Sanatları Işık Teknolojisi,Çalışma Ekonomisi ve Endüstri İlişkileri,3141,EA
308,4343,Sahne ve Gösteri Sanatları Işık Teknolojisi,Halkla İlişkiler ve Reklamcılık,5111,SÖZ
308,4343,Sahne ve Gösteri Sanatları Işık Teknolojisi,Halkla İlişkiler ve Tanıtım,3198,SÖZ
308,4343,Sahne ve Gösteri Sanatları Işık Teknolojisi,İktisat,3213,EA
308,4343,Sahne ve Gösteri Sanatları Işık Teknolojisi,İşletme,3226,EA
308,4343,Sahne ve Gösteri Sanatları Işık Teknolojisi,Kamu Yönetimi,3237,EA
308,4343,Sahne ve Gösteri Sanatları Işık Teknolojisi,Maliye,3254,EA
308,4343,Sahne ve Gösteri Sanatları Işık Teknolojisi,Siyaset Bilimi ve Kamu Yönetimi,3314,EA
308,4343,Sahne ve Gösteri Sanatları Işık Teknolojisi,Uluslararası İlişkiler,3352,EA
308,4344,Sahne ve Gösteri Sanatları Ses Teknolojisi,Çalışma Ekonomisi ve Endüstri İlişkileri,3141,EA
308,4344,Sahne ve Gösteri Sanatları Ses Teknolojisi,Halkla İlişkiler ve Reklamcılık,5111,SÖZ
308,4344,Sahne ve Gösteri Sanatları Ses Teknolojisi,Halkla İlişkiler ve Tanıtım,3198,SÖZ
308,4344,Sahne ve Gösteri Sanatları Ses Teknolojisi,İktisat,3213,EA
308,4344,Sahne ve Gösteri Sanatları Ses Teknolojisi,İşletme,3226,EA
308,4344,Sahne ve Gösteri Sanatları Ses Teknolojisi,Kamu Yönetimi,3237,EA
308,4344,Sahne ve Gösteri Sanatları Ses Teknolojisi,Maliye,3254,EA
308,4344,Sahne ve Gösteri Sanatları Ses Teknolojisi,Siyaset Bilimi ve Kamu Yönetimi,3314,EA
308,4344,Sahne ve Gösteri Sanatları Ses Teknolojisi,Uluslararası İlişkiler,3352,EA
308,9015,Sahne ve Gösteri Sanatları Teknolojisi,Çalışma Ekonomisi ve Endüstri İlişkileri,3141,EA
308,9015,Sahne ve Gösteri Sanatları Teknolojisi,Halkla İlişkiler ve Reklamcılık,5111,SÖZ
308,9015,Sahne ve Gösteri Sanatları Teknolojisi,Halkla İlişkiler ve Tanıtım,3198,SÖZ
308,9015,Sahne ve Gösteri Sanatları Teknolojisi,İktisat,3213,EA
308,9015,Sahne ve Gösteri Sanatları Teknolojisi,İşletme,3226,EA
308,9015,Sahne ve Gösteri Sanatları Teknolojisi,Kamu Yönetimi,3237,EA
308,9015,Sahne ve Gösteri Sanatları Teknolojisi,Maliye,3254,EA
308,9015,Sahne ve Gösteri Sanatları Teknolojisi,Siyaset Bilimi ve Kamu Yönetimi,3314,EA
308,9015,Sahne ve Gösteri Sanatları Teknolojisi,Uluslararası İlişkiler,3352,EA
308,9148,Saraciye Tasarımı ve Üretimi,Çalışma Ekonomisi ve Endüstri İlişkileri,3141,EA
308,9148,Saraciye Tasarımı ve Üretimi,Halkla İlişkiler ve Reklamcılık,5111,SÖZ
308,9148,Saraciye Tasarımı ve Üretimi,Halkla İlişkiler ve Tanıtım,3198,SÖZ
308,9148,Saraciye Tasarımı ve Üretimi,İktisat,3213,EA
308,9148,Saraciye Tasarımı ve Üretimi,İşletme,3226,EA
308,9148,Saraciye Tasarımı ve Üretimi,Kamu Yönetimi,3237,EA
308,9148,Saraciye Tasarımı ve Üretimi,Maliye,3254,EA
308,9148,Saraciye Tasarımı ve Üretimi,Siyaset Bilimi ve Kamu Yönetimi,3314,EA
308,9148,Saraciye Tasarımı ve Üretimi,Uluslararası İlişkiler,3352,EA
308,4349,Saz Tamir,Çalışma Ekonomisi ve Endüstri İlişkileri,3141,EA
308,4349,Saz Tamir,Halkla İlişkiler ve Reklamcılık,5111,SÖZ
308,4349,Saz Tamir,Halkla İlişkiler ve Tanıtım,3198,SÖZ
308,4349,Saz Tamir,İktisat,3213,EA
308,4349,Saz Tamir,İşletme,3226,EA
308,4349,Saz Tamir,Kamu Yönetimi,3237,EA
308,4349,Saz Tamir,Maliye,3254,EA
308,4349,Saz Tamir,Siyaset Bilimi ve Kamu Yönetimi,3314,EA
308,4349,Saz Tamir,Uluslararası İlişkiler,3352,EA
308,1294,Sebze Üretimi,Çalışma Ekonomisi ve Endüstri İlişkileri,3141,EA
308,1294,Sebze Üretimi,Halkla İlişkiler ve Reklamcılık,5111,SÖZ
308,1294,Sebze Üretimi,Halkla İlişkiler ve Tanıtım,3198,SÖZ
308,1294,Sebze Üretimi,İktisat,3213,EA
308,1294,Sebze Üretimi,İşletme,3226,EA
308,1294,Sebze Üretimi,Kamu Yönetimi,3237,EA
308,1294,Sebze Üretimi,Maliye,3254,EA
308,1294,Sebze Üretimi,Siyaset Bilimi ve Kamu Yönetimi,3314,EA
308,1294,Sebze Üretimi,Uluslararası İlişkiler,3352,EA
308,5360,Selüloz ve Kağıt Teknolojisi,Çalışma Ekonomisi ve Endüstri İlişkileri,3141,EA
308,5360,Selüloz ve Kağıt Teknolojisi,Halkla İlişkiler ve Reklamcılık,5111,SÖZ
308,5360,Selüloz ve Kağıt Teknolojisi,Halkla İlişkiler ve Tanıtım,3198,SÖZ
308,5360,Selüloz ve Kağıt Teknolojisi,İktisat,3213,EA
308,5360,Selüloz ve Kağıt Teknolojisi,İşletme,3226,EA
308,5360,Selüloz ve Kağıt Teknolojisi,Kamu Yönetimi,3237,EA
308,5360,Selüloz ve Kağıt Teknolojisi,Maliye,3254,EA
308,5360,Selüloz ve Kağıt Teknolojisi,Siyaset Bilimi ve Kamu Yönetimi,3314,EA
308,5360,Selüloz ve Kağıt Teknolojisi,Uluslararası İlişkiler,3352,EA
308,1295,Selüloz ve Kağıtçılık,Çalışma Ekonomisi ve Endüstri İlişkileri,3141,EA
308,1295,Selüloz ve Kağıtçılık,Halkla İlişkiler ve Reklamcılık,5111,SÖZ
308,1295,Selüloz ve Kağıtçılık,Halkla İlişkiler ve Tanıtım,3198,SÖZ
308,1295,Selüloz ve Kağıtçılık,İktisat,3213,EA
308,1295,Selüloz ve Kağıtçılık,İşletme,3226,EA
308,1295,Selüloz ve Kağıtçılık,Kamu Yönetimi,3237,EA
308,1295,Selüloz ve Kağıtçılık,Maliye,3254,EA
308,1295,Selüloz ve Kağıtçılık,Siyaset Bilimi ve Kamu Yönetimi,3314,EA
308,1295,Selüloz ve Kağıtçılık,Uluslararası İlişkiler,3352,EA
308,1296,Seracılık,Çalışma Ekonomisi ve Endüstri İlişkileri,3141,EA
308,1296,Seracılık,Halkla İlişkiler ve Reklamcılık,5111,SÖZ
308,1296,Seracılık,Halkla İlişkiler ve Tanıtım,3198,SÖZ
308,1296,Seracılık,İktisat,3213,EA
308,1296,Seracılık,İşletme,3226,EA
308,1296,Seracılık,Kamu Yönetimi,3237,EA
308,1296,Seracılık,Maliye,3254,EA
308,1296,Seracılık,Siyaset Bilimi ve Kamu Yönetimi,3314,EA
308,1296,Seracılık,Uluslararası İlişkiler,3352,EA
308,1297,Seracılık ve Süs Bitkileri Yetiştiriciliği,Çalışma Ekonomisi ve Endüstri İlişkileri,3141,EA
308,1297,Seracılık ve Süs Bitkileri Yetiştiriciliği,Halkla İlişkiler ve Reklamcılık,5111,SÖZ
308,1297,Seracılık ve Süs Bitkileri Yetiştiriciliği,Halkla İlişkiler ve Tanıtım,3198,SÖZ
308,1297,Seracılık ve Süs Bitkileri Yetiştiriciliği,İktisat,3213,EA
308,1297,Seracılık ve Süs Bitkileri Yetiştiriciliği,İşletme,3226,EA
308,1297,Seracılık ve Süs Bitkileri Yetiştiriciliği,Kamu Yönetimi,3237,EA
308,1297,Seracılık ve Süs Bitkileri Yetiştiriciliği,Maliye,3254,EA
308,1297,Seracılık ve Süs Bitkileri Yetiştiriciliği,Siyaset Bilimi ve Kamu Yönetimi,3314,EA
308,1297,Seracılık ve Süs Bitkileri Yetiştiriciliği,Uluslararası İlişkiler,3352,EA
308,8561,Seracılık-Budama ve Aşılama,Çalışma Ekonomisi ve Endüstri İlişkileri,3141,EA
308,8561,Seracılık-Budama ve Aşılama,Halkla İlişkiler ve Reklamcılık,5111,SÖZ
308,8561,Seracılık-Budama ve Aşılama,Halkla İlişkiler ve Tanıtım,3198,SÖZ
308,8561,Seracılık-Budama ve Aşılama,İktisat,3213,EA
308,8561,Seracılık-Budama ve Aşılama,İşletme,3226,EA
308,8561,Seracılık-Budama ve Aşılama,Kamu Yönetimi,3237,EA
308,8561,Seracılık-Budama ve Aşılama,Maliye,3254,EA
308,8561,Seracılık-Budama ve Aşılama,Siyaset Bilimi ve Kamu Yönetimi,3314,EA
308,8561,Seracılık-Budama ve Aşılama,Uluslararası İlişkiler,3352,EA
308,1298,Seramik,Çalışma Ekonomisi ve Endüstri İlişkileri,3141,EA
308,1298,Seramik,Halkla İlişkiler ve Reklamcılık,5111,SÖZ
308,1298,Seramik,Halkla İlişkiler ve Tanıtım,3198,SÖZ
308,1298,Seramik,İktisat,3213,EA
308,1298,Seramik,İşletme,3226,EA
308,1298,Seramik,Kamu Yönetimi,3237,EA
308,1298,Seramik,Maliye,3254,EA
308,1298,Seramik,Siyaset Bilimi ve Kamu Yönetimi,3314,EA
308,1298,Seramik,Uluslararası İlişkiler,3352,EA
308,9314,Seramik ve Cam,Çalışma Ekonomisi ve Endüstri İlişkileri,3141,EA
308,9314,Seramik ve Cam,Halkla İlişkiler ve Reklamcılık,5111,SÖZ
308,9314,Seramik ve Cam,Halkla İlişkiler ve Tanıtım,3198,SÖZ
308,9314,Seramik ve Cam,İktisat,3213,EA
308,9314,Seramik ve Cam,İşletme,3226,EA
308,9314,Seramik ve Cam,Kamu Yönetimi,3237,EA
308,9314,Seramik ve Cam,Maliye,3254,EA
308,9314,Seramik ve Cam,Siyaset Bilimi ve Kamu Yönetimi,3314,EA
308,9314,Seramik ve Cam,Uluslararası İlişkiler,3352,EA
308,1379,Seramik ve Cam Tasarımı,Çalışma Ekonomisi ve Endüstri İlişkileri,3141,EA
308,1379,Seramik ve Cam Tasarımı,Halkla İlişkiler ve Reklamcılık,5111,SÖZ
308,1379,Seramik ve Cam Tasarımı,Halkla İlişkiler ve Tanıtım,3198,SÖZ
308,1379,Seramik ve Cam Tasarımı,İktisat,3213,EA
308,1379,Seramik ve Cam Tasarımı,İşletme,3226,EA
308,1379,Seramik ve Cam Tasarımı,Kamu Yönetimi,3237,EA
308,1379,Seramik ve Cam Tasarımı,Maliye,3254,EA
308,1379,Seramik ve Cam Tasarımı,Siyaset Bilimi ve Kamu Yönetimi,3314,EA
308,1379,Seramik ve Cam Tasarımı,Uluslararası İlişkiler,3352,EA
308,9024,"Seramik, Cam ve Çinicilik",Çalışma Ekonomisi ve Endüstri İlişkileri,3141,EA
308,9024,"Seramik, Cam ve Çinicilik",Halkla İlişkiler ve Reklamcılık,5111,SÖZ
308,9024,"Seramik, Cam ve Çinicilik",Halkla İlişkiler ve Tanıtım,3198,SÖZ
308,9024,"Seramik, Cam ve Çinicilik",İktisat,3213,EA
308,9024,"Seramik, Cam ve Çinicilik",İşletme,3226,EA
308,9024,"Seramik, Cam ve Çinicilik",Kamu Yönetimi,3237,EA
308,9024,"Seramik, Cam ve Çinicilik",Maliye,3254,EA
308,9024,"Seramik, Cam ve Çinicilik",Siyaset Bilimi ve Kamu Yönetimi,3314,EA
308,9024,"Seramik, Cam ve Çinicilik",Uluslararası İlişkiler,3352,EA
308,1299,Serigrafi,Çalışma Ekonomisi ve Endüstri İlişkileri,3141,EA
308,1299,Serigrafi,Halkla İlişkiler ve Reklamcılık,5111,SÖZ
308,1299,Serigrafi,Halkla İlişkiler ve Tanıtım,3198,SÖZ
308,1299,Serigrafi,İktisat,3213,EA
308,1299,Serigrafi,İşletme,3226,EA
308,1299,Serigrafi,Kamu Yönetimi,3237,EA
308,1299,Serigrafi,Maliye,3254,EA
308,1299,Serigrafi,Siyaset Bilimi ve Kamu Yönetimi,3314,EA
308,1299,Serigrafi,Uluslararası İlişkiler,3352,EA
308,8562,Sığır Yetiştiriciliği ve Besiciliği,Çalışma Ekonomisi ve Endüstri İlişkileri,3141,EA
308,8562,Sığır Yetiştiriciliği ve Besiciliği,Halkla İlişkiler ve Reklamcılık,5111,SÖZ
308,8562,Sığır Yetiştiriciliği ve Besiciliği,Halkla İlişkiler ve Tanıtım,3198,SÖZ
308,8562,Sığır Yetiştiriciliği ve Besiciliği,İktisat,3213,EA
308,8562,Sığır Yetiştiriciliği ve Besiciliği,İşletme,3226,EA
308,8562,Sığır Yetiştiriciliği ve Besiciliği,Kamu Yönetimi,3237,EA
308,8562,Sığır Yetiştiriciliği ve Besiciliği,Maliye,3254,EA
308,8562,Sığır Yetiştiriciliği ve Besiciliği,Siyaset Bilimi ve Kamu Yönetimi,3314,EA
308,8562,Sığır Yetiştiriciliği ve Besiciliği,Uluslararası İlişkiler,3352,EA
308,1304,Sıhhi Tesisat,Çalışma Ekonomisi ve Endüstri İlişkileri,3141,EA
308,1304,Sıhhi Tesisat,Halkla İlişkiler ve Reklamcılık,5111,SÖZ
308,1304,Sıhhi Tesisat,Halkla İlişkiler ve Tanıtım,3198,SÖZ
308,1304,Sıhhi Tesisat,İktisat,3213,EA
308,1304,Sıhhi Tesisat,İşletme,3226,EA
308,1304,Sıhhi Tesisat,Kamu Yönetimi,3237,EA
308,1304,Sıhhi Tesisat,Maliye,3254,EA
308,1304,Sıhhi Tesisat,Siyaset Bilimi ve Kamu Yönetimi,3314,EA
308,1304,Sıhhi Tesisat,Uluslararası İlişkiler,3352,EA
308,8563,Sıhhi Tesisat ve Doğalgaz,Çalışma Ekonomisi ve Endüstri İlişkileri,3141,EA
308,8563,Sıhhi Tesisat ve Doğalgaz,Halkla İlişkiler ve Reklamcılık,5111,SÖZ
308,8563,Sıhhi Tesisat ve Doğalgaz,Halkla İlişkiler ve Tanıtım,3198,SÖZ
308,8563,Sıhhi Tesisat ve Doğalgaz,İktisat,3213,EA
308,8563,Sıhhi Tesisat ve Doğalgaz,İşletme,3226,EA
308,8563,Sıhhi Tesisat ve Doğalgaz,Kamu Yönetimi,3237,EA
308,8563,Sıhhi Tesisat ve Doğalgaz,Maliye,3254,EA
308,8563,Sıhhi Tesisat ve Doğalgaz,Siyaset Bilimi ve Kamu Yönetimi,3314,EA
308,8563,Sıhhi Tesisat ve Doğalgaz,Uluslararası İlişkiler,3352,EA
308,9493,Sınıf Öğretmenliği,Çalışma Ekonomisi ve Endüstri İlişkileri,3141,EA
308,9493,Sınıf Öğretmenliği,Halkla İlişkiler ve Reklamcılık,5111,SÖZ
308,9493,Sınıf Öğretmenliği,Halkla İlişkiler ve Tanıtım,3198,SÖZ
308,9493,Sınıf Öğretmenliği,İktisat,3213,EA
308,9493,Sınıf Öğretmenliği,İşletme,3226,EA
308,9493,Sınıf Öğretmenliği,Kamu Yönetimi,3237,EA
308,9493,Sınıf Öğretmenliği,Maliye,3254,EA
308,9493,Sınıf Öğretmenliği,Siyaset Bilimi ve Kamu Yönetimi,3314,EA
308,9493,Sınıf Öğretmenliği,Uluslararası İlişkiler,3352,EA
308,9495,Silah,Çalışma Ekonomisi ve Endüstri İlişkileri,3141,EA
308,9495,Silah,Halkla İlişkiler ve Reklamcılık,5111,SÖZ
308,9495,Silah,Halkla İlişkiler ve Tanıtım,3198,SÖZ
308,9495,Silah,İktisat,3213,EA
308,9495,Silah,İşletme,3226,EA
308,9495,Silah,Kamu Yönetimi,3237,EA
308,9495,Silah,Maliye,3254,EA
308,9495,Silah,Siyaset Bilimi ve Kamu Yönetimi,3314,EA
308,9495,Silah,Uluslararası İlişkiler,3352,EA
308,9558,Silah Sanayi Teknikerliği,Çalışma Ekonomisi ve Endüstri İlişkileri,3141,EA
308,9558,Silah Sanayi Teknikerliği,Halkla İlişkiler ve Reklamcılık,5111,SÖZ
308,9558,Silah Sanayi Teknikerliği,Halkla İlişkiler ve Tanıtım,3198,SÖZ
308,9558,Silah Sanayi Teknikerliği,İktisat,3213,EA
308,9558,Silah Sanayi Teknikerliği,İşletme,3226,EA
308,9558,Silah Sanayi Teknikerliği,Kamu Yönetimi,3237,EA
308,9558,Silah Sanayi Teknikerliği,Maliye,3254,EA
308,9558,Silah Sanayi Teknikerliği,Siyaset Bilimi ve Kamu Yönetimi,3314,EA
308,9558,Silah Sanayi Teknikerliği,Uluslararası İlişkiler,3352,EA
308,9145,Hizmetleri,Çalışma Ekonomisi ve Endüstri İlişkileri,3141,EA
308,9145,Hizmetleri,Halkla İlişkiler ve Reklamcılık,5111,SÖZ
308,9145,Hizmetleri,Halkla İlişkiler ve Tanıtım,3198,SÖZ
308,9145,Hizmetleri,İktisat,3213,EA
308,9145,Hizmetleri,İşletme,3226,EA
308,9145,Hizmetleri,Kamu Yönetimi,3237,EA
308,9145,Hizmetleri,Maliye,3254,EA
308,9145,Hizmetleri,Siyaset Bilimi ve Kamu Yönetimi,3314,EA
308,9145,Hizmetleri,Uluslararası İlişkiler,3352,EA
308,8564,Soğutma Tesisatçılığı / Soğutma Tesisatı,Çalışma Ekonomisi ve Endüstri İlişkileri,3141,EA
308,8564,Soğutma Tesisatçılığı / Soğutma Tesisatı,Halkla İlişkiler ve Reklamcılık,5111,SÖZ
308,8564,Soğutma Tesisatçılığı / Soğutma Tesisatı,Halkla İlişkiler ve Tanıtım,3198,SÖZ
308,8564,Soğutma Tesisatçılığı / Soğutma Tesisatı,İktisat,3213,EA
308,8564,Soğutma Tesisatçılığı / Soğutma Tesisatı,İşletme,3226,EA
308,8564,Soğutma Tesisatçılığı / Soğutma Tesisatı,Kamu Yönetimi,3237,EA
308,8564,Soğutma Tesisatçılığı / Soğutma Tesisatı,Maliye,3254,EA
308,8564,Soğutma Tesisatçılığı / Soğutma Tesisatı,Siyaset Bilimi ve Kamu Yönetimi,3314,EA
308,8564,Soğutma Tesisatçılığı / Soğutma Tesisatı,Uluslararası İlişkiler,3352,EA
308,8565,Soğutma ve Havalandırma,Çalışma Ekonomisi ve Endüstri İlişkileri,3141,EA
308,8565,Soğutma ve Havalandırma,Halkla İlişkiler ve Reklamcılık,5111,SÖZ
308,8565,Soğutma ve Havalandırma,Halkla İlişkiler ve Tanıtım,3198,SÖZ
308,8565,Soğutma ve Havalandırma,İktisat,3213,EA
308,8565,Soğutma ve Havalandırma,İşletme,3226,EA
308,8565,Soğutma ve Havalandırma,Kamu Yönetimi,3237,EA
308,8565,Soğutma ve Havalandırma,Maliye,3254,EA
308,8565,Soğutma ve Havalandırma,Siyaset Bilimi ve Kamu Yönetimi,3314,EA
308,8565,Soğutma ve Havalandırma,Uluslararası İlişkiler,3352,EA
308,9031,Sondaj Teknolojisi,Çalışma Ekonomisi ve Endüstri İlişkileri,3141,EA
308,9031,Sondaj Teknolojisi,Halkla İlişkiler ve Reklamcılık,5111,SÖZ
308,9031,Sondaj Teknolojisi,Halkla İlişkiler ve Tanıtım,3198,SÖZ
308,9031,Sondaj Teknolojisi,İktisat,3213,EA
308,9031,Sondaj Teknolojisi,İşletme,3226,EA
308,9031,Sondaj Teknolojisi,Kamu Yönetimi,3237,EA
308,9031,Sondaj Teknolojisi,Maliye,3254,EA
308,9031,Sondaj Teknolojisi,Siyaset Bilimi ve Kamu Yönetimi,3314,EA
308,9031,Sondaj Teknolojisi,Uluslararası İlişkiler,3352,EA
308,6306,Sondajcılık,Çalışma Ekonomisi ve Endüstri İlişkileri,3141,EA
308,6306,Sondajcılık,Halkla İlişkiler ve Reklamcılık,5111,SÖZ
308,6306,Sondajcılık,Halkla İlişkiler ve Tanıtım,3198,SÖZ
308,6306,Sondajcılık,İktisat,3213,EA
308,6306,Sondajcılık,İşletme,3226,EA
308,6306,Sondajcılık,Kamu Yönetimi,3237,EA
308,6306,Sondajcılık,Maliye,3254,EA
308,6306,Sondajcılık,Siyaset Bilimi ve Kamu Yönetimi,3314,EA
308,6306,Sondajcılık,Uluslararası İlişkiler,3352,EA
308,1483,SU ALTI KAYNAK TEKNOLOJİSİ,Çalışma Ekonomisi ve Endüstri İlişkileri,3141,EA
308,1483,SU ALTI KAYNAK TEKNOLOJİSİ,Halkla İlişkiler ve Reklamcılık,5111,SÖZ
308,1483,SU ALTI KAYNAK TEKNOLOJİSİ,Halkla İlişkiler ve Tanıtım,3198,SÖZ
308,1483,SU ALTI KAYNAK TEKNOLOJİSİ,İktisat,3213,EA
308,1483,SU ALTI KAYNAK TEKNOLOJİSİ,İşletme,3226,EA
308,1483,SU ALTI KAYNAK TEKNOLOJİSİ,Kamu Yönetimi,3237,EA
308,1483,SU ALTI KAYNAK TEKNOLOJİSİ,Maliye,3254,EA
308,1483,SU ALTI KAYNAK TEKNOLOJİSİ,Siyaset Bilimi ve Kamu Yönetimi,3314,EA
308,1483,SU ALTI KAYNAK TEKNOLOJİSİ,Uluslararası İlişkiler,3352,EA
308,1307,Su Ürünleri,Çalışma Ekonomisi ve Endüstri İlişkileri,3141,EA
308,1307,Su Ürünleri,Halkla İlişkiler ve Reklamcılık,5111,SÖZ
308,1307,Su Ürünleri,Halkla İlişkiler ve Tanıtım,3198,SÖZ
308,1307,Su Ürünleri,İktisat,3213,EA
308,1307,Su Ürünleri,İşletme,3226,EA
308,1307,Su Ürünleri,Kamu Yönetimi,3237,EA
308,1307,Su Ürünleri,Maliye,3254,EA
308,1307,Su Ürünleri,Siyaset Bilimi ve Kamu Yönetimi,3314,EA
308,1307,Su Ürünleri,Uluslararası İlişkiler,3352,EA
308,9232,Su Ürünleri İşleme Teknolojisi,Çalışma Ekonomisi ve Endüstri İlişkileri,3141,EA
308,9232,Su Ürünleri İşleme Teknolojisi,Halkla İlişkiler ve Reklamcılık,5111,SÖZ
308,9232,Su Ürünleri İşleme Teknolojisi,Halkla İlişkiler ve Tanıtım,3198,SÖZ
308,9232,Su Ürünleri İşleme Teknolojisi,İktisat,3213,EA
308,9232,Su Ürünleri İşleme Teknolojisi,İşletme,3226,EA
308,9232,Su Ürünleri İşleme Teknolojisi,Kamu Yönetimi,3237,EA
308,9232,Su Ürünleri İşleme Teknolojisi,Maliye,3254,EA
308,9232,Su Ürünleri İşleme Teknolojisi,Siyaset Bilimi ve Kamu Yönetimi,3314,EA
308,9232,Su Ürünleri İşleme Teknolojisi,Uluslararası İlişkiler,3352,EA
308,1508,SU VE ATIK YÖNETİMİ TEKNİKERLİĞİ,Çalışma Ekonomisi ve Endüstri İlişkileri,3141,EA
308,1508,SU VE ATIK YÖNETİMİ TEKNİKERLİĞİ,Halkla İlişkiler ve Reklamcılık,5111,SÖZ
308,1508,SU VE ATIK YÖNETİMİ TEKNİKERLİĞİ,Halkla İlişkiler ve Tanıtım,3198,SÖZ
308,1508,SU VE ATIK YÖNETİMİ TEKNİKERLİĞİ,İktisat,3213,EA
308,1508,SU VE ATIK YÖNETİMİ TEKNİKERLİĞİ,İşletme,3226,EA
308,1508,SU VE ATIK YÖNETİMİ TEKNİKERLİĞİ,Kamu Yönetimi,3237,EA
308,1508,SU VE ATIK YÖNETİMİ TEKNİKERLİĞİ,Maliye,3254,EA
308,1508,SU VE ATIK YÖNETİMİ TEKNİKERLİĞİ,Siyaset Bilimi ve Kamu Yönetimi,3314,EA
308,1508,SU VE ATIK YÖNETİMİ TEKNİKERLİĞİ,Uluslararası İlişkiler,3352,EA
308,5361,Sualtı,Çalışma Ekonomisi ve Endüstri İlişkileri,3141,EA
308,5361,Sualtı,Halkla İlişkiler ve Reklamcılık,5111,SÖZ
308,5361,Sualtı,Halkla İlişkiler ve Tanıtım,3198,SÖZ
308,5361,Sualtı,İktisat,3213,EA
308,5361,Sualtı,İşletme,3226,EA
308,5361,Sualtı,Kamu Yönetimi,3237,EA
308,5361,Sualtı,Maliye,3254,EA
308,5361,Sualtı,Siyaset Bilimi ve Kamu Yönetimi,3314,EA
308,5361,Sualtı,Uluslararası İlişkiler,3352,EA
308,4355,Sualtı Teknolojisi / Su Altı Teknolojisi,Çalışma Ekonomisi ve Endüstri İlişkileri,3141,EA
308,4355,Sualtı Teknolojisi / Su Altı Teknolojisi,Halkla İlişkiler ve Reklamcılık,5111,SÖZ
308,4355,Sualtı Teknolojisi / Su Altı Teknolojisi,Halkla İlişkiler ve Tanıtım,3198,SÖZ
308,4355,Sualtı Teknolojisi / Su Altı Teknolojisi,İktisat,3213,EA
308,4355,Sualtı Teknolojisi / Su Altı Teknolojisi,İşletme,3226,EA
308,4355,Sualtı Teknolojisi / Su Altı Teknolojisi,Kamu Yönetimi,3237,EA
308,4355,Sualtı Teknolojisi / Su Altı Teknolojisi,Maliye,3254,EA
308,4355,Sualtı Teknolojisi / Su Altı Teknolojisi,Siyaset Bilimi ve Kamu Yönetimi,3314,EA
308,4355,Sualtı Teknolojisi / Su Altı Teknolojisi,Uluslararası İlişkiler,3352,EA
308,5362,Subtropik İklim Bitkileri,Çalışma Ekonomisi ve Endüstri İlişkileri,3141,EA
308,5362,Subtropik İklim Bitkileri,Halkla İlişkiler ve Reklamcılık,5111,SÖZ
308,5362,Subtropik İklim Bitkileri,Halkla İlişkiler ve Tanıtım,3198,SÖZ
308,5362,Subtropik İklim Bitkileri,İktisat,3213,EA
308,5362,Subtropik İklim Bitkileri,İşletme,3226,EA
308,5362,Subtropik İklim Bitkileri,Kamu Yönetimi,3237,EA
308,5362,Subtropik İklim Bitkileri,Maliye,3254,EA
308,5362,Subtropik İklim Bitkileri,Siyaset Bilimi ve Kamu Yönetimi,3314,EA
308,5362,Subtropik İklim Bitkileri,Uluslararası İlişkiler,3352,EA
308,9084,Subtropikal Bitki Yetiştiriciliği,Çalışma Ekonomisi ve Endüstri İlişkileri,3141,EA
308,9084,Subtropikal Bitki Yetiştiriciliği,Halkla İlişkiler ve Reklamcılık,5111,SÖZ
308,9084,Subtropikal Bitki Yetiştiriciliği,Halkla İlişkiler ve Tanıtım,3198,SÖZ
308,9084,Subtropikal Bitki Yetiştiriciliği,İktisat,3213,EA
308,9084,Subtropikal Bitki Yetiştiriciliği,İşletme,3226,EA
308,9084,Subtropikal Bitki Yetiştiriciliği,Kamu Yönetimi,3237,EA
308,9084,Subtropikal Bitki Yetiştiriciliği,Maliye,3254,EA
308,9084,Subtropikal Bitki Yetiştiriciliği,Siyaset Bilimi ve Kamu Yönetimi,3314,EA
308,9084,Subtropikal Bitki Yetiştiriciliği,Uluslararası İlişkiler,3352,EA
308,1308,Sulama Teknolojisi,Çalışma Ekonomisi ve Endüstri İlişkileri,3141,EA
308,1308,Sulama Teknolojisi,Halkla İlişkiler ve Reklamcılık,5111,SÖZ
308,1308,Sulama Teknolojisi,Halkla İlişkiler ve Tanıtım,3198,SÖZ
308,1308,Sulama Teknolojisi,İktisat,3213,EA
308,1308,Sulama Teknolojisi,İşletme,3226,EA
308,1308,Sulama Teknolojisi,Kamu Yönetimi,3237,EA
308,1308,Sulama Teknolojisi,Maliye,3254,EA
308,1308,Sulama Teknolojisi,Siyaset Bilimi ve Kamu Yönetimi,3314,EA
308,1308,Sulama Teknolojisi,Uluslararası İlişkiler,3352,EA
308,8566,Süs Bitkileri Yetiştiriciliği,Çalışma Ekonomisi ve Endüstri İlişkileri,3141,EA
308,8566,Süs Bitkileri Yetiştiriciliği,Halkla İlişkiler ve Reklamcılık,5111,SÖZ
308,8566,Süs Bitkileri Yetiştiriciliği,Halkla İlişkiler ve Tanıtım,3198,SÖZ
308,8566,Süs Bitkileri Yetiştiriciliği,İktisat,3213,EA
308,8566,Süs Bitkileri Yetiştiriciliği,İşletme,3226,EA
308,8566,Süs Bitkileri Yetiştiriciliği,Kamu Yönetimi,3237,EA
308,8566,Süs Bitkileri Yetiştiriciliği,Maliye,3254,EA
308,8566,Süs Bitkileri Yetiştiriciliği,Siyaset Bilimi ve Kamu Yönetimi,3314,EA
308,8566,Süs Bitkileri Yetiştiriciliği,Uluslararası İlişkiler,3352,EA
309,1309,Süt Hayvancılığı,Çalışma Ekonomisi ve Endüstri İlişkileri,3141,EA
309,1309,Süt Hayvancılığı,Halkla İlişkiler ve Reklamcılık,5111,SÖZ
309,1309,Süt Hayvancılığı,Halkla İlişkiler ve Tanıtım,3198,SÖZ
309,1309,Süt Hayvancılığı,İktisat,3213,EA
309,1309,Süt Hayvancılığı,İşletme,3226,EA
309,1309,Süt Hayvancılığı,Kamu Yönetimi,3237,EA
309,1309,Süt Hayvancılığı,Maliye,3254,EA
309,1309,Süt Hayvancılığı,Siyaset Bilimi ve Kamu Yönetimi,3314,EA
309,1309,Süt Hayvancılığı,Uluslararası İlişkiler,3352,EA
309,9317,Süt ve Besi Hayvancılığı,Çalışma Ekonomisi ve Endüstri İlişkileri,3141,EA
309,9317,Süt ve Besi Hayvancılığı,Halkla İlişkiler ve Reklamcılık,5111,SÖZ
309,9317,Süt ve Besi Hayvancılığı,Halkla İlişkiler ve Tanıtım,3198,SÖZ
309,9317,Süt ve Besi Hayvancılığı,İktisat,3213,EA
309,9317,Süt ve Besi Hayvancılığı,İşletme,3226,EA
309,9317,Süt ve Besi Hayvancılığı,Kamu Yönetimi,3237,EA
309,9317,Süt ve Besi Hayvancılığı,Maliye,3254,EA
309,9317,Süt ve Besi Hayvancılığı,Siyaset Bilimi ve Kamu Yönetimi,3314,EA
309,9317,Süt ve Besi Hayvancılığı,Uluslararası İlişkiler,3352,EA
309,1310,Süt ve Ürünleri,Çalışma Ekonomisi ve Endüstri İlişkileri,3141,EA
309,1310,Süt ve Ürünleri,Halkla İlişkiler ve Reklamcılık,5111,SÖZ
309,1310,Süt ve Ürünleri,Halkla İlişkiler ve Tanıtım,3198,SÖZ
309,1310,Süt ve Ürünleri,İktisat,3213,EA
309,1310,Süt ve Ürünleri,İşletme,3226,EA
309,1310,Süt ve Ürünleri,Kamu Yönetimi,3237,EA
309,1310,Süt ve Ürünleri,Maliye,3254,EA
309,1310,Süt ve Ürünleri,Siyaset Bilimi ve Kamu Yönetimi,3314,EA
309,1310,Süt ve Ürünleri,Uluslararası İlişkiler,3352,EA
309,9027,Süt ve Ürünleri Teknolojisi,Çalışma Ekonomisi ve Endüstri İlişkileri,3141,EA
309,9027,Süt ve Ürünleri Teknolojisi,Halkla İlişkiler ve Reklamcılık,5111,SÖZ
309,9027,Süt ve Ürünleri Teknolojisi,Halkla İlişkiler ve Tanıtım,3198,SÖZ
309,9027,Süt ve Ürünleri Teknolojisi,İktisat,3213,EA
309,9027,Süt ve Ürünleri Teknolojisi,İşletme,3226,EA
309,9027,Süt ve Ürünleri Teknolojisi,Kamu Yönetimi,3237,EA
309,9027,Süt ve Ürünleri Teknolojisi,Maliye,3254,EA
309,9027,Süt ve Ürünleri Teknolojisi,Siyaset Bilimi ve Kamu Yönetimi,3314,EA
309,9027,Süt ve Ürünleri Teknolojisi,Uluslararası İlişkiler,3352,EA
309,4356,Şarap Üretim Teknolojisi,Çalışma Ekonomisi ve Endüstri İlişkileri,3141,EA
309,4356,Şarap Üretim Teknolojisi,Halkla İlişkiler ve Reklamcılık,5111,SÖZ
309,4356,Şarap Üretim Teknolojisi,Halkla İlişkiler ve Tanıtım,3198,SÖZ
309,4356,Şarap Üretim Teknolojisi,İktisat,3213,EA
309,4356,Şarap Üretim Teknolojisi,İşletme,3226,EA
309,4356,Şarap Üretim Teknolojisi,Kamu Yönetimi,3237,EA
309,4356,Şarap Üretim Teknolojisi,Maliye,3254,EA
309,4356,Şarap Üretim Teknolojisi,Siyaset Bilimi ve Kamu Yönetimi,3314,EA
309,4356,Şarap Üretim Teknolojisi,Uluslararası İlişkiler,3352,EA
309,8631,Şarap Üretim Teknolojisi ve Bağcılık,Çalışma Ekonomisi ve Endüstri İlişkileri,3141,EA
309,8631,Şarap Üretim Teknolojisi ve Bağcılık,Halkla İlişkiler ve Reklamcılık,5111,SÖZ
309,8631,Şarap Üretim Teknolojisi ve Bağcılık,Halkla İlişkiler ve Tanıtım,3198,SÖZ
309,8631,Şarap Üretim Teknolojisi ve Bağcılık,İktisat,3213,EA
309,8631,Şarap Üretim Teknolojisi ve Bağcılık,İşletme,3226,EA
309,8631,Şarap Üretim Teknolojisi ve Bağcılık,Kamu Yönetimi,3237,EA
309,8631,Şarap Üretim Teknolojisi ve Bağcılık,Maliye,3254,EA
309,8631,Şarap Üretim Teknolojisi ve Bağcılık,Siyaset Bilimi ve Kamu Yönetimi,3314,EA
309,8631,Şarap Üretim Teknolojisi ve Bağcılık,Uluslararası İlişkiler,3352,EA
309,8633,Şeker Teknolojisi,Çalışma Ekonomisi ve Endüstri İlişkileri,3141,EA
309,8633,Şeker Teknolojisi,Halkla İlişkiler ve Reklamcılık,5111,SÖZ
309,8633,Şeker Teknolojisi,Halkla İlişkiler ve Tanıtım,3198,SÖZ
309,8633,Şeker Teknolojisi,İktisat,3213,EA
309,8633,Şeker Teknolojisi,İşletme,3226,EA
309,8633,Şeker Teknolojisi,Kamu Yönetimi,3237,EA
309,8633,Şeker Teknolojisi,Maliye,3254,EA
309,8633,Şeker Teknolojisi,Siyaset Bilimi ve Kamu Yönetimi,3314,EA
309,8633,Şeker Teknolojisi,Uluslararası İlişkiler,3352,EA
309,4358,Tahıl Çiftliği,Çalışma Ekonomisi ve Endüstri İlişkileri,3141,EA
309,4358,Tahıl Çiftliği,Halkla İlişkiler ve Reklamcılık,5111,SÖZ
309,4358,Tahıl Çiftliği,Halkla İlişkiler ve Tanıtım,3198,SÖZ
309,4358,Tahıl Çiftliği,İktisat,3213,EA
309,4358,Tahıl Çiftliği,İşletme,3226,EA
309,4358,Tahıl Çiftliği,Kamu Yönetimi,3237,EA
309,4358,Tahıl Çiftliği,Maliye,3254,EA
309,4358,Tahıl Çiftliği,Siyaset Bilimi ve Kamu Yönetimi,3314,EA
309,4358,Tahıl Çiftliği,Uluslararası İlişkiler,3352,EA
309,9211,Tahribatsız Muayene,Çalışma Ekonomisi ve Endüstri İlişkileri,3141,EA
309,9211,Tahribatsız Muayene,Halkla İlişkiler ve Reklamcılık,5111,SÖZ
309,9211,Tahribatsız Muayene,Halkla İlişkiler ve Tanıtım,3198,SÖZ
309,9211,Tahribatsız Muayene,İktisat,3213,EA
309,9211,Tahribatsız Muayene,İşletme,3226,EA
309,9211,Tahribatsız Muayene,Kamu Yönetimi,3237,EA
309,9211,Tahribatsız Muayene,Maliye,3254,EA
309,9211,Tahribatsız Muayene,Siyaset Bilimi ve Kamu Yönetimi,3314,EA
309,9211,Tahribatsız Muayene,Uluslararası İlişkiler,3352,EA
309,1311,Takı Tasarımı ve Süs Taşları İşlemeciliği,Çalışma Ekonomisi ve Endüstri İlişkileri,3141,EA
309,1311,Takı Tasarımı ve Süs Taşları İşlemeciliği,Halkla İlişkiler ve Reklamcılık,5111,SÖZ
309,1311,Takı Tasarımı ve Süs Taşları İşlemeciliği,Halkla İlişkiler ve Tanıtım,3198,SÖZ
309,1311,Takı Tasarımı ve Süs Taşları İşlemeciliği,İktisat,3213,EA
309,1311,Takı Tasarımı ve Süs Taşları İşlemeciliği,İşletme,3226,EA
309,1311,Takı Tasarımı ve Süs Taşları İşlemeciliği,Kamu Yönetimi,3237,EA
309,1311,Takı Tasarımı ve Süs Taşları İşlemeciliği,Maliye,3254,EA
309,1311,Takı Tasarımı ve Süs Taşları İşlemeciliği,Siyaset Bilimi ve Kamu Yönetimi,3314,EA
309,1311,Takı Tasarımı ve Süs Taşları İşlemeciliği,Uluslararası İlişkiler,3352,EA
309,4360,Takı ve El Sanatları,Çalışma Ekonomisi ve Endüstri İlişkileri,3141,EA
309,4360,Takı ve El Sanatları,Halkla İlişkiler ve Reklamcılık,5111,SÖZ
309,4360,Takı ve El Sanatları,Halkla İlişkiler ve Tanıtım,3198,SÖZ
309,4360,Takı ve El Sanatları,İktisat,3213,EA
309,4360,Takı ve El Sanatları,İşletme,3226,EA
309,4360,Takı ve El Sanatları,Kamu Yönetimi,3237,EA
309,4360,Takı ve El Sanatları,Maliye,3254,EA
309,4360,Takı ve El Sanatları,Siyaset Bilimi ve Kamu Yönetimi,3314,EA
309,4360,Takı ve El Sanatları,Uluslararası İlişkiler,3352,EA
309,1509,TALAŞLI ÜRETİM TEKNİKERLİĞİ,Çalışma Ekonomisi ve Endüstri İlişkileri,3141,EA
309,1509,TALAŞLI ÜRETİM TEKNİKERLİĞİ,Halkla İlişkiler ve Reklamcılık,5111,SÖZ
309,1509,TALAŞLI ÜRETİM TEKNİKERLİĞİ,Halkla İlişkiler ve Tanıtım,3198,SÖZ
309,1509,TALAŞLI ÜRETİM TEKNİKERLİĞİ,İktisat,3213,EA
309,1509,TALAŞLI ÜRETİM TEKNİKERLİĞİ,İşletme,3226,EA
309,1509,TALAŞLI ÜRETİM TEKNİKERLİĞİ,Kamu Yönetimi,3237,EA
309,1509,TALAŞLI ÜRETİM TEKNİKERLİĞİ,Maliye,3254,EA
309,1509,TALAŞLI ÜRETİM TEKNİKERLİĞİ,Siyaset Bilimi ve Kamu Yönetimi,3314,EA
309,1509,TALAŞLI ÜRETİM TEKNİKERLİĞİ,Uluslararası İlişkiler,3352,EA
309,5363,Tarım,Çalışma Ekonomisi ve Endüstri İlişkileri,3141,EA
309,5363,Tarım,Halkla İlişkiler ve Reklamcılık,5111,SÖZ
309,5363,Tarım,Halkla İlişkiler ve Tanıtım,3198,SÖZ
309,5363,Tarım,İktisat,3213,EA
309,5363,Tarım,İşletme,3226,EA
309,5363,Tarım,Kamu Yönetimi,3237,EA
309,5363,Tarım,Maliye,3254,EA
309,5363,Tarım,Siyaset Bilimi ve Kamu Yönetimi,3314,EA
309,5363,Tarım,Uluslararası İlişkiler,3352,EA
309,1313,Tarım Alet ve Makineleri,Çalışma Ekonomisi ve Endüstri İlişkileri,3141,EA
309,1313,Tarım Alet ve Makineleri,Halkla İlişkiler ve Reklamcılık,5111,SÖZ
309,1313,Tarım Alet ve Makineleri,Halkla İlişkiler ve Tanıtım,3198,SÖZ
309,1313,Tarım Alet ve Makineleri,İktisat,3213,EA
309,1313,Tarım Alet ve Makineleri,İşletme,3226,EA
309,1313,Tarım Alet ve Makineleri,Kamu Yönetimi,3237,EA
309,1313,Tarım Alet ve Makineleri,Maliye,3254,EA
309,1313,Tarım Alet ve Makineleri,Siyaset Bilimi ve Kamu Yönetimi,3314,EA
309,1313,Tarım Alet ve Makineleri,Uluslararası İlişkiler,3352,EA
309,8568,Tarım Makinaları / Tarım Makineleri,Çalışma Ekonomisi ve Endüstri İlişkileri,3141,EA
309,8568,Tarım Makinaları / Tarım Makineleri,Halkla İlişkiler ve Reklamcılık,5111,SÖZ
309,8568,Tarım Makinaları / Tarım Makineleri,Halkla İlişkiler ve Tanıtım,3198,SÖZ
309,8568,Tarım Makinaları / Tarım Makineleri,İktisat,3213,EA
309,8568,Tarım Makinaları / Tarım Makineleri,İşletme,3226,EA
309,8568,Tarım Makinaları / Tarım Makineleri,Kamu Yönetimi,3237,EA
309,8568,Tarım Makinaları / Tarım Makineleri,Maliye,3254,EA
309,8568,Tarım Makinaları / Tarım Makineleri,Siyaset Bilimi ve Kamu Yönetimi,3314,EA
309,8568,Tarım Makinaları / Tarım Makineleri,Uluslararası İlişkiler,3352,EA
309,1510,TARIM MAKİNELERİ VE TEKNOLOJİLERİ,Çalışma Ekonomisi ve Endüstri İlişkileri,3141,EA
309,1510,TARIM MAKİNELERİ VE TEKNOLOJİLERİ,Halkla İlişkiler ve Reklamcılık,5111,SÖZ
309,1510,TARIM MAKİNELERİ VE TEKNOLOJİLERİ,Halkla İlişkiler ve Tanıtım,3198,SÖZ
309,1510,TARIM MAKİNELERİ VE TEKNOLOJİLERİ,İktisat,3213,EA
309,1510,TARIM MAKİNELERİ VE TEKNOLOJİLERİ,İşletme,3226,EA
309,1510,TARIM MAKİNELERİ VE TEKNOLOJİLERİ,Kamu Yönetimi,3237,EA
309,1510,TARIM MAKİNELERİ VE TEKNOLOJİLERİ,Maliye,3254,EA
309,1510,TARIM MAKİNELERİ VE TEKNOLOJİLERİ,Siyaset Bilimi ve Kamu Yönetimi,3314,EA
309,1510,TARIM MAKİNELERİ VE TEKNOLOJİLERİ,Uluslararası İlişkiler,3352,EA
309,9478,Tarım Teknolojisi,Çalışma Ekonomisi ve Endüstri İlişkileri,3141,EA
309,9478,Tarım Teknolojisi,Halkla İlişkiler ve Reklamcılık,5111,SÖZ
309,9478,Tarım Teknolojisi,Halkla İlişkiler ve Tanıtım,3198,SÖZ
309,9478,Tarım Teknolojisi,İktisat,3213,EA
309,9478,Tarım Teknolojisi,İşletme,3226,EA
309,9478,Tarım Teknolojisi,Kamu Yönetimi,3237,EA
309,9478,Tarım Teknolojisi,Maliye,3254,EA
309,9478,Tarım Teknolojisi,Siyaset Bilimi ve Kamu Yönetimi,3314,EA
309,9478,Tarım Teknolojisi,Uluslararası İlişkiler,3352,EA
309,5365,Tarım Ürünlerinin Muhafazası,Çalışma Ekonomisi ve Endüstri İlişkileri,3141,EA
309,5365,Tarım Ürünlerinin Muhafazası,Halkla İlişkiler ve Reklamcılık,5111,SÖZ
309,5365,Tarım Ürünlerinin Muhafazası,Halkla İlişkiler ve Tanıtım,3198,SÖZ
309,5365,Tarım Ürünlerinin Muhafazası,İktisat,3213,EA
309,5365,Tarım Ürünlerinin Muhafazası,İşletme,3226,EA
309,5365,Tarım Ürünlerinin Muhafazası,Kamu Yönetimi,3237,EA
309,5365,Tarım Ürünlerinin Muhafazası,Maliye,3254,EA
309,5365,Tarım Ürünlerinin Muhafazası,Siyaset Bilimi ve Kamu Yönetimi,3314,EA
309,5365,Tarım Ürünlerinin Muhafazası,Uluslararası İlişkiler,3352,EA
309,8637,Tarım Ürünlerinin Muhafazası ve Depolanması,Çalışma Ekonomisi ve Endüstri İlişkileri,3141,EA
309,8637,Tarım Ürünlerinin Muhafazası ve Depolanması,Halkla İlişkiler ve Reklamcılık,5111,SÖZ
309,8637,Tarım Ürünlerinin Muhafazası ve Depolanması,Halkla İlişkiler ve Tanıtım,3198,SÖZ
309,8637,Tarım Ürünlerinin Muhafazası ve Depolanması,İktisat,3213,EA
309,8637,Tarım Ürünlerinin Muhafazası ve Depolanması,İşletme,3226,EA
309,8637,Tarım Ürünlerinin Muhafazası ve Depolanması,Kamu Yönetimi,3237,EA
309,8637,Tarım Ürünlerinin Muhafazası ve Depolanması,Maliye,3254,EA
309,8637,Tarım Ürünlerinin Muhafazası ve Depolanması,Siyaset Bilimi ve Kamu Yönetimi,3314,EA
309,8637,Tarım Ürünlerinin Muhafazası ve Depolanması,Uluslararası İlişkiler,3352,EA
309,1315,Tarımsal Laboratuvar,Çalışma Ekonomisi ve Endüstri İlişkileri,3141,EA
309,1315,Tarımsal Laboratuvar,Halkla İlişkiler ve Reklamcılık,5111,SÖZ
309,1315,Tarımsal Laboratuvar,Halkla İlişkiler ve Tanıtım,3198,SÖZ
309,1315,Tarımsal Laboratuvar,İktisat,3213,EA
309,1315,Tarımsal Laboratuvar,İşletme,3226,EA
309,1315,Tarımsal Laboratuvar,Kamu Yönetimi,3237,EA
309,1315,Tarımsal Laboratuvar,Maliye,3254,EA
309,1315,Tarımsal Laboratuvar,Siyaset Bilimi ve Kamu Yönetimi,3314,EA
309,1315,Tarımsal Laboratuvar,Uluslararası İlişkiler,3352,EA
309,4361,Tarımsal Sulama,Çalışma Ekonomisi ve Endüstri İlişkileri,3141,EA
309,4361,Tarımsal Sulama,Halkla İlişkiler ve Reklamcılık,5111,SÖZ
309,4361,Tarımsal Sulama,Halkla İlişkiler ve Tanıtım,3198,SÖZ
309,4361,Tarımsal Sulama,İktisat,3213,EA
309,4361,Tarımsal Sulama,İşletme,3226,EA
309,4361,Tarımsal Sulama,Kamu Yönetimi,3237,EA
309,4361,Tarımsal Sulama,Maliye,3254,EA
309,4361,Tarımsal Sulama,Siyaset Bilimi ve Kamu Yönetimi,3314,EA
309,4361,Tarımsal Sulama,Uluslararası İlişkiler,3352,EA
309,1317,Tarımsal Sulama Yönetimi,Çalışma Ekonomisi ve Endüstri İlişkileri,3141,EA
309,1317,Tarımsal Sulama Yönetimi,Halkla İlişkiler ve Reklamcılık,5111,SÖZ
309,1317,Tarımsal Sulama Yönetimi,Halkla İlişkiler ve Tanıtım,3198,SÖZ
309,1317,Tarımsal Sulama Yönetimi,İktisat,3213,EA
309,1317,Tarımsal Sulama Yönetimi,İşletme,3226,EA
309,1317,Tarımsal Sulama Yönetimi,Kamu Yönetimi,3237,EA
309,1317,Tarımsal Sulama Yönetimi,Maliye,3254,EA
309,1317,Tarımsal Sulama Yönetimi,Siyaset Bilimi ve Kamu Yönetimi,3314,EA
309,1317,Tarımsal Sulama Yönetimi,Uluslararası İlişkiler,3352,EA
309,9038,Tarımsal Ürünler Muhafaza ve Depolama Teknolojisi,Çalışma Ekonomisi ve Endüstri İlişkileri,3141,EA
309,9038,Tarımsal Ürünler Muhafaza ve Depolama Teknolojisi,Halkla İlişkiler ve Reklamcılık,5111,SÖZ
309,9038,Tarımsal Ürünler Muhafaza ve Depolama Teknolojisi,Halkla İlişkiler ve Tanıtım,3198,SÖZ
309,9038,Tarımsal Ürünler Muhafaza ve Depolama Teknolojisi,İktisat,3213,EA
309,9038,Tarımsal Ürünler Muhafaza ve Depolama Teknolojisi,İşletme,3226,EA
309,9038,Tarımsal Ürünler Muhafaza ve Depolama Teknolojisi,Kamu Yönetimi,3237,EA
309,9038,Tarımsal Ürünler Muhafaza ve Depolama Teknolojisi,Maliye,3254,EA
309,9038,Tarımsal Ürünler Muhafaza ve Depolama Teknolojisi,Siyaset Bilimi ve Kamu Yönetimi,3314,EA
309,9038,Tarımsal Ürünler Muhafaza ve Depolama Teknolojisi,Uluslararası İlişkiler,3352,EA
309,1318,Tarla Bitkileri,Çalışma Ekonomisi ve Endüstri İlişkileri,3141,EA
309,1318,Tarla Bitkileri,Halkla İlişkiler ve Reklamcılık,5111,SÖZ
309,1318,Tarla Bitkileri,Halkla İlişkiler ve Tanıtım,3198,SÖZ
309,1318,Tarla Bitkileri,İktisat,3213,EA
309,1318,Tarla Bitkileri,İşletme,3226,EA
309,1318,Tarla Bitkileri,Kamu Yönetimi,3237,EA
309,1318,Tarla Bitkileri,Maliye,3254,EA
309,1318,Tarla Bitkileri,Siyaset Bilimi ve Kamu Yönetimi,3314,EA
309,1318,Tarla Bitkileri,Uluslararası İlişkiler,3352,EA
309,1319,Taş İşlemeciliği,Çalışma Ekonomisi ve Endüstri İlişkileri,3141,EA
309,1319,Taş İşlemeciliği,Halkla İlişkiler ve Reklamcılık,5111,SÖZ
309,1319,Taş İşlemeciliği,Halkla İlişkiler ve Tanıtım,3198,SÖZ
309,1319,Taş İşlemeciliği,İktisat,3213,EA
309,1319,Taş İşlemeciliği,İşletme,3226,EA
309,1319,Taş İşlemeciliği,Kamu Yönetimi,3237,EA
309,1319,Taş İşlemeciliği,Maliye,3254,EA
309,1319,Taş İşlemeciliği,Siyaset Bilimi ve Kamu Yönetimi,3314,EA
309,1319,Taş İşlemeciliği,Uluslararası İlişkiler,3352,EA
309,1320,Taş ve Metal İşlemeciliği,Çalışma Ekonomisi ve Endüstri İlişkileri,3141,EA
309,1320,Taş ve Metal İşlemeciliği,Halkla İlişkiler ve Reklamcılık,5111,SÖZ
309,1320,Taş ve Metal İşlemeciliği,Halkla İlişkiler ve Tanıtım,3198,SÖZ
309,1320,Taş ve Metal İşlemeciliği,İktisat,3213,EA
309,1320,Taş ve Metal İşlemeciliği,İşletme,3226,EA
309,1320,Taş ve Metal İşlemeciliği,Kamu Yönetimi,3237,EA
309,1320,Taş ve Metal İşlemeciliği,Maliye,3254,EA
309,1320,Taş ve Metal İşlemeciliği,Siyaset Bilimi ve Kamu Yönetimi,3314,EA
309,1320,Taş ve Metal İşlemeciliği,Uluslararası İlişkiler,3352,EA
309,1321,Tavukçuluk,Çalışma Ekonomisi ve Endüstri İlişkileri,3141,EA
309,1321,Tavukçuluk,Halkla İlişkiler ve Reklamcılık,5111,SÖZ
309,1321,Tavukçuluk,Halkla İlişkiler ve Tanıtım,3198,SÖZ
309,1321,Tavukçuluk,İktisat,3213,EA
309,1321,Tavukçuluk,İşletme,3226,EA
309,1321,Tavukçuluk,Kamu Yönetimi,3237,EA
309,1321,Tavukçuluk,Maliye,3254,EA
309,1321,Tavukçuluk,Siyaset Bilimi ve Kamu Yönetimi,3314,EA
309,1321,Tavukçuluk,Uluslararası İlişkiler,3352,EA
309,1322,Teknik Seramik,Çalışma Ekonomisi ve Endüstri İlişkileri,3141,EA
309,1322,Teknik Seramik,Halkla İlişkiler ve Reklamcılık,5111,SÖZ
309,1322,Teknik Seramik,Halkla İlişkiler ve Tanıtım,3198,SÖZ
309,1322,Teknik Seramik,İktisat,3213,EA
309,1322,Teknik Seramik,İşletme,3226,EA
309,1322,Teknik Seramik,Kamu Yönetimi,3237,EA
309,1322,Teknik Seramik,Maliye,3254,EA
309,1322,Teknik Seramik,Siyaset Bilimi ve Kamu Yönetimi,3314,EA
309,1322,Teknik Seramik,Uluslararası İlişkiler,3352,EA
309,1323,Tekstil,Çalışma Ekonomisi ve Endüstri İlişkileri,3141,EA
309,1323,Tekstil,Halkla İlişkiler ve Reklamcılık,5111,SÖZ
309,1323,Tekstil,Halkla İlişkiler ve Tanıtım,3198,SÖZ
309,1323,Tekstil,İktisat,3213,EA
309,1323,Tekstil,İşletme,3226,EA
309,1323,Tekstil,Kamu Yönetimi,3237,EA
309,1323,Tekstil,Maliye,3254,EA
309,1323,Tekstil,Siyaset Bilimi ve Kamu Yönetimi,3314,EA
309,1323,Tekstil,Uluslararası İlişkiler,3352,EA
309,1324,Tekstil Baskı,Çalışma Ekonomisi ve Endüstri İlişkileri,3141,EA
309,1324,Tekstil Baskı,Halkla İlişkiler ve Reklamcılık,5111,SÖZ
309,1324,Tekstil Baskı,Halkla İlişkiler ve Tanıtım,3198,SÖZ
309,1324,Tekstil Baskı,İktisat,3213,EA
309,1324,Tekstil Baskı,İşletme,3226,EA
309,1324,Tekstil Baskı,Kamu Yönetimi,3237,EA
309,1324,Tekstil Baskı,Maliye,3254,EA
309,1324,Tekstil Baskı,Siyaset Bilimi ve Kamu Yönetimi,3314,EA
309,1324,Tekstil Baskı,Uluslararası İlişkiler,3352,EA
309,1325,Tekstil Dokuma,Çalışma Ekonomisi ve Endüstri İlişkileri,3141,EA
309,1325,Tekstil Dokuma,Halkla İlişkiler ve Reklamcılık,5111,SÖZ
309,1325,Tekstil Dokuma,Halkla İlişkiler ve Tanıtım,3198,SÖZ
309,1325,Tekstil Dokuma,İktisat,3213,EA
309,1325,Tekstil Dokuma,İşletme,3226,EA
309,1325,Tekstil Dokuma,Kamu Yönetimi,3237,EA
309,1325,Tekstil Dokuma,Maliye,3254,EA
309,1325,Tekstil Dokuma,Siyaset Bilimi ve Kamu Yönetimi,3314,EA
309,1325,Tekstil Dokuma,Uluslararası İlişkiler,3352,EA
309,1326,Tekstil İplikçilik,Çalışma Ekonomisi ve Endüstri İlişkileri,3141,EA
309,1326,Tekstil İplikçilik,Halkla İlişkiler ve Reklamcılık,5111,SÖZ
309,1326,Tekstil İplikçilik,Halkla İlişkiler ve Tanıtım,3198,SÖZ
309,1326,Tekstil İplikçilik,İktisat,3213,EA
309,1326,Tekstil İplikçilik,İşletme,3226,EA
309,1326,Tekstil İplikçilik,Kamu Yönetimi,3237,EA
309,1326,Tekstil İplikçilik,Maliye,3254,EA
309,1326,Tekstil İplikçilik,Siyaset Bilimi ve Kamu Yönetimi,3314,EA
309,1326,Tekstil İplikçilik,Uluslararası İlişkiler,3352,EA
309,9250,Tekstil Tasarımı,Çalışma Ekonomisi ve Endüstri İlişkileri,3141,EA
309,9250,Tekstil Tasarımı,Halkla İlişkiler ve Reklamcılık,5111,SÖZ
309,9250,Tekstil Tasarımı,Halkla İlişkiler ve Tanıtım,3198,SÖZ
309,9250,Tekstil Tasarımı,İktisat,3213,EA
309,9250,Tekstil Tasarımı,İşletme,3226,EA
309,9250,Tekstil Tasarımı,Kamu Yönetimi,3237,EA
309,9250,Tekstil Tasarımı,Maliye,3254,EA
309,9250,Tekstil Tasarımı,Siyaset Bilimi ve Kamu Yönetimi,3314,EA
309,9250,Tekstil Tasarımı,Uluslararası İlişkiler,3352,EA
309,9019,Tekstil Teknolojisi,Çalışma Ekonomisi ve Endüstri İlişkileri,3141,EA
309,9019,Tekstil Teknolojisi,Halkla İlişkiler ve Reklamcılık,5111,SÖZ
309,9019,Tekstil Teknolojisi,Halkla İlişkiler ve Tanıtım,3198,SÖZ
309,9019,Tekstil Teknolojisi,İktisat,3213,EA
309,9019,Tekstil Teknolojisi,İşletme,3226,EA
309,9019,Tekstil Teknolojisi,Kamu Yönetimi,3237,EA
309,9019,Tekstil Teknolojisi,Maliye,3254,EA
309,9019,Tekstil Teknolojisi,Siyaset Bilimi ve Kamu Yönetimi,3314,EA
309,9019,Tekstil Teknolojisi,Uluslararası İlişkiler,3352,EA
309,9252,Tekstil Ürünleri Tasarımı,Çalışma Ekonomisi ve Endüstri İlişkileri,3141,EA
309,9252,Tekstil Ürünleri Tasarımı,Halkla İlişkiler ve Reklamcılık,5111,SÖZ
309,9252,Tekstil Ürünleri Tasarımı,Halkla İlişkiler ve Tanıtım,3198,SÖZ
309,9252,Tekstil Ürünleri Tasarımı,İktisat,3213,EA
309,9252,Tekstil Ürünleri Tasarımı,İşletme,3226,EA
309,9252,Tekstil Ürünleri Tasarımı,Kamu Yönetimi,3237,EA
309,9252,Tekstil Ürünleri Tasarımı,Maliye,3254,EA
309,9252,Tekstil Ürünleri Tasarımı,Siyaset Bilimi ve Kamu Yönetimi,3314,EA
309,9252,Tekstil Ürünleri Tasarımı,Uluslararası İlişkiler,3352,EA
309,8569,Tekstil ve Halı Makineleri,Çalışma Ekonomisi ve Endüstri İlişkileri,3141,EA
309,8569,Tekstil ve Halı Makineleri,Halkla İlişkiler ve Reklamcılık,5111,SÖZ
309,8569,Tekstil ve Halı Makineleri,Halkla İlişkiler ve Tanıtım,3198,SÖZ
309,8569,Tekstil ve Halı Makineleri,İktisat,3213,EA
309,8569,Tekstil ve Halı Makineleri,İşletme,3226,EA
309,8569,Tekstil ve Halı Makineleri,Kamu Yönetimi,3237,EA
309,8569,Tekstil ve Halı Makineleri,Maliye,3254,EA
309,8569,Tekstil ve Halı Makineleri,Siyaset Bilimi ve Kamu Yönetimi,3314,EA
309,8569,Tekstil ve Halı Makineleri,Uluslararası İlişkiler,3352,EA
309,6327,Telekomünikasyon,Çalışma Ekonomisi ve Endüstri İlişkileri,3141,EA
309,6327,Telekomünikasyon,Halkla İlişkiler ve Reklamcılık,5111,SÖZ
309,6327,Telekomünikasyon,Halkla İlişkiler ve Tanıtım,3198,SÖZ
309,6327,Telekomünikasyon,İktisat,3213,EA
309,6327,Telekomünikasyon,İşletme,3226,EA
309,6327,Telekomünikasyon,Kamu Yönetimi,3237,EA
309,6327,Telekomünikasyon,Maliye,3254,EA
309,6327,Telekomünikasyon,Siyaset Bilimi ve Kamu Yönetimi,3314,EA
309,6327,Telekomünikasyon,Uluslararası İlişkiler,3352,EA
309,8641,Televizyon ve Radyo Programcılığı,Çalışma Ekonomisi ve Endüstri İlişkileri,3141,EA
309,8641,Televizyon ve Radyo Programcılığı,Halkla İlişkiler ve Reklamcılık,5111,SÖZ
309,8641,Televizyon ve Radyo Programcılığı,Halkla İlişkiler ve Tanıtım,3198,SÖZ
309,8641,Televizyon ve Radyo Programcılığı,İktisat,3213,EA
309,8641,Televizyon ve Radyo Programcılığı,İşletme,3226,EA
309,8641,Televizyon ve Radyo Programcılığı,Kamu Yönetimi,3237,EA
309,8641,Televizyon ve Radyo Programcılığı,Maliye,3254,EA
309,8641,Televizyon ve Radyo Programcılığı,Siyaset Bilimi ve Kamu Yönetimi,3314,EA
309,8641,Televizyon ve Radyo Programcılığı,Uluslararası İlişkiler,3352,EA
309,8643,Televizyon Yapım ve Yönetimi,Çalışma Ekonomisi ve Endüstri İlişkileri,3141,EA
309,8643,Televizyon Yapım ve Yönetimi,Halkla İlişkiler ve Reklamcılık,5111,SÖZ
309,8643,Televizyon Yapım ve Yönetimi,Halkla İlişkiler ve Tanıtım,3198,SÖZ
309,8643,Televizyon Yapım ve Yönetimi,İktisat,3213,EA
309,8643,Televizyon Yapım ve Yönetimi,İşletme,3226,EA
309,8643,Televizyon Yapım ve Yönetimi,Kamu Yönetimi,3237,EA
309,8643,Televizyon Yapım ve Yönetimi,Maliye,3254,EA
309,8643,Televizyon Yapım ve Yönetimi,Siyaset Bilimi ve Kamu Yönetimi,3314,EA
309,8643,Televizyon Yapım ve Yönetimi,Uluslararası İlişkiler,3352,EA
309,4364,Termik Motorlar ve Otomobil,Çalışma Ekonomisi ve Endüstri İlişkileri,3141,EA
309,4364,Termik Motorlar ve Otomobil,Halkla İlişkiler ve Reklamcılık,5111,SÖZ
309,4364,Termik Motorlar ve Otomobil,Halkla İlişkiler ve Tanıtım,3198,SÖZ
309,4364,Termik Motorlar ve Otomobil,İktisat,3213,EA
309,4364,Termik Motorlar ve Otomobil,İşletme,3226,EA
309,4364,Termik Motorlar ve Otomobil,Kamu Yönetimi,3237,EA
309,4364,Termik Motorlar ve Otomobil,Maliye,3254,EA
309,4364,Termik Motorlar ve Otomobil,Siyaset Bilimi ve Kamu Yönetimi,3314,EA
309,4364,Termik Motorlar ve Otomobil,Uluslararası İlişkiler,3352,EA
309,8570,Termik Santral Makineleri,Çalışma Ekonomisi ve Endüstri İlişkileri,3141,EA
309,8570,Termik Santral Makineleri,Halkla İlişkiler ve Reklamcılık,5111,SÖZ
309,8570,Termik Santral Makineleri,Halkla İlişkiler ve Tanıtım,3198,SÖZ
309,8570,Termik Santral Makineleri,İktisat,3213,EA
309,8570,Termik Santral Makineleri,İşletme,3226,EA
309,8570,Termik Santral Makineleri,Kamu Yönetimi,3237,EA
309,8570,Termik Santral Makineleri,Maliye,3254,EA
309,8570,Termik Santral Makineleri,Siyaset Bilimi ve Kamu Yönetimi,3314,EA
309,8570,Termik Santral Makineleri,Uluslararası İlişkiler,3352,EA
309,8571,Termik Santrallerde Enerji Üretimi,Çalışma Ekonomisi ve Endüstri İlişkileri,3141,EA
309,8571,Termik Santrallerde Enerji Üretimi,Halkla İlişkiler ve Reklamcılık,5111,SÖZ
309,8571,Termik Santrallerde Enerji Üretimi,Halkla İlişkiler ve Tanıtım,3198,SÖZ
309,8571,Termik Santrallerde Enerji Üretimi,İktisat,3213,EA
309,8571,Termik Santrallerde Enerji Üretimi,İşletme,3226,EA
309,8571,Termik Santrallerde Enerji Üretimi,Kamu Yönetimi,3237,EA
309,8571,Termik Santrallerde Enerji Üretimi,Maliye,3254,EA
309,8571,Termik Santrallerde Enerji Üretimi,Siyaset Bilimi ve Kamu Yönetimi,3314,EA
309,8571,Termik Santrallerde Enerji Üretimi,Uluslararası İlişkiler,3352,EA
309,1328,Tesisat Teknolojisi,Çalışma Ekonomisi ve Endüstri İlişkileri,3141,EA
309,1328,Tesisat Teknolojisi,Halkla İlişkiler ve Reklamcılık,5111,SÖZ
309,1328,Tesisat Teknolojisi,Halkla İlişkiler ve Tanıtım,3198,SÖZ
309,1328,Tesisat Teknolojisi,İktisat,3213,EA
309,1328,Tesisat Teknolojisi,İşletme,3226,EA
309,1328,Tesisat Teknolojisi,Kamu Yönetimi,3237,EA
309,1328,Tesisat Teknolojisi,Maliye,3254,EA
309,1328,Tesisat Teknolojisi,Siyaset Bilimi ve Kamu Yönetimi,3314,EA
309,1328,Tesisat Teknolojisi,Uluslararası İlişkiler,3352,EA
309,9494,Tesviye,Çalışma Ekonomisi ve Endüstri İlişkileri,3141,EA
309,9494,Tesviye,Halkla İlişkiler ve Reklamcılık,5111,SÖZ
309,9494,Tesviye,Halkla İlişkiler ve Tanıtım,3198,SÖZ
309,9494,Tesviye,İktisat,3213,EA
309,9494,Tesviye,İşletme,3226,EA
309,9494,Tesviye,Kamu Yönetimi,3237,EA
309,9494,Tesviye,Maliye,3254,EA
309,9494,Tesviye,Siyaset Bilimi ve Kamu Yönetimi,3314,EA
309,9494,Tesviye,Uluslararası İlişkiler,3352,EA
310,4366,Tıbbi İstatistik ve Bilgisayar,Çalışma Ekonomisi ve Endüstri İlişkileri,3141,EA
310,4366,Tıbbi İstatistik ve Bilgisayar,Halkla İlişkiler ve Reklamcılık,5111,SÖZ
310,4366,Tıbbi İstatistik ve Bilgisayar,Halkla İlişkiler ve Tanıtım,3198,SÖZ
310,4366,Tıbbi İstatistik ve Bilgisayar,İktisat,3213,EA
310,4366,Tıbbi İstatistik ve Bilgisayar,İşletme,3226,EA
310,4366,Tıbbi İstatistik ve Bilgisayar,Kamu Yönetimi,3237,EA
310,4366,Tıbbi İstatistik ve Bilgisayar,Maliye,3254,EA
310,4366,Tıbbi İstatistik ve Bilgisayar,Siyaset Bilimi ve Kamu Yönetimi,3314,EA
310,4366,Tıbbi İstatistik ve Bilgisayar,Uluslararası İlişkiler,3352,EA
310,1332,Tıbbi ve Aromatik Bitkiler,Çalışma Ekonomisi ve Endüstri İlişkileri,3141,EA
310,1332,Tıbbi ve Aromatik Bitkiler,Halkla İlişkiler ve Reklamcılık,5111,SÖZ
310,1332,Tıbbi ve Aromatik Bitkiler,Halkla İlişkiler ve Tanıtım,3198,SÖZ
310,1332,Tıbbi ve Aromatik Bitkiler,İktisat,3213,EA
310,1332,Tıbbi ve Aromatik Bitkiler,İşletme,3226,EA
310,1332,Tıbbi ve Aromatik Bitkiler,Kamu Yönetimi,3237,EA
310,1332,Tıbbi ve Aromatik Bitkiler,Maliye,3254,EA
310,1332,Tıbbi ve Aromatik Bitkiler,Siyaset Bilimi ve Kamu Yönetimi,3314,EA
310,1332,Tıbbi ve Aromatik Bitkiler,Uluslararası İlişkiler,3352,EA
310,1334,Tohumculuk,Çalışma Ekonomisi ve Endüstri İlişkileri,3141,EA
310,1334,Tohumculuk,Halkla İlişkiler ve Reklamcılık,5111,SÖZ
310,1334,Tohumculuk,Halkla İlişkiler ve Tanıtım,3198,SÖZ
310,1334,Tohumculuk,İktisat,3213,EA
310,1334,Tohumculuk,İşletme,3226,EA
310,1334,Tohumculuk,Kamu Yönetimi,3237,EA
310,1334,Tohumculuk,Maliye,3254,EA
310,1334,Tohumculuk,Siyaset Bilimi ve Kamu Yönetimi,3314,EA
310,1334,Tohumculuk,Uluslararası İlişkiler,3352,EA
310,9537,Tohumculuk Teknolojisi,Çalışma Ekonomisi ve Endüstri İlişkileri,3141,EA
310,9537,Tohumculuk Teknolojisi,Halkla İlişkiler ve Reklamcılık,5111,SÖZ
310,9537,Tohumculuk Teknolojisi,Halkla İlişkiler ve Tanıtım,3198,SÖZ
310,9537,Tohumculuk Teknolojisi,İktisat,3213,EA
310,9537,Tohumculuk Teknolojisi,İşletme,3226,EA
310,9537,Tohumculuk Teknolojisi,Kamu Yönetimi,3237,EA
310,9537,Tohumculuk Teknolojisi,Maliye,3254,EA
310,9537,Tohumculuk Teknolojisi,Siyaset Bilimi ve Kamu Yönetimi,3314,EA
310,9537,Tohumculuk Teknolojisi,Uluslararası İlişkiler,3352,EA
310,4369,Toplum Sağlığı,Çalışma Ekonomisi ve Endüstri İlişkileri,3141,EA
310,4369,Toplum Sağlığı,Halkla İlişkiler ve Reklamcılık,5111,SÖZ
310,4369,Toplum Sağlığı,Halkla İlişkiler ve Tanıtım,3198,SÖZ
310,4369,Toplum Sağlığı,İktisat,3213,EA
310,4369,Toplum Sağlığı,İşletme,3226,EA
310,4369,Toplum Sağlığı,Kamu Yönetimi,3237,EA
310,4369,Toplum Sağlığı,Maliye,3254,EA
310,4369,Toplum Sağlığı,Siyaset Bilimi ve Kamu Yönetimi,3314,EA
310,4369,Toplum Sağlığı,Uluslararası İlişkiler,3352,EA
310,5367,Turizm Animasyonu,Çalışma Ekonomisi ve Endüstri İlişkileri,3141,EA
310,5367,Turizm Animasyonu,Halkla İlişkiler ve Reklamcılık,5111,SÖZ
310,5367,Turizm Animasyonu,Halkla İlişkiler ve Tanıtım,3198,SÖZ
310,5367,Turizm Animasyonu,İktisat,3213,EA
310,5367,Turizm Animasyonu,İşletme,3226,EA
310,5367,Turizm Animasyonu,Kamu Yönetimi,3237,EA
310,5367,Turizm Animasyonu,Maliye,3254,EA
310,5367,Turizm Animasyonu,Siyaset Bilimi ve Kamu Yönetimi,3314,EA
310,5367,Turizm Animasyonu,Uluslararası İlişkiler,3352,EA
310,9103,Turunçgil Tarımı ve İşleme Teknolojisi,Çalışma Ekonomisi ve Endüstri İlişkileri,3141,EA
310,9103,Turunçgil Tarımı ve İşleme Teknolojisi,Halkla İlişkiler ve Reklamcılık,5111,SÖZ
310,9103,Turunçgil Tarımı ve İşleme Teknolojisi,Halkla İlişkiler ve Tanıtım,3198,SÖZ
310,9103,Turunçgil Tarımı ve İşleme Teknolojisi,İktisat,3213,EA
310,9103,Turunçgil Tarımı ve İşleme Teknolojisi,İşletme,3226,EA
310,9103,Turunçgil Tarımı ve İşleme Teknolojisi,Kamu Yönetimi,3237,EA
310,9103,Turunçgil Tarımı ve İşleme Teknolojisi,Maliye,3254,EA
310,9103,Turunçgil Tarımı ve İşleme Teknolojisi,Siyaset Bilimi ve Kamu Yönetimi,3314,EA
310,9103,Turunçgil Tarımı ve İşleme Teknolojisi,Uluslararası İlişkiler,3352,EA
310,9057,Tütün Tarımı ve İşleme Teknolojisi,Çalışma Ekonomisi ve Endüstri İlişkileri,3141,EA
310,9057,Tütün Tarımı ve İşleme Teknolojisi,Halkla İlişkiler ve Reklamcılık,5111,SÖZ
310,9057,Tütün Tarımı ve İşleme Teknolojisi,Halkla İlişkiler ve Tanıtım,3198,SÖZ
310,9057,Tütün Tarımı ve İşleme Teknolojisi,İktisat,3213,EA
310,9057,Tütün Tarımı ve İşleme Teknolojisi,İşletme,3226,EA
310,9057,Tütün Tarımı ve İşleme Teknolojisi,Kamu Yönetimi,3237,EA
310,9057,Tütün Tarımı ve İşleme Teknolojisi,Maliye,3254,EA
310,9057,Tütün Tarımı ve İşleme Teknolojisi,Siyaset Bilimi ve Kamu Yönetimi,3314,EA
310,9057,Tütün Tarımı ve İşleme Teknolojisi,Uluslararası İlişkiler,3352,EA
310,1340,Tütün Yetiştiriciliği ve İşlemeciliği,Çalışma Ekonomisi ve Endüstri İlişkileri,3141,EA
310,1340,Tütün Yetiştiriciliği ve İşlemeciliği,Halkla İlişkiler ve Reklamcılık,5111,SÖZ
310,1340,Tütün Yetiştiriciliği ve İşlemeciliği,Halkla İlişkiler ve Tanıtım,3198,SÖZ
310,1340,Tütün Yetiştiriciliği ve İşlemeciliği,İktisat,3213,EA
310,1340,Tütün Yetiştiriciliği ve İşlemeciliği,İşletme,3226,EA
310,1340,Tütün Yetiştiriciliği ve İşlemeciliği,Kamu Yönetimi,3237,EA
310,1340,Tütün Yetiştiriciliği ve İşlemeciliği,Maliye,3254,EA
310,1340,Tütün Yetiştiriciliği ve İşlemeciliği,Siyaset Bilimi ve Kamu Yönetimi,3314,EA
310,1340,Tütün Yetiştiriciliği ve İşlemeciliği,Uluslararası İlişkiler,3352,EA
310,5371,Uçak Elektriği,Çalışma Ekonomisi ve Endüstri İlişkileri,3141,EA
310,5371,Uçak Elektriği,Halkla İlişkiler ve Reklamcılık,5111,SÖZ
310,5371,Uçak Elektriği,Halkla İlişkiler ve Tanıtım,3198,SÖZ
310,5371,Uçak Elektriği,İktisat,3213,EA
310,5371,Uçak Elektriği,İşletme,3226,EA
310,5371,Uçak Elektriği,Kamu Yönetimi,3237,EA
310,5371,Uçak Elektriği,Maliye,3254,EA
310,5371,Uçak Elektriği,Siyaset Bilimi ve Kamu Yönetimi,3314,EA
310,5371,Uçak Elektriği,Uluslararası İlişkiler,3352,EA
310,4378,Uçak Elektrik ve Elektroniği,Çalışma Ekonomisi ve Endüstri İlişkileri,3141,EA
310,4378,Uçak Elektrik ve Elektroniği,Halkla İlişkiler ve Reklamcılık,5111,SÖZ
310,4378,Uçak Elektrik ve Elektroniği,Halkla İlişkiler ve Tanıtım,3198,SÖZ
310,4378,Uçak Elektrik ve Elektroniği,İktisat,3213,EA
310,4378,Uçak Elektrik ve Elektroniği,İşletme,3226,EA
310,4378,Uçak Elektrik ve Elektroniği,Kamu Yönetimi,3237,EA
310,4378,Uçak Elektrik ve Elektroniği,Maliye,3254,EA
310,4378,Uçak Elektrik ve Elektroniği,Siyaset Bilimi ve Kamu Yönetimi,3314,EA
310,4378,Uçak Elektrik ve Elektroniği,Uluslararası İlişkiler,3352,EA
310,5372,Uçak Elektroniği,Çalışma Ekonomisi ve Endüstri İlişkileri,3141,EA
310,5372,Uçak Elektroniği,Halkla İlişkiler ve Reklamcılık,5111,SÖZ
310,5372,Uçak Elektroniği,Halkla İlişkiler ve Tanıtım,3198,SÖZ
310,5372,Uçak Elektroniği,İktisat,3213,EA
310,5372,Uçak Elektroniği,İşletme,3226,EA
310,5372,Uçak Elektroniği,Kamu Yönetimi,3237,EA
310,5372,Uçak Elektroniği,Maliye,3254,EA
310,5372,Uçak Elektroniği,Siyaset Bilimi ve Kamu Yönetimi,3314,EA
310,5372,Uçak Elektroniği,Uluslararası İlişkiler,3352,EA
310,4379,Uçak Gövde Bakım,Çalışma Ekonomisi ve Endüstri İlişkileri,3141,EA
310,4379,Uçak Gövde Bakım,Halkla İlişkiler ve Reklamcılık,5111,SÖZ
310,4379,Uçak Gövde Bakım,Halkla İlişkiler ve Tanıtım,3198,SÖZ
310,4379,Uçak Gövde Bakım,İktisat,3213,EA
310,4379,Uçak Gövde Bakım,İşletme,3226,EA
310,4379,Uçak Gövde Bakım,Kamu Yönetimi,3237,EA
310,4379,Uçak Gövde Bakım,Maliye,3254,EA
310,4379,Uçak Gövde Bakım,Siyaset Bilimi ve Kamu Yönetimi,3314,EA
310,4379,Uçak Gövde Bakım,Uluslararası İlişkiler,3352,EA
310,5373,Uçak Gövdesi,Çalışma Ekonomisi ve Endüstri İlişkileri,3141,EA
310,5373,Uçak Gövdesi,Halkla İlişkiler ve Reklamcılık,5111,SÖZ
310,5373,Uçak Gövdesi,Halkla İlişkiler ve Tanıtım,3198,SÖZ
310,5373,Uçak Gövdesi,İktisat,3213,EA
310,5373,Uçak Gövdesi,İşletme,3226,EA
310,5373,Uçak Gövdesi,Kamu Yönetimi,3237,EA
310,5373,Uçak Gövdesi,Maliye,3254,EA
310,5373,Uçak Gövdesi,Siyaset Bilimi ve Kamu Yönetimi,3314,EA
310,5373,Uçak Gövdesi,Uluslararası İlişkiler,3352,EA
310,9589,Uçak Kontrol ve İhbar Radar,Çalışma Ekonomisi ve Endüstri İlişkileri,3141,EA
310,9589,Uçak Kontrol ve İhbar Radar,Halkla İlişkiler ve Reklamcılık,5111,SÖZ
310,9589,Uçak Kontrol ve İhbar Radar,Halkla İlişkiler ve Tanıtım,3198,SÖZ
310,9589,Uçak Kontrol ve İhbar Radar,İktisat,3213,EA
310,9589,Uçak Kontrol ve İhbar Radar,İşletme,3226,EA
310,9589,Uçak Kontrol ve İhbar Radar,Kamu Yönetimi,3237,EA
310,9589,Uçak Kontrol ve İhbar Radar,Maliye,3254,EA
310,9589,Uçak Kontrol ve İhbar Radar,Siyaset Bilimi ve Kamu Yönetimi,3314,EA
310,9589,Uçak Kontrol ve İhbar Radar,Uluslararası İlişkiler,3352,EA
310,5374,Uçak Motoru,Çalışma Ekonomisi ve Endüstri İlişkileri,3141,EA
310,5374,Uçak Motoru,Halkla İlişkiler ve Reklamcılık,5111,SÖZ
310,5374,Uçak Motoru,Halkla İlişkiler ve Tanıtım,3198,SÖZ
310,5374,Uçak Motoru,İktisat,3213,EA
310,5374,Uçak Motoru,İşletme,3226,EA
310,5374,Uçak Motoru,Kamu Yönetimi,3237,EA
310,5374,Uçak Motoru,Maliye,3254,EA
310,5374,Uçak Motoru,Siyaset Bilimi ve Kamu Yönetimi,3314,EA
310,5374,Uçak Motoru,Uluslararası İlişkiler,3352,EA
310,9146,Uçak Teknolojisi,Çalışma Ekonomisi ve Endüstri İlişkileri,3141,EA
310,9146,Uçak Teknolojisi,Halkla İlişkiler ve Reklamcılık,5111,SÖZ
310,9146,Uçak Teknolojisi,Halkla İlişkiler ve Tanıtım,3198,SÖZ
310,9146,Uçak Teknolojisi,İktisat,3213,EA
310,9146,Uçak Teknolojisi,İşletme,3226,EA
310,9146,Uçak Teknolojisi,Kamu Yönetimi,3237,EA
310,9146,Uçak Teknolojisi,Maliye,3254,EA
310,9146,Uçak Teknolojisi,Siyaset Bilimi ve Kamu Yönetimi,3314,EA
310,9146,Uçak Teknolojisi,Uluslararası İlişkiler,3352,EA
310,4380,Uçak Yer Destek Sistemleri,Çalışma Ekonomisi ve Endüstri İlişkileri,3141,EA
310,4380,Uçak Yer Destek Sistemleri,Halkla İlişkiler ve Reklamcılık,5111,SÖZ
310,4380,Uçak Yer Destek Sistemleri,Halkla İlişkiler ve Tanıtım,3198,SÖZ
310,4380,Uçak Yer Destek Sistemleri,İktisat,3213,EA
310,4380,Uçak Yer Destek Sistemleri,İşletme,3226,EA
310,4380,Uçak Yer Destek Sistemleri,Kamu Yönetimi,3237,EA
310,4380,Uçak Yer Destek Sistemleri,Maliye,3254,EA
310,4380,Uçak Yer Destek Sistemleri,Siyaset Bilimi ve Kamu Yönetimi,3314,EA
310,4380,Uçak Yer Destek Sistemleri,Uluslararası İlişkiler,3352,EA
310,9440,Uçuş Harekat Yöneticiliği,Çalışma Ekonomisi ve Endüstri İlişkileri,3141,EA
310,9440,Uçuş Harekat Yöneticiliği,Halkla İlişkiler ve Reklamcılık,5111,SÖZ
310,9440,Uçuş Harekat Yöneticiliği,Halkla İlişkiler ve Tanıtım,3198,SÖZ
310,9440,Uçuş Harekat Yöneticiliği,İktisat,3213,EA
310,9440,Uçuş Harekat Yöneticiliği,İşletme,3226,EA
310,9440,Uçuş Harekat Yöneticiliği,Kamu Yönetimi,3237,EA
310,9440,Uçuş Harekat Yöneticiliği,Maliye,3254,EA
310,9440,Uçuş Harekat Yöneticiliği,Siyaset Bilimi ve Kamu Yönetimi,3314,EA
310,9440,Uçuş Harekat Yöneticiliği,Uluslararası İlişkiler,3352,EA
310,1344,Un Üretim Teknolojisi,Çalışma Ekonomisi ve Endüstri İlişkileri,3141,EA
310,1344,Un Üretim Teknolojisi,Halkla İlişkiler ve Reklamcılık,5111,SÖZ
310,1344,Un Üretim Teknolojisi,Halkla İlişkiler ve Tanıtım,3198,SÖZ
310,1344,Un Üretim Teknolojisi,İktisat,3213,EA
310,1344,Un Üretim Teknolojisi,İşletme,3226,EA
310,1344,Un Üretim Teknolojisi,Kamu Yönetimi,3237,EA
310,1344,Un Üretim Teknolojisi,Maliye,3254,EA
310,1344,Un Üretim Teknolojisi,Siyaset Bilimi ve Kamu Yönetimi,3314,EA
310,1344,Un Üretim Teknolojisi,Uluslararası İlişkiler,3352,EA
310,9249,Un ve Unlu Mamuller Teknolojisi,Çalışma Ekonomisi ve Endüstri İlişkileri,3141,EA
310,9249,Un ve Unlu Mamuller Teknolojisi,Halkla İlişkiler ve Reklamcılık,5111,SÖZ
310,9249,Un ve Unlu Mamuller Teknolojisi,Halkla İlişkiler ve Tanıtım,3198,SÖZ
310,9249,Un ve Unlu Mamuller Teknolojisi,İktisat,3213,EA
310,9249,Un ve Unlu Mamuller Teknolojisi,İşletme,3226,EA
310,9249,Un ve Unlu Mamuller Teknolojisi,Kamu Yönetimi,3237,EA
310,9249,Un ve Unlu Mamuller Teknolojisi,Maliye,3254,EA
310,9249,Un ve Unlu Mamuller Teknolojisi,Siyaset Bilimi ve Kamu Yönetimi,3314,EA
310,9249,Un ve Unlu Mamuller Teknolojisi,Uluslararası İlişkiler,3352,EA
310,1380,Uygulamalı İngilizce Çevirmenlik,Çalışma Ekonomisi ve Endüstri İlişkileri,3141,EA
310,1380,Uygulamalı İngilizce Çevirmenlik,Halkla İlişkiler ve Reklamcılık,5111,SÖZ
310,1380,Uygulamalı İngilizce Çevirmenlik,Halkla İlişkiler ve Tanıtım,3198,SÖZ
310,1380,Uygulamalı İngilizce Çevirmenlik,İktisat,3213,EA
310,1380,Uygulamalı İngilizce Çevirmenlik,İşletme,3226,EA
310,1380,Uygulamalı İngilizce Çevirmenlik,Kamu Yönetimi,3237,EA
310,1380,Uygulamalı İngilizce Çevirmenlik,Maliye,3254,EA
310,1380,Uygulamalı İngilizce Çevirmenlik,Siyaset Bilimi ve Kamu Yönetimi,3314,EA
310,1380,Uygulamalı İngilizce Çevirmenlik,Uluslararası İlişkiler,3352,EA
310,9198,Uygulamalı İngilizce ve Çevirmenlik,Çalışma Ekonomisi ve Endüstri İlişkileri,3141,EA
310,9198,Uygulamalı İngilizce ve Çevirmenlik,Halkla İlişkiler ve Reklamcılık,5111,SÖZ
310,9198,Uygulamalı İngilizce ve Çevirmenlik,Halkla İlişkiler ve Tanıtım,3198,SÖZ
310,9198,Uygulamalı İngilizce ve Çevirmenlik,İktisat,3213,EA
310,9198,Uygulamalı İngilizce ve Çevirmenlik,İşletme,3226,EA
310,9198,Uygulamalı İngilizce ve Çevirmenlik,Kamu Yönetimi,3237,EA
310,9198,Uygulamalı İngilizce ve Çevirmenlik,Maliye,3254,EA
310,9198,Uygulamalı İngilizce ve Çevirmenlik,Siyaset Bilimi ve Kamu Yönetimi,3314,EA
310,9198,Uygulamalı İngilizce ve Çevirmenlik,Uluslararası İlişkiler,3352,EA
310,8576,Uygulamalı İngilizce ve Rehberlik,Çalışma Ekonomisi ve Endüstri İlişkileri,3141,EA
310,8576,Uygulamalı İngilizce ve Rehberlik,Halkla İlişkiler ve Reklamcılık,5111,SÖZ
310,8576,Uygulamalı İngilizce ve Rehberlik,Halkla İlişkiler ve Tanıtım,3198,SÖZ
310,8576,Uygulamalı İngilizce ve Rehberlik,İktisat,3213,EA
310,8576,Uygulamalı İngilizce ve Rehberlik,İşletme,3226,EA
310,8576,Uygulamalı İngilizce ve Rehberlik,Kamu Yönetimi,3237,EA
310,8576,Uygulamalı İngilizce ve Rehberlik,Maliye,3254,EA
310,8576,Uygulamalı İngilizce ve Rehberlik,Siyaset Bilimi ve Kamu Yönetimi,3314,EA
310,8576,Uygulamalı İngilizce ve Rehberlik,Uluslararası İlişkiler,3352,EA
310,1345,Uygulamalı İngilizce-Türkçe Çevirmenlik,Çalışma Ekonomisi ve Endüstri İlişkileri,3141,EA
310,1345,Uygulamalı İngilizce-Türkçe Çevirmenlik,Halkla İlişkiler ve Reklamcılık,5111,SÖZ
310,1345,Uygulamalı İngilizce-Türkçe Çevirmenlik,Halkla İlişkiler ve Tanıtım,3198,SÖZ
310,1345,Uygulamalı İngilizce-Türkçe Çevirmenlik,İktisat,3213,EA
310,1345,Uygulamalı İngilizce-Türkçe Çevirmenlik,İşletme,3226,EA
310,1345,Uygulamalı İngilizce-Türkçe Çevirmenlik,Kamu Yönetimi,3237,EA
310,1345,Uygulamalı İngilizce-Türkçe Çevirmenlik,Maliye,3254,EA
310,1345,Uygulamalı İngilizce-Türkçe Çevirmenlik,Siyaset Bilimi ve Kamu Yönetimi,3314,EA
310,1345,Uygulamalı İngilizce-Türkçe Çevirmenlik,Uluslararası İlişkiler,3352,EA
310,1381,Uygulamalı İspanyolca Çevirmenlik,Çalışma Ekonomisi ve Endüstri İlişkileri,3141,EA
310,1381,Uygulamalı İspanyolca Çevirmenlik,Halkla İlişkiler ve Reklamcılık,5111,SÖZ
310,1381,Uygulamalı İspanyolca Çevirmenlik,Halkla İlişkiler ve Tanıtım,3198,SÖZ
310,1381,Uygulamalı İspanyolca Çevirmenlik,İktisat,3213,EA
310,1381,Uygulamalı İspanyolca Çevirmenlik,İşletme,3226,EA
310,1381,Uygulamalı İspanyolca Çevirmenlik,Kamu Yönetimi,3237,EA
310,1381,Uygulamalı İspanyolca Çevirmenlik,Maliye,3254,EA
310,1381,Uygulamalı İspanyolca Çevirmenlik,Siyaset Bilimi ve Kamu Yönetimi,3314,EA
310,1381,Uygulamalı İspanyolca Çevirmenlik,Uluslararası İlişkiler,3352,EA
310,9199,Uygulamalı İspanyolca ve Çevirmenlik,Çalışma Ekonomisi ve Endüstri İlişkileri,3141,EA
310,9199,Uygulamalı İspanyolca ve Çevirmenlik,Halkla İlişkiler ve Reklamcılık,5111,SÖZ
310,9199,Uygulamalı İspanyolca ve Çevirmenlik,Halkla İlişkiler ve Tanıtım,3198,SÖZ
310,9199,Uygulamalı İspanyolca ve Çevirmenlik,İktisat,3213,EA
310,9199,Uygulamalı İspanyolca ve Çevirmenlik,İşletme,3226,EA
310,9199,Uygulamalı İspanyolca ve Çevirmenlik,Kamu Yönetimi,3237,EA
310,9199,Uygulamalı İspanyolca ve Çevirmenlik,Maliye,3254,EA
310,9199,Uygulamalı İspanyolca ve Çevirmenlik,Siyaset Bilimi ve Kamu Yönetimi,3314,EA
310,9199,Uygulamalı İspanyolca ve Çevirmenlik,Uluslararası İlişkiler,3352,EA
310,4394,Uygulamalı İspanyolca-Türkçe Çevirmenlik,Çalışma Ekonomisi ve Endüstri İlişkileri,3141,EA
310,4394,Uygulamalı İspanyolca-Türkçe Çevirmenlik,Halkla İlişkiler ve Reklamcılık,5111,SÖZ
310,4394,Uygulamalı İspanyolca-Türkçe Çevirmenlik,Halkla İlişkiler ve Tanıtım,3198,SÖZ
310,4394,Uygulamalı İspanyolca-Türkçe Çevirmenlik,İktisat,3213,EA
310,4394,Uygulamalı İspanyolca-Türkçe Çevirmenlik,İşletme,3226,EA
310,4394,Uygulamalı İspanyolca-Türkçe Çevirmenlik,Kamu Yönetimi,3237,EA
310,4394,Uygulamalı İspanyolca-Türkçe Çevirmenlik,Maliye,3254,EA
310,4394,Uygulamalı İspanyolca-Türkçe Çevirmenlik,Siyaset Bilimi ve Kamu Yönetimi,3314,EA
310,4394,Uygulamalı İspanyolca-Türkçe Çevirmenlik,Uluslararası İlişkiler,3352,EA
310,1382,Uygulamalı Rusça Çevirmenlik,Çalışma Ekonomisi ve Endüstri İlişkileri,3141,EA
310,1382,Uygulamalı Rusça Çevirmenlik,Halkla İlişkiler ve Reklamcılık,5111,SÖZ
310,1382,Uygulamalı Rusça Çevirmenlik,Halkla İlişkiler ve Tanıtım,3198,SÖZ
310,1382,Uygulamalı Rusça Çevirmenlik,İktisat,3213,EA
310,1382,Uygulamalı Rusça Çevirmenlik,İşletme,3226,EA
310,1382,Uygulamalı Rusça Çevirmenlik,Kamu Yönetimi,3237,EA
310,1382,Uygulamalı Rusça Çevirmenlik,Maliye,3254,EA
310,1382,Uygulamalı Rusça Çevirmenlik,Siyaset Bilimi ve Kamu Yönetimi,3314,EA
310,1382,Uygulamalı Rusça Çevirmenlik,Uluslararası İlişkiler,3352,EA
310,9200,Uygulamalı Rusça ve Çevirmenlik,Çalışma Ekonomisi ve Endüstri İlişkileri,3141,EA
310,9200,Uygulamalı Rusça ve Çevirmenlik,Halkla İlişkiler ve Reklamcılık,5111,SÖZ
310,9200,Uygulamalı Rusça ve Çevirmenlik,Halkla İlişkiler ve Tanıtım,3198,SÖZ
310,9200,Uygulamalı Rusça ve Çevirmenlik,İktisat,3213,EA
310,9200,Uygulamalı Rusça ve Çevirmenlik,İşletme,3226,EA
310,9200,Uygulamalı Rusça ve Çevirmenlik,Kamu Yönetimi,3237,EA
310,9200,Uygulamalı Rusça ve Çevirmenlik,Maliye,3254,EA
310,9200,Uygulamalı Rusça ve Çevirmenlik,Siyaset Bilimi ve Kamu Yönetimi,3314,EA
310,9200,Uygulamalı Rusça ve Çevirmenlik,Uluslararası İlişkiler,3352,EA
310,4396,Uygulamalı Rusça-Türkçe Çevirmenlik,Çalışma Ekonomisi ve Endüstri İlişkileri,3141,EA
310,4396,Uygulamalı Rusça-Türkçe Çevirmenlik,Halkla İlişkiler ve Reklamcılık,5111,SÖZ
310,4396,Uygulamalı Rusça-Türkçe Çevirmenlik,Halkla İlişkiler ve Tanıtım,3198,SÖZ
310,4396,Uygulamalı Rusça-Türkçe Çevirmenlik,İktisat,3213,EA
310,4396,Uygulamalı Rusça-Türkçe Çevirmenlik,İşletme,3226,EA
310,4396,Uygulamalı Rusça-Türkçe Çevirmenlik,Kamu Yönetimi,3237,EA
310,4396,Uygulamalı Rusça-Türkçe Çevirmenlik,Maliye,3254,EA
310,4396,Uygulamalı Rusça-Türkçe Çevirmenlik,Siyaset Bilimi ve Kamu Yönetimi,3314,EA
310,4396,Uygulamalı Rusça-Türkçe Çevirmenlik,Uluslararası İlişkiler,3352,EA
310,1346,Uygulamalı Takı Teknolojisi,Çalışma Ekonomisi ve Endüstri İlişkileri,3141,EA
310,1346,Uygulamalı Takı Teknolojisi,Halkla İlişkiler ve Reklamcılık,5111,SÖZ
310,1346,Uygulamalı Takı Teknolojisi,Halkla İlişkiler ve Tanıtım,3198,SÖZ
310,1346,Uygulamalı Takı Teknolojisi,İktisat,3213,EA
310,1346,Uygulamalı Takı Teknolojisi,İşletme,3226,EA
310,1346,Uygulamalı Takı Teknolojisi,Kamu Yönetimi,3237,EA
310,1346,Uygulamalı Takı Teknolojisi,Maliye,3254,EA
310,1346,Uygulamalı Takı Teknolojisi,Siyaset Bilimi ve Kamu Yönetimi,3314,EA
310,1346,Uygulamalı Takı Teknolojisi,Uluslararası İlişkiler,3352,EA
310,1513,UZAKTAN ALGILAMA VE COĞRAFİ BİLGİ SİSTEMLERİ,Çalışma Ekonomisi ve Endüstri İlişkileri,3141,EA
310,1513,UZAKTAN ALGILAMA VE COĞRAFİ BİLGİ SİSTEMLERİ,Halkla İlişkiler ve Reklamcılık,5111,SÖZ
310,1513,UZAKTAN ALGILAMA VE COĞRAFİ BİLGİ SİSTEMLERİ,Halkla İlişkiler ve Tanıtım,3198,SÖZ
310,1513,UZAKTAN ALGILAMA VE COĞRAFİ BİLGİ SİSTEMLERİ,İktisat,3213,EA
310,1513,UZAKTAN ALGILAMA VE COĞRAFİ BİLGİ SİSTEMLERİ,İşletme,3226,EA
310,1513,UZAKTAN ALGILAMA VE COĞRAFİ BİLGİ SİSTEMLERİ,Kamu Yönetimi,3237,EA
310,1513,UZAKTAN ALGILAMA VE COĞRAFİ BİLGİ SİSTEMLERİ,Maliye,3254,EA
310,1513,UZAKTAN ALGILAMA VE COĞRAFİ BİLGİ SİSTEMLERİ,Siyaset Bilimi ve Kamu Yönetimi,3314,EA
310,1513,UZAKTAN ALGILAMA VE COĞRAFİ BİLGİ SİSTEMLERİ,Uluslararası İlişkiler,3352,EA
310,4398,Vurmalı Çalgılar,Çalışma Ekonomisi ve Endüstri İlişkileri,3141,EA
310,4398,Vurmalı Çalgılar,Halkla İlişkiler ve Reklamcılık,5111,SÖZ
310,4398,Vurmalı Çalgılar,Halkla İlişkiler ve Tanıtım,3198,SÖZ
310,4398,Vurmalı Çalgılar,İktisat,3213,EA
310,4398,Vurmalı Çalgılar,İşletme,3226,EA
310,4398,Vurmalı Çalgılar,Kamu Yönetimi,3237,EA
310,4398,Vurmalı Çalgılar,Maliye,3254,EA
310,4398,Vurmalı Çalgılar,Siyaset Bilimi ve Kamu Yönetimi,3314,EA
310,4398,Vurmalı Çalgılar,Uluslararası İlişkiler,3352,EA
310,4399,Web Teknolojileri ve Programlama,Çalışma Ekonomisi ve Endüstri İlişkileri,3141,EA
310,4399,Web Teknolojileri ve Programlama,Halkla İlişkiler ve Reklamcılık,5111,SÖZ
310,4399,Web Teknolojileri ve Programlama,Halkla İlişkiler ve Tanıtım,3198,SÖZ
310,4399,Web Teknolojileri ve Programlama,İktisat,3213,EA
310,4399,Web Teknolojileri ve Programlama,İşletme,3226,EA
310,4399,Web Teknolojileri ve Programlama,Kamu Yönetimi,3237,EA
310,4399,Web Teknolojileri ve Programlama,Maliye,3254,EA
310,4399,Web Teknolojileri ve Programlama,Siyaset Bilimi ve Kamu Yönetimi,3314,EA
310,4399,Web Teknolojileri ve Programlama,Uluslararası İlişkiler,3352,EA
310,1347,Yağ Endüstrisi,Çalışma Ekonomisi ve Endüstri İlişkileri,3141,EA
310,1347,Yağ Endüstrisi,Halkla İlişkiler ve Reklamcılık,5111,SÖZ
310,1347,Yağ Endüstrisi,Halkla İlişkiler ve Tanıtım,3198,SÖZ
310,1347,Yağ Endüstrisi,İktisat,3213,EA
310,1347,Yağ Endüstrisi,İşletme,3226,EA
310,1347,Yağ Endüstrisi,Kamu Yönetimi,3237,EA
310,1347,Yağ Endüstrisi,Maliye,3254,EA
310,1347,Yağ Endüstrisi,Siyaset Bilimi ve Kamu Yönetimi,3314,EA
310,1347,Yağ Endüstrisi,Uluslararası İlişkiler,3352,EA
310,8577,Yalıtım Teknolojisi,Çalışma Ekonomisi ve Endüstri İlişkileri,3141,EA
310,8577,Yalıtım Teknolojisi,Halkla İlişkiler ve Reklamcılık,5111,SÖZ
310,8577,Yalıtım Teknolojisi,Halkla İlişkiler ve Tanıtım,3198,SÖZ
310,8577,Yalıtım Teknolojisi,İktisat,3213,EA
310,8577,Yalıtım Teknolojisi,İşletme,3226,EA
310,8577,Yalıtım Teknolojisi,Kamu Yönetimi,3237,EA
310,8577,Yalıtım Teknolojisi,Maliye,3254,EA
310,8577,Yalıtım Teknolojisi,Siyaset Bilimi ve Kamu Yönetimi,3314,EA
310,8577,Yalıtım Teknolojisi,Uluslararası İlişkiler,3352,EA
310,4400,Yapı,Çalışma Ekonomisi ve Endüstri İlişkileri,3141,EA
310,4400,Yapı,Halkla İlişkiler ve Reklamcılık,5111,SÖZ
310,4400,Yapı,Halkla İlişkiler ve Tanıtım,3198,SÖZ
310,4400,Yapı,İktisat,3213,EA
310,4400,Yapı,İşletme,3226,EA
310,4400,Yapı,Kamu Yönetimi,3237,EA
310,4400,Yapı,Maliye,3254,EA
310,4400,Yapı,Siyaset Bilimi ve Kamu Yönetimi,3314,EA
310,4400,Yapı,Uluslararası İlişkiler,3352,EA
310,9251,Yapı Dekoru,Çalışma Ekonomisi ve Endüstri İlişkileri,3141,EA
310,9251,Yapı Dekoru,Halkla İlişkiler ve Reklamcılık,5111,SÖZ
310,9251,Yapı Dekoru,Halkla İlişkiler ve Tanıtım,3198,SÖZ
310,9251,Yapı Dekoru,İktisat,3213,EA
310,9251,Yapı Dekoru,İşletme,3226,EA
310,9251,Yapı Dekoru,Kamu Yönetimi,3237,EA
310,9251,Yapı Dekoru,Maliye,3254,EA
310,9251,Yapı Dekoru,Siyaset Bilimi ve Kamu Yönetimi,3314,EA
310,9251,Yapı Dekoru,Uluslararası İlişkiler,3352,EA
310,8645,Yapı Denetim Yardımcılığı,Çalışma Ekonomisi ve Endüstri İlişkileri,3141,EA
310,8645,Yapı Denetim Yardımcılığı,Halkla İlişkiler ve Reklamcılık,5111,SÖZ
310,8645,Yapı Denetim Yardımcılığı,Halkla İlişkiler ve Tanıtım,3198,SÖZ
310,8645,Yapı Denetim Yardımcılığı,İktisat,3213,EA
310,8645,Yapı Denetim Yardımcılığı,İşletme,3226,EA
310,8645,Yapı Denetim Yardımcılığı,Kamu Yönetimi,3237,EA
310,8645,Yapı Denetim Yardımcılığı,Maliye,3254,EA
310,8645,Yapı Denetim Yardımcılığı,Siyaset Bilimi ve Kamu Yönetimi,3314,EA
310,8645,Yapı Denetim Yardımcılığı,Uluslararası İlişkiler,3352,EA
310,9039,Yapı Denetimi,Çalışma Ekonomisi ve Endüstri İlişkileri,3141,EA
310,9039,Yapı Denetimi,Halkla İlişkiler ve Reklamcılık,5111,SÖZ
310,9039,Yapı Denetimi,Halkla İlişkiler ve Tanıtım,3198,SÖZ
310,9039,Yapı Denetimi,İktisat,3213,EA
310,9039,Yapı Denetimi,İşletme,3226,EA
310,9039,Yapı Denetimi,Kamu Yönetimi,3237,EA
310,9039,Yapı Denetimi,Maliye,3254,EA
310,9039,Yapı Denetimi,Siyaset Bilimi ve Kamu Yönetimi,3314,EA
310,9039,Yapı Denetimi,Uluslararası İlişkiler,3352,EA
310,1351,Yapı Donatım Teknolojisi,Çalışma Ekonomisi ve Endüstri İlişkileri,3141,EA
310,1351,Yapı Donatım Teknolojisi,Halkla İlişkiler ve Reklamcılık,5111,SÖZ
310,1351,Yapı Donatım Teknolojisi,Halkla İlişkiler ve Tanıtım,3198,SÖZ
310,1351,Yapı Donatım Teknolojisi,İktisat,3213,EA
310,1351,Yapı Donatım Teknolojisi,İşletme,3226,EA
310,1351,Yapı Donatım Teknolojisi,Kamu Yönetimi,3237,EA
310,1351,Yapı Donatım Teknolojisi,Maliye,3254,EA
310,1351,Yapı Donatım Teknolojisi,Siyaset Bilimi ve Kamu Yönetimi,3314,EA
310,1351,Yapı Donatım Teknolojisi,Uluslararası İlişkiler,3352,EA
310,9491,Yapı İnşaat,Çalışma Ekonomisi ve Endüstri İlişkileri,3141,EA
310,9491,Yapı İnşaat,Halkla İlişkiler ve Reklamcılık,5111,SÖZ
310,9491,Yapı İnşaat,Halkla İlişkiler ve Tanıtım,3198,SÖZ
310,9491,Yapı İnşaat,İktisat,3213,EA
310,9491,Yapı İnşaat,İşletme,3226,EA
310,9491,Yapı İnşaat,Kamu Yönetimi,3237,EA
310,9491,Yapı İnşaat,Maliye,3254,EA
310,9491,Yapı İnşaat,Siyaset Bilimi ve Kamu Yönetimi,3314,EA
310,9491,Yapı İnşaat,Uluslararası İlişkiler,3352,EA
310,1348,Yapı Ressamlığı,Çalışma Ekonomisi ve Endüstri İlişkileri,3141,EA
310,1348,Yapı Ressamlığı,Halkla İlişkiler ve Reklamcılık,5111,SÖZ
310,1348,Yapı Ressamlığı,Halkla İlişkiler ve Tanıtım,3198,SÖZ
310,1348,Yapı Ressamlığı,İktisat,3213,EA
310,1348,Yapı Ressamlığı,İşletme,3226,EA
310,1348,Yapı Ressamlığı,Kamu Yönetimi,3237,EA
310,1348,Yapı Ressamlığı,Maliye,3254,EA
310,1348,Yapı Ressamlığı,Siyaset Bilimi ve Kamu Yönetimi,3314,EA
310,1348,Yapı Ressamlığı,Uluslararası İlişkiler,3352,EA
311,4401,Yapı Teknolojisi,Çalışma Ekonomisi ve Endüstri İlişkileri,3141,EA
311,4401,Yapı Teknolojisi,Halkla İlişkiler ve Reklamcılık,5111,SÖZ
311,4401,Yapı Teknolojisi,Halkla İlişkiler ve Tanıtım,3198,SÖZ
311,4401,Yapı Teknolojisi,İktisat,3213,EA
311,4401,Yapı Teknolojisi,İşletme,3226,EA
311,4401,Yapı Teknolojisi,Kamu Yönetimi,3237,EA
311,4401,Yapı Teknolojisi,Maliye,3254,EA
311,4401,Yapı Teknolojisi,Siyaset Bilimi ve Kamu Yönetimi,3314,EA
311,4401,Yapı Teknolojisi,Uluslararası İlişkiler,3352,EA
311,5377,Yapı Tesisat Teknolojisi,Çalışma Ekonomisi ve Endüstri İlişkileri,3141,EA
311,5377,Yapı Tesisat Teknolojisi,Halkla İlişkiler ve Reklamcılık,5111,SÖZ
311,5377,Yapı Tesisat Teknolojisi,Halkla İlişkiler ve Tanıtım,3198,SÖZ
311,5377,Yapı Tesisat Teknolojisi,İktisat,3213,EA
311,5377,Yapı Tesisat Teknolojisi,İşletme,3226,EA
311,5377,Yapı Tesisat Teknolojisi,Kamu Yönetimi,3237,EA
311,5377,Yapı Tesisat Teknolojisi,Maliye,3254,EA
311,5377,Yapı Tesisat Teknolojisi,Siyaset Bilimi ve Kamu Yönetimi,3314,EA
311,5377,Yapı Tesisat Teknolojisi,Uluslararası İlişkiler,3352,EA
311,9040,Yapı Yalıtım Teknolojisi,Çalışma Ekonomisi ve Endüstri İlişkileri,3141,EA
311,9040,Yapı Yalıtım Teknolojisi,Halkla İlişkiler ve Reklamcılık,5111,SÖZ
311,9040,Yapı Yalıtım Teknolojisi,Halkla İlişkiler ve Tanıtım,3198,SÖZ
311,9040,Yapı Yalıtım Teknolojisi,İktisat,3213,EA
311,9040,Yapı Yalıtım Teknolojisi,İşletme,3226,EA
311,9040,Yapı Yalıtım Teknolojisi,Kamu Yönetimi,3237,EA
311,9040,Yapı Yalıtım Teknolojisi,Maliye,3254,EA
311,9040,Yapı Yalıtım Teknolojisi,Siyaset Bilimi ve Kamu Yönetimi,3314,EA
311,9040,Yapı Yalıtım Teknolojisi,Uluslararası İlişkiler,3352,EA
311,1514,YAPI YÜZEYİ TASARIM TEKNİKERLİĞİ,Çalışma Ekonomisi ve Endüstri İlişkileri,3141,EA
311,1514,YAPI YÜZEYİ TASARIM TEKNİKERLİĞİ,Halkla İlişkiler ve Reklamcılık,5111,SÖZ
311,1514,YAPI YÜZEYİ TASARIM TEKNİKERLİĞİ,Halkla İlişkiler ve Tanıtım,3198,SÖZ
311,1514,YAPI YÜZEYİ TASARIM TEKNİKERLİĞİ,İktisat,3213,EA
311,1514,YAPI YÜZEYİ TASARIM TEKNİKERLİĞİ,İşletme,3226,EA
311,1514,YAPI YÜZEYİ TASARIM TEKNİKERLİĞİ,Kamu Yönetimi,3237,EA
311,1514,YAPI YÜZEYİ TASARIM TEKNİKERLİĞİ,Maliye,3254,EA
311,1514,YAPI YÜZEYİ TASARIM TEKNİKERLİĞİ,Siyaset Bilimi ve Kamu Yönetimi,3314,EA
311,1514,YAPI YÜZEYİ TASARIM TEKNİKERLİĞİ,Uluslararası İlişkiler,3352,EA
311,9336,Yat Kaptanlığı,Çalışma Ekonomisi ve Endüstri İlişkileri,3141,EA
311,9336,Yat Kaptanlığı,Halkla İlişkiler ve Reklamcılık,5111,SÖZ
311,9336,Yat Kaptanlığı,Halkla İlişkiler ve Tanıtım,3198,SÖZ
311,9336,Yat Kaptanlığı,İktisat,3213,EA
311,9336,Yat Kaptanlığı,İşletme,3226,EA
311,9336,Yat Kaptanlığı,Kamu Yönetimi,3237,EA
311,9336,Yat Kaptanlığı,Maliye,3254,EA
311,9336,Yat Kaptanlığı,Siyaset Bilimi ve Kamu Yönetimi,3314,EA
311,9336,Yat Kaptanlığı,Uluslararası İlişkiler,3352,EA
311,4404,Yat ve Tekne Yapımı,Çalışma Ekonomisi ve Endüstri İlişkileri,3141,EA
311,4404,Yat ve Tekne Yapımı,Halkla İlişkiler ve Reklamcılık,5111,SÖZ
311,4404,Yat ve Tekne Yapımı,Halkla İlişkiler ve Tanıtım,3198,SÖZ
311,4404,Yat ve Tekne Yapımı,İktisat,3213,EA
311,4404,Yat ve Tekne Yapımı,İşletme,3226,EA
311,4404,Yat ve Tekne Yapımı,Kamu Yönetimi,3237,EA
311,4404,Yat ve Tekne Yapımı,Maliye,3254,EA
311,4404,Yat ve Tekne Yapımı,Siyaset Bilimi ve Kamu Yönetimi,3314,EA
311,4404,Yat ve Tekne Yapımı,Uluslararası İlişkiler,3352,EA
311,1349,Yem Teknolojisi ve Hayvan Besleme,Çalışma Ekonomisi ve Endüstri İlişkileri,3141,EA
311,1349,Yem Teknolojisi ve Hayvan Besleme,Halkla İlişkiler ve Reklamcılık,5111,SÖZ
311,1349,Yem Teknolojisi ve Hayvan Besleme,Halkla İlişkiler ve Tanıtım,3198,SÖZ
311,1349,Yem Teknolojisi ve Hayvan Besleme,İktisat,3213,EA
311,1349,Yem Teknolojisi ve Hayvan Besleme,İşletme,3226,EA
311,1349,Yem Teknolojisi ve Hayvan Besleme,Kamu Yönetimi,3237,EA
311,1349,Yem Teknolojisi ve Hayvan Besleme,Maliye,3254,EA
311,1349,Yem Teknolojisi ve Hayvan Besleme,Siyaset Bilimi ve Kamu Yönetimi,3314,EA
311,1349,Yem Teknolojisi ve Hayvan Besleme,Uluslararası İlişkiler,3352,EA
311,8578,Yemek Pişirme Teknikleri,Çalışma Ekonomisi ve Endüstri İlişkileri,3141,EA
311,8578,Yemek Pişirme Teknikleri,Halkla İlişkiler ve Reklamcılık,5111,SÖZ
311,8578,Yemek Pişirme Teknikleri,Halkla İlişkiler ve Tanıtım,3198,SÖZ
311,8578,Yemek Pişirme Teknikleri,İktisat,3213,EA
311,8578,Yemek Pişirme Teknikleri,İşletme,3226,EA
311,8578,Yemek Pişirme Teknikleri,Kamu Yönetimi,3237,EA
311,8578,Yemek Pişirme Teknikleri,Maliye,3254,EA
311,8578,Yemek Pişirme Teknikleri,Siyaset Bilimi ve Kamu Yönetimi,3314,EA
311,8578,Yemek Pişirme Teknikleri,Uluslararası İlişkiler,3352,EA
311,1515,YENİLENEBİLİR ENERJİ TEKNİKERLİĞİ,Çalışma Ekonomisi ve Endüstri İlişkileri,3141,EA
311,1515,YENİLENEBİLİR ENERJİ TEKNİKERLİĞİ,Halkla İlişkiler ve Reklamcılık,5111,SÖZ
311,1515,YENİLENEBİLİR ENERJİ TEKNİKERLİĞİ,Halkla İlişkiler ve Tanıtım,3198,SÖZ
311,1515,YENİLENEBİLİR ENERJİ TEKNİKERLİĞİ,İktisat,3213,EA
311,1515,YENİLENEBİLİR ENERJİ TEKNİKERLİĞİ,İşletme,3226,EA
311,1515,YENİLENEBİLİR ENERJİ TEKNİKERLİĞİ,Kamu Yönetimi,3237,EA
311,1515,YENİLENEBİLİR ENERJİ TEKNİKERLİĞİ,Maliye,3254,EA
311,1515,YENİLENEBİLİR ENERJİ TEKNİKERLİĞİ,Siyaset Bilimi ve Kamu Yönetimi,3314,EA
311,1515,YENİLENEBİLİR ENERJİ TEKNİKERLİĞİ,Uluslararası İlişkiler,3352,EA
311,1516,YEŞİL VE EKOLOJİK BİNA TEKNİKERLİĞİ,Çalışma Ekonomisi ve Endüstri İlişkileri,3141,EA
311,1516,YEŞİL VE EKOLOJİK BİNA TEKNİKERLİĞİ,Halkla İlişkiler ve Reklamcılık,5111,SÖZ
311,1516,YEŞİL VE EKOLOJİK BİNA TEKNİKERLİĞİ,Halkla İlişkiler ve Tanıtım,3198,SÖZ
311,1516,YEŞİL VE EKOLOJİK BİNA TEKNİKERLİĞİ,İktisat,3213,EA
311,1516,YEŞİL VE EKOLOJİK BİNA TEKNİKERLİĞİ,İşletme,3226,EA
311,1516,YEŞİL VE EKOLOJİK BİNA TEKNİKERLİĞİ,Kamu Yönetimi,3237,EA
311,1516,YEŞİL VE EKOLOJİK BİNA TEKNİKERLİĞİ,Maliye,3254,EA
311,1516,YEŞİL VE EKOLOJİK BİNA TEKNİKERLİĞİ,Siyaset Bilimi ve Kamu Yönetimi,3314,EA
311,1516,YEŞİL VE EKOLOJİK BİNA TEKNİKERLİĞİ,Uluslararası İlişkiler,3352,EA
311,1350,Yiyecek İçecek İşletmeciliği / Yiyecek ve İçecek İşletmeciliği,Çalışma Ekonomisi ve Endüstri İlişkileri,3141,EA
311,1350,Yiyecek İçecek İşletmeciliği / Yiyecek ve İçecek İşletmeciliği,Halkla İlişkiler ve Reklamcılık,5111,SÖZ
311,1350,Yiyecek İçecek İşletmeciliği / Yiyecek ve İçecek İşletmeciliği,Halkla İlişkiler ve Tanıtım,3198,SÖZ
311,1350,Yiyecek İçecek İşletmeciliği / Yiyecek ve İçecek İşletmeciliği,İktisat,3213,EA
311,1350,Yiyecek İçecek İşletmeciliği / Yiyecek ve İçecek İşletmeciliği,İşletme,3226,EA
311,1350,Yiyecek İçecek İşletmeciliği / Yiyecek ve İçecek İşletmeciliği,Kamu Yönetimi,3237,EA
311,1350,Yiyecek İçecek İşletmeciliği / Yiyecek ve İçecek İşletmeciliği,Maliye,3254,EA
311,1350,Yiyecek İçecek İşletmeciliği / Yiyecek ve İçecek İşletmeciliği,Siyaset Bilimi ve Kamu Yönetimi,3314,EA
311,1350,Yiyecek İçecek İşletmeciliği / Yiyecek ve İçecek İşletmeciliği,Uluslararası İlişkiler,3352,EA
311,8581,Zeytin Endüstrisi,Çalışma Ekonomisi ve Endüstri İlişkileri,3141,EA
311,8581,Zeytin Endüstrisi,Halkla İlişkiler ve Reklamcılık,5111,SÖZ
311,8581,Zeytin Endüstrisi,Halkla İlişkiler ve Tanıtım,3198,SÖZ
311,8581,Zeytin Endüstrisi,İktisat,3213,EA
311,8581,Zeytin Endüstrisi,İşletme,3226,EA
311,8581,Zeytin Endüstrisi,Kamu Yönetimi,3237,EA
311,8581,Zeytin Endüstrisi,Maliye,3254,EA
311,8581,Zeytin Endüstrisi,Siyaset Bilimi ve Kamu Yönetimi,3314,EA
311,8581,Zeytin Endüstrisi,Uluslararası İlişkiler,3352,EA
311,5379,Zeytin Yetiştiriciliği ve Değerlendirilmesi,Çalışma Ekonomisi ve Endüstri İlişkileri,3141,EA
311,5379,Zeytin Yetiştiriciliği ve Değerlendirilmesi,Halkla İlişkiler ve Reklamcılık,5111,SÖZ
311,5379,Zeytin Yetiştiriciliği ve Değerlendirilmesi,Halkla İlişkiler ve Tanıtım,3198,SÖZ
311,5379,Zeytin Yetiştiriciliği ve Değerlendirilmesi,İktisat,3213,EA
311,5379,Zeytin Yetiştiriciliği ve Değerlendirilmesi,İşletme,3226,EA
311,5379,Zeytin Yetiştiriciliği ve Değerlendirilmesi,Kamu Yönetimi,3237,EA
311,5379,Zeytin Yetiştiriciliği ve Değerlendirilmesi,Maliye,3254,EA
311,5379,Zeytin Yetiştiriciliği ve Değerlendirilmesi,Siyaset Bilimi ve Kamu Yönetimi,3314,EA
311,5379,Zeytin Yetiştiriciliği ve Değerlendirilmesi,Uluslararası İlişkiler,3352,EA
311,9058,Zeytincilik ve Zeytin İşleme Teknolojisi,Çalışma Ekonomisi ve Endüstri İlişkileri,3141,EA
311,9058,Zeytincilik ve Zeytin İşleme Teknolojisi,Halkla İlişkiler ve Reklamcılık,5111,SÖZ
311,9058,Zeytincilik ve Zeytin İşleme Teknolojisi,Halkla İlişkiler ve Tanıtım,3198,SÖZ
311,9058,Zeytincilik ve Zeytin İşleme Teknolojisi,İktisat,3213,EA
311,9058,Zeytincilik ve Zeytin İşleme Teknolojisi,İşletme,3226,EA
311,9058,Zeytincilik ve Zeytin İşleme Teknolojisi,Kamu Yönetimi,3237,EA
311,9058,Zeytincilik ve Zeytin İşleme Teknolojisi,Maliye,3254,EA
311,9058,Zeytincilik ve Zeytin İşleme Teknolojisi,Siyaset Bilimi ve Kamu Yönetimi,3314,EA
311,9058,Zeytincilik ve Zeytin İşleme Teknolojisi,Uluslararası İlişkiler,3352,EA
312,1102,Adalet,Halkla İlişkiler ve Reklamcılık,5111,SÖZ
312,1102,Adalet,Halkla İlişkiler ve Tanıtım,3198,SÖZ
312,9339,Adalet Meslek Eğitimi,Halkla İlişkiler ve Reklamcılık,5111,SÖZ
312,9339,Adalet Meslek Eğitimi,Halkla İlişkiler ve Tanıtım,3198,SÖZ
312,6352,Adalet Meslek Yüksekokulu,Halkla İlişkiler ve Reklamcılık,5111,SÖZ
312,6352,Adalet Meslek Yüksekokulu,Halkla İlişkiler ve Tanıtım,3198,SÖZ
312,9077,Ağırlama Hizmetleri,Halkla İlişkiler ve Reklamcılık,5111,SÖZ
312,9077,Ağırlama Hizmetleri,Halkla İlişkiler ve Tanıtım,3198,SÖZ
312,5307,Avrupa Topluluğu,Halkla İlişkiler ve Reklamcılık,5111,SÖZ
312,5307,Avrupa Topluluğu,Halkla İlişkiler ve Tanıtım,3198,SÖZ
312,9340,Deniz Kuvvetleri Meslek Eğitimi,Halkla İlişkiler ve Reklamcılık,5111,SÖZ
312,9340,Deniz Kuvvetleri Meslek Eğitimi,Halkla İlişkiler ve Tanıtım,3198,SÖZ
312,1146,Dış Ticaret ve Avrupa Birliği,Halkla İlişkiler ve Reklamcılık,5111,SÖZ
312,1146,Dış Ticaret ve Avrupa Birliği,Halkla İlişkiler ve Tanıtım,3198,SÖZ
312,1156,Emlak ve Emlak Yönetimi,Halkla İlişkiler ve Reklamcılık,5111,SÖZ
312,1156,Emlak ve Emlak Yönetimi,Halkla İlişkiler ve Tanıtım,3198,SÖZ
312,1383,Emlak Yönetimi,Halkla İlişkiler ve Reklamcılık,5111,SÖZ
312,1383,Emlak Yönetimi,Halkla İlişkiler ve Tanıtım,3198,SÖZ
312,9230,Enerji Tesisleri İşletmeciliği,Halkla İlişkiler ve Reklamcılık,5111,SÖZ
312,9230,Enerji Tesisleri İşletmeciliği,Halkla İlişkiler ve Tanıtım,3198,SÖZ
312,2105,Ev İdaresi,Halkla İlişkiler ve Reklamcılık,5111,SÖZ
312,2105,Ev İdaresi,Halkla İlişkiler ve Tanıtım,3198,SÖZ
312,9799,"Finans, Bankacılık ve Sigortacılık",Halkla İlişkiler ve Reklamcılık,5111,SÖZ
312,9799,"Finans, Bankacılık ve Sigortacılık",Halkla İlişkiler ve Tanıtım,3198,SÖZ
312,4266,Gayrimenkul Yönetimi,Halkla İlişkiler ve Reklamcılık,5111,SÖZ
312,4266,Gayrimenkul Yönetimi,Halkla İlişkiler ve Tanıtım,3198,SÖZ
312,4267,Gayrimenkul Yönetimi ve Pazarlama,Halkla İlişkiler ve Reklamcılık,5111,SÖZ
312,4267,Gayrimenkul Yönetimi ve Pazarlama,Halkla İlişkiler ve Tanıtım,3198,SÖZ
312,1191,Hastane Yönetimi ve Organizasyon,Halkla İlişkiler ve Reklamcılık,5111,SÖZ
312,1191,Hastane Yönetimi ve Organizasyon,Halkla İlişkiler ve Tanıtım,3198,SÖZ
312,9341,Hava Kuvvetleri Meslek Eğitimi,Halkla İlişkiler ve Reklamcılık,5111,SÖZ
312,9341,Hava Kuvvetleri Meslek Eğitimi,Halkla İlişkiler ve Tanıtım,3198,SÖZ
312,1199,Host ve Hosteslik / Host ve Hosteslik (Otobüs),Halkla İlişkiler ve Reklamcılık,5111,SÖZ
312,1199,Host ve Hosteslik / Host ve Hosteslik (Otobüs),Halkla İlişkiler ve Tanıtım,3198,SÖZ
312,1206,İşletme Organizasyonu ve Çiftlik Yönetimi,Halkla İlişkiler ve Reklamcılık,5111,SÖZ
312,1206,İşletme Organizasyonu ve Çiftlik Yönetimi,Halkla İlişkiler ve Tanıtım,3198,SÖZ
312,1209,İthalat-İhracat,Halkla İlişkiler ve Reklamcılık,5111,SÖZ
312,1209,İthalat-İhracat,Halkla İlişkiler ve Tanıtım,3198,SÖZ
312,9295,Jandarma Meslek Eğitimi,Halkla İlişkiler ve Reklamcılık,5111,SÖZ
312,9295,Jandarma Meslek Eğitimi,Halkla İlişkiler ve Tanıtım,3198,SÖZ
312,9342,Kara Kuvvetleri Meslek Eğitimi,Halkla İlişkiler ve Reklamcılık,5111,SÖZ
312,9342,Kara Kuvvetleri Meslek Eğitimi,Halkla İlişkiler ve Tanıtım,3198,SÖZ
312,9134,Kültürel Miras ve Turizm,Halkla İlişkiler ve Reklamcılık,5111,SÖZ
312,9134,Kültürel Miras ve Turizm,Halkla İlişkiler ve Tanıtım,3198,SÖZ
312,1230,Mahalli İdareler,Halkla İlişkiler ve Reklamcılık,5111,SÖZ
312,1230,Mahalli İdareler,Halkla İlişkiler ve Tanıtım,3198,SÖZ
312,1231,Mahalli İdareler (Zabıta),Halkla İlişkiler ve Reklamcılık,5111,SÖZ
312,1231,Mahalli İdareler (Zabıta),Halkla İlişkiler ve Tanıtım,3198,SÖZ
312,9133,Medya ve İletişim,Halkla İlişkiler ve Reklamcılık,5111,SÖZ
312,9133,Medya ve İletişim,Halkla İlişkiler ve Tanıtım,3198,SÖZ
312,8611,Menkul Kıymetler ve Sermaye Piyasası,Halkla İlişkiler ve Reklamcılık,5111,SÖZ
312,8611,Menkul Kıymetler ve Sermaye Piyasası,Halkla İlişkiler ve Tanıtım,3198,SÖZ
312,1255,Otel Yöneticiliği,Halkla İlişkiler ve Reklamcılık,5111,SÖZ
312,1255,Otel Yöneticiliği,Halkla İlişkiler ve Tanıtım,3198,SÖZ
312,6259,Otobüs İşletmeciliği,Halkla İlişkiler ve Reklamcılık,5111,SÖZ
312,6259,Otobüs İşletmeciliği,Halkla İlişkiler ve Tanıtım,3198,SÖZ
312,9258,Otobüsçülük Yer Hizmetleri,Halkla İlişkiler ve Reklamcılık,5111,SÖZ
312,9258,Otobüsçülük Yer Hizmetleri,Halkla İlişkiler ve Tanıtım,3198,SÖZ
312,9338,Polis Meslek Eğitimi,Halkla İlişkiler ve Reklamcılık,5111,SÖZ
312,9338,Polis Meslek Eğitimi,Halkla İlişkiler ve Tanıtım,3198,SÖZ
312,9449,Polis Meslek Yüksekokulu,Halkla İlişkiler ve Reklamcılık,5111,SÖZ
312,9449,Polis Meslek Yüksekokulu,Halkla İlişkiler ve Tanıtım,3198,SÖZ
312,9257,Sermaye Piyasası ve Borsa,Halkla İlişkiler ve Reklamcılık,5111,SÖZ
312,9257,Sermaye Piyasası ve Borsa,Halkla İlişkiler ve Tanıtım,3198,SÖZ
312,1303,Sigortacılık,Halkla İlişkiler ve Reklamcılık,5111,SÖZ
312,1303,Sigortacılık,Halkla İlişkiler ve Tanıtım,3198,SÖZ
312,9098,Sosyal Güvenlik,Halkla İlişkiler ve Reklamcılık,5111,SÖZ
312,9098,Sosyal Güvenlik,Halkla İlişkiler ve Tanıtım,3198,SÖZ
312,9130,Spor Yönetimi,Halkla İlişkiler ve Reklamcılık,5111,SÖZ
312,9130,Spor Yönetimi,Halkla İlişkiler ve Tanıtım,3198,SÖZ
312,9253,Tarım İşletmeciliği,Halkla İlişkiler ve Reklamcılık,5111,SÖZ
312,9253,Tarım İşletmeciliği,Halkla İlişkiler ve Tanıtım,3198,SÖZ
312,8635,Tarım İşletmeciliği ve Pazarlama,Halkla İlişkiler ve Reklamcılık,5111,SÖZ
312,8635,Tarım İşletmeciliği ve Pazarlama,Halkla İlişkiler ve Tanıtım,3198,SÖZ
312,5364,Tarım İşletmeciliği ve Pazarlama ve Depolanması,Halkla İlişkiler ve Reklamcılık,5111,SÖZ
312,5364,Tarım İşletmeciliği ve Pazarlama ve Depolanması,Halkla İlişkiler ve Tanıtım,3198,SÖZ
312,5366,Tarımsal İşletmecilik,Halkla İlişkiler ve Reklamcılık,5111,SÖZ
312,5366,Tarımsal İşletmecilik,Halkla İlişkiler ve Tanıtım,3198,SÖZ
312,1314,Tarımsal Kooperatifçilik,Halkla İlişkiler ve Reklamcılık,5111,SÖZ
312,1314,Tarımsal Kooperatifçilik,Halkla İlişkiler ve Tanıtım,3198,SÖZ
312,1329,Tıbbi Dokümantasyon ve Sekreterlik,Halkla İlişkiler ve Reklamcılık,5111,SÖZ
312,1329,Tıbbi Dokümantasyon ve Sekreterlik,Halkla İlişkiler ve Tanıtım,3198,SÖZ
312,1214,Üretimde Kalite Kontrol,Halkla İlişkiler ve Reklamcılık,5111,SÖZ
312,1214,Üretimde Kalite Kontrol,Halkla İlişkiler ve Tanıtım,3198,SÖZ
312,8580,Yerel Yönetimler,Halkla İlişkiler ve Reklamcılık,5111,SÖZ
312,8580,Yerel Yönetimler,Halkla İlişkiler ve Tanıtım,3198,SÖZ
313,1459,ARKA-YÜZ YAZILIM GELİŞTİRME,Çalışma Ekonomisi ve Endüstri İlişkileri,3141,EA
313,1459,ARKA-YÜZ YAZILIM GELİŞTİRME,Halkla İlişkiler ve Reklamcılık,5111,SÖZ
313,1459,ARKA-YÜZ YAZILIM GELİŞTİRME,Halkla İlişkiler ve Tanıtım,3198,SÖZ
313,1459,ARKA-YÜZ YAZILIM GELİŞTİRME,İktisat,3213,EA
313,1459,ARKA-YÜZ YAZILIM GELİŞTİRME,İşletme,3226,EA
313,1459,ARKA-YÜZ YAZILIM GELİŞTİRME,Kamu Yönetimi,3237,EA
313,1459,ARKA-YÜZ YAZILIM GELİŞTİRME,Maliye,3254,EA
313,1459,ARKA-YÜZ YAZILIM GELİŞTİRME,Siyaset Bilimi ve Kamu Yönetimi,3314,EA
313,1459,ARKA-YÜZ YAZILIM GELİŞTİRME,Uluslararası İlişkiler,3352,EA
313,1459,ARKA-YÜZ YAZILIM GELİŞTİRME,Yönetim Bilişim Sistemleri,3361,EA
313,9104,Bilgi Güvenliği Teknolojisi,Çalışma Ekonomisi ve Endüstri İlişkileri,3141,EA
313,9104,Bilgi Güvenliği Teknolojisi,Halkla İlişkiler ve Reklamcılık,5111,SÖZ
313,9104,Bilgi Güvenliği Teknolojisi,Halkla İlişkiler ve Tanıtım,3198,SÖZ
313,9104,Bilgi Güvenliği Teknolojisi,İktisat,3213,EA
313,9104,Bilgi Güvenliği Teknolojisi,İşletme,3226,EA
313,9104,Bilgi Güvenliği Teknolojisi,Kamu Yönetimi,3237,EA
313,9104,Bilgi Güvenliği Teknolojisi,Maliye,3254,EA
313,9104,Bilgi Güvenliği Teknolojisi,Siyaset Bilimi ve Kamu Yönetimi,3314,EA
313,9104,Bilgi Güvenliği Teknolojisi,Uluslararası İlişkiler,3352,EA
313,9104,Bilgi Güvenliği Teknolojisi,Yönetim Bilişim Sistemleri,3361,EA
313,8504,Bilgi İşlem,Çalışma Ekonomisi ve Endüstri İlişkileri,3141,EA
313,8504,Bilgi İşlem,Halkla İlişkiler ve Reklamcılık,5111,SÖZ
313,8504,Bilgi İşlem,Halkla İlişkiler ve Tanıtım,3198,SÖZ
313,8504,Bilgi İşlem,İktisat,3213,EA
313,8504,Bilgi İşlem,İşletme,3226,EA
313,8504,Bilgi İşlem,Kamu Yönetimi,3237,EA
313,8504,Bilgi İşlem,Maliye,3254,EA
313,8504,Bilgi İşlem,Siyaset Bilimi ve Kamu Yönetimi,3314,EA
313,8504,Bilgi İşlem,Uluslararası İlişkiler,3352,EA
313,8504,Bilgi İşlem,Yönetim Bilişim Sistemleri,3361,EA
313,4217,Bilgi Teknolojileri,Çalışma Ekonomisi ve Endüstri İlişkileri,3141,EA
313,4217,Bilgi Teknolojileri,Halkla İlişkiler ve Reklamcılık,5111,SÖZ
313,4217,Bilgi Teknolojileri,Halkla İlişkiler ve Tanıtım,3198,SÖZ
313,4217,Bilgi Teknolojileri,İktisat,3213,EA
313,4217,Bilgi Teknolojileri,İşletme,3226,EA
313,4217,Bilgi Teknolojileri,Kamu Yönetimi,3237,EA
313,4217,Bilgi Teknolojileri,Maliye,3254,EA
313,4217,Bilgi Teknolojileri,Siyaset Bilimi ve Kamu Yönetimi,3314,EA
313,4217,Bilgi Teknolojileri,Uluslararası İlişkiler,3352,EA
313,4217,Bilgi Teknolojileri,Yönetim Bilişim Sistemleri,3361,EA
313,9214,Bilgi ve İletişim Teknolojileri/Bilgisayar,Çalışma Ekonomisi ve Endüstri İlişkileri,3141,EA
313,9214,Bilgi ve İletişim Teknolojileri/Bilgisayar,Halkla İlişkiler ve Reklamcılık,5111,SÖZ
313,9214,Bilgi ve İletişim Teknolojileri/Bilgisayar,Halkla İlişkiler ve Tanıtım,3198,SÖZ
313,9214,Bilgi ve İletişim Teknolojileri/Bilgisayar,İktisat,3213,EA
313,9214,Bilgi ve İletişim Teknolojileri/Bilgisayar,İşletme,3226,EA
313,9214,Bilgi ve İletişim Teknolojileri/Bilgisayar,Kamu Yönetimi,3237,EA
313,9214,Bilgi ve İletişim Teknolojileri/Bilgisayar,Maliye,3254,EA
313,9214,Bilgi ve İletişim Teknolojileri/Bilgisayar,Siyaset Bilimi ve Kamu Yönetimi,3314,EA
313,9214,Bilgi ve İletişim Teknolojileri/Bilgisayar,Uluslararası İlişkiler,3352,EA
313,9214,Bilgi ve İletişim Teknolojileri/Bilgisayar,Yönetim Bilişim Sistemleri,3361,EA
313,4218,Bilgisayar,Çalışma Ekonomisi ve Endüstri İlişkileri,3141,EA
313,4218,Bilgisayar,Halkla İlişkiler ve Reklamcılık,5111,SÖZ
313,4218,Bilgisayar,Halkla İlişkiler ve Tanıtım,3198,SÖZ
313,4218,Bilgisayar,İktisat,3213,EA
313,4218,Bilgisayar,İşletme,3226,EA
313,4218,Bilgisayar,Kamu Yönetimi,3237,EA
313,4218,Bilgisayar,Maliye,3254,EA
313,4218,Bilgisayar,Siyaset Bilimi ve Kamu Yönetimi,3314,EA
313,4218,Bilgisayar,Uluslararası İlişkiler,3352,EA
313,4218,Bilgisayar,Yönetim Bilişim Sistemleri,3361,EA
313,1119,Bilgisayar Donanımı,Çalışma Ekonomisi ve Endüstri İlişkileri,3141,EA
313,1119,Bilgisayar Donanımı,Halkla İlişkiler ve Reklamcılık,5111,SÖZ
313,1119,Bilgisayar Donanımı,Halkla İlişkiler ve Tanıtım,3198,SÖZ
313,1119,Bilgisayar Donanımı,İktisat,3213,EA
313,1119,Bilgisayar Donanımı,İşletme,3226,EA
313,1119,Bilgisayar Donanımı,Kamu Yönetimi,3237,EA
313,1119,Bilgisayar Donanımı,Maliye,3254,EA
313,1119,Bilgisayar Donanımı,Siyaset Bilimi ve Kamu Yönetimi,3314,EA
313,1119,Bilgisayar Donanımı,Uluslararası İlişkiler,3352,EA
313,1119,Bilgisayar Donanımı,Yönetim Bilişim Sistemleri,3361,EA
313,8501,Bilgisayar Operatörlüğü,Çalışma Ekonomisi ve Endüstri İlişkileri,3141,EA
313,8501,Bilgisayar Operatörlüğü,Halkla İlişkiler ve Reklamcılık,5111,SÖZ
313,8501,Bilgisayar Operatörlüğü,Halkla İlişkiler ve Tanıtım,3198,SÖZ
313,8501,Bilgisayar Operatörlüğü,İktisat,3213,EA
313,8501,Bilgisayar Operatörlüğü,İşletme,3226,EA
313,8501,Bilgisayar Operatörlüğü,Kamu Yönetimi,3237,EA
313,8501,Bilgisayar Operatörlüğü,Maliye,3254,EA
313,8501,Bilgisayar Operatörlüğü,Siyaset Bilimi ve Kamu Yönetimi,3314,EA
313,8501,Bilgisayar Operatörlüğü,Uluslararası İlişkiler,3352,EA
313,8501,Bilgisayar Operatörlüğü,Yönetim Bilişim Sistemleri,3361,EA
313,1120,Bilgisayar Operatörlüğü ve Teknikerliği,Çalışma Ekonomisi ve Endüstri İlişkileri,3141,EA
313,1120,Bilgisayar Operatörlüğü ve Teknikerliği,Halkla İlişkiler ve Reklamcılık,5111,SÖZ
313,1120,Bilgisayar Operatörlüğü ve Teknikerliği,Halkla İlişkiler ve Tanıtım,3198,SÖZ
313,1120,Bilgisayar Operatörlüğü ve Teknikerliği,İktisat,3213,EA
313,1120,Bilgisayar Operatörlüğü ve Teknikerliği,İşletme,3226,EA
313,1120,Bilgisayar Operatörlüğü ve Teknikerliği,Kamu Yönetimi,3237,EA
313,1120,Bilgisayar Operatörlüğü ve Teknikerliği,Maliye,3254,EA
313,1120,Bilgisayar Operatörlüğü ve Teknikerliği,Siyaset Bilimi ve Kamu Yönetimi,3314,EA
313,1120,Bilgisayar Operatörlüğü ve Teknikerliği,Uluslararası İlişkiler,3352,EA
313,1120,Bilgisayar Operatörlüğü ve Teknikerliği,Yönetim Bilişim Sistemleri,3361,EA
313,1121,Bilgisayar Programcılığı,Çalışma Ekonomisi ve Endüstri İlişkileri,3141,EA
313,1121,Bilgisayar Programcılığı,Halkla İlişkiler ve Reklamcılık,5111,SÖZ
313,1121,Bilgisayar Programcılığı,Halkla İlişkiler ve Tanıtım,3198,SÖZ
313,1121,Bilgisayar Programcılığı,İktisat,3213,EA
313,1121,Bilgisayar Programcılığı,İşletme,3226,EA
313,1121,Bilgisayar Programcılığı,Kamu Yönetimi,3237,EA
313,1121,Bilgisayar Programcılığı,Maliye,3254,EA
313,1121,Bilgisayar Programcılığı,Siyaset Bilimi ve Kamu Yönetimi,3314,EA
313,1121,Bilgisayar Programcılığı,Uluslararası İlişkiler,3352,EA
313,1121,Bilgisayar Programcılığı,Yönetim Bilişim Sistemleri,3361,EA
313,1353,Bilgisayar Programcılığı (İnternet),Çalışma Ekonomisi ve Endüstri İlişkileri,3141,EA
313,1353,Bilgisayar Programcılığı (İnternet),Halkla İlişkiler ve Reklamcılık,5111,SÖZ
313,1353,Bilgisayar Programcılığı (İnternet),Halkla İlişkiler ve Tanıtım,3198,SÖZ
313,1353,Bilgisayar Programcılığı (İnternet),İktisat,3213,EA
313,1353,Bilgisayar Programcılığı (İnternet),İşletme,3226,EA
313,1353,Bilgisayar Programcılığı (İnternet),Kamu Yönetimi,3237,EA
313,1353,Bilgisayar Programcılığı (İnternet),Maliye,3254,EA
313,1353,Bilgisayar Programcılığı (İnternet),Siyaset Bilimi ve Kamu Yönetimi,3314,EA
313,1353,Bilgisayar Programcılığı (İnternet),Uluslararası İlişkiler,3352,EA
313,1353,Bilgisayar Programcılığı (İnternet),Yönetim Bilişim Sistemleri,3361,EA
313,8506,Bilgisayar Programlama,Çalışma Ekonomisi ve Endüstri İlişkileri,3141,EA
313,8506,Bilgisayar Programlama,Halkla İlişkiler ve Reklamcılık,5111,SÖZ
313,8506,Bilgisayar Programlama,Halkla İlişkiler ve Tanıtım,3198,SÖZ
313,8506,Bilgisayar Programlama,İktisat,3213,EA
313,8506,Bilgisayar Programlama,İşletme,3226,EA
313,8506,Bilgisayar Programlama,Kamu Yönetimi,3237,EA
313,8506,Bilgisayar Programlama,Maliye,3254,EA
313,8506,Bilgisayar Programlama,Siyaset Bilimi ve Kamu Yönetimi,3314,EA
313,8506,Bilgisayar Programlama,Uluslararası İlişkiler,3352,EA
313,8506,Bilgisayar Programlama,Yönetim Bilişim Sistemleri,3361,EA
313,9075,Bilgisayar Teknolojisi,Çalışma Ekonomisi ve Endüstri İlişkileri,3141,EA
313,9075,Bilgisayar Teknolojisi,Halkla İlişkiler ve Reklamcılık,5111,SÖZ
313,9075,Bilgisayar Teknolojisi,Halkla İlişkiler ve Tanıtım,3198,SÖZ
313,9075,Bilgisayar Teknolojisi,İktisat,3213,EA
313,9075,Bilgisayar Teknolojisi,İşletme,3226,EA
313,9075,Bilgisayar Teknolojisi,Kamu Yönetimi,3237,EA
313,9075,Bilgisayar Teknolojisi,Maliye,3254,EA
313,9075,Bilgisayar Teknolojisi,Siyaset Bilimi ve Kamu Yönetimi,3314,EA
313,9075,Bilgisayar Teknolojisi,Uluslararası İlişkiler,3352,EA
313,9075,Bilgisayar Teknolojisi,Yönetim Bilişim Sistemleri,3361,EA
313,1369,Bilişim Güvenliği Teknolojisi,Çalışma Ekonomisi ve Endüstri İlişkileri,3141,EA
313,1369,Bilişim Güvenliği Teknolojisi,Halkla İlişkiler ve Reklamcılık,5111,SÖZ
313,1369,Bilişim Güvenliği Teknolojisi,Halkla İlişkiler ve Tanıtım,3198,SÖZ
313,1369,Bilişim Güvenliği Teknolojisi,İktisat,3213,EA
313,1369,Bilişim Güvenliği Teknolojisi,İşletme,3226,EA
313,1369,Bilişim Güvenliği Teknolojisi,Kamu Yönetimi,3237,EA
313,1369,Bilişim Güvenliği Teknolojisi,Maliye,3254,EA
313,1369,Bilişim Güvenliği Teknolojisi,Siyaset Bilimi ve Kamu Yönetimi,3314,EA
313,1369,Bilişim Güvenliği Teknolojisi,Uluslararası İlişkiler,3352,EA
313,1369,Bilişim Güvenliği Teknolojisi,Yönetim Bilişim Sistemleri,3361,EA
313,4223,Bilişim Sistemleri ve Teknolojileri,Çalışma Ekonomisi ve Endüstri İlişkileri,3141,EA
313,4223,Bilişim Sistemleri ve Teknolojileri,Halkla İlişkiler ve Reklamcılık,5111,SÖZ
313,4223,Bilişim Sistemleri ve Teknolojileri,Halkla İlişkiler ve Tanıtım,3198,SÖZ
313,4223,Bilişim Sistemleri ve Teknolojileri,İktisat,3213,EA
313,4223,Bilişim Sistemleri ve Teknolojileri,İşletme,3226,EA
313,4223,Bilişim Sistemleri ve Teknolojileri,Kamu Yönetimi,3237,EA
313,4223,Bilişim Sistemleri ve Teknolojileri,Maliye,3254,EA
313,4223,Bilişim Sistemleri ve Teknolojileri,Siyaset Bilimi ve Kamu Yönetimi,3314,EA
313,4223,Bilişim Sistemleri ve Teknolojileri,Uluslararası İlişkiler,3352,EA
313,4223,Bilişim Sistemleri ve Teknolojileri,Yönetim Bilişim Sistemleri,3361,EA
313,1470,Bulut Bilişim Operatörlüğü,Çalışma Ekonomisi ve Endüstri İlişkileri,3141,EA
313,1470,Bulut Bilişim Operatörlüğü,Halkla İlişkiler ve Reklamcılık,5111,SÖZ
313,1470,Bulut Bilişim Operatörlüğü,Halkla İlişkiler ve Tanıtım,3198,SÖZ
313,1470,Bulut Bilişim Operatörlüğü,İktisat,3213,EA
313,1470,Bulut Bilişim Operatörlüğü,İşletme,3226,EA
313,1470,Bulut Bilişim Operatörlüğü,Kamu Yönetimi,3237,EA
313,1470,Bulut Bilişim Operatörlüğü,Maliye,3254,EA
313,1470,Bulut Bilişim Operatörlüğü,Siyaset Bilimi ve Kamu Yönetimi,3314,EA
313,1470,Bulut Bilişim Operatörlüğü,Uluslararası İlişkiler,3352,EA
313,1470,Bulut Bilişim Operatörlüğü,Yönetim Bilişim Sistemleri,3361,EA
313,1460,BÜYÜK VERİ ANALİSTLİĞİ,Çalışma Ekonomisi ve Endüstri İlişkileri,3141,EA
313,1460,BÜYÜK VERİ ANALİSTLİĞİ,Halkla İlişkiler ve Reklamcılık,5111,SÖZ
313,1460,BÜYÜK VERİ ANALİSTLİĞİ,Halkla İlişkiler ve Tanıtım,3198,SÖZ
313,1460,BÜYÜK VERİ ANALİSTLİĞİ,İktisat,3213,EA
313,1460,BÜYÜK VERİ ANALİSTLİĞİ,İşletme,3226,EA
313,1460,BÜYÜK VERİ ANALİSTLİĞİ,Kamu Yönetimi,3237,EA
313,1460,BÜYÜK VERİ ANALİSTLİĞİ,Maliye,3254,EA
313,1460,BÜYÜK VERİ ANALİSTLİĞİ,Siyaset Bilimi ve Kamu Yönetimi,3314,EA
313,1460,BÜYÜK VERİ ANALİSTLİĞİ,Uluslararası İlişkiler,3352,EA
313,1460,BÜYÜK VERİ ANALİSTLİĞİ,Yönetim Bilişim Sistemleri,3361,EA
313,4291,İnternet ve Ağ Teknolojileri,Çalışma Ekonomisi ve Endüstri İlişkileri,3141,EA
313,4291,İnternet ve Ağ Teknolojileri,Halkla İlişkiler ve Reklamcılık,5111,SÖZ
313,4291,İnternet ve Ağ Teknolojileri,Halkla İlişkiler ve Tanıtım,3198,SÖZ
313,4291,İnternet ve Ağ Teknolojileri,İktisat,3213,EA
313,4291,İnternet ve Ağ Teknolojileri,İşletme,3226,EA
313,4291,İnternet ve Ağ Teknolojileri,Kamu Yönetimi,3237,EA
313,4291,İnternet ve Ağ Teknolojileri,Maliye,3254,EA
313,4291,İnternet ve Ağ Teknolojileri,Siyaset Bilimi ve Kamu Yönetimi,3314,EA
313,4291,İnternet ve Ağ Teknolojileri,Uluslararası İlişkiler,3352,EA
313,4291,İnternet ve Ağ Teknolojileri,Yönetim Bilişim Sistemleri,3361,EA
313,1464,KURUMSAL BİLİŞİM UZMANLIĞI,Çalışma Ekonomisi ve Endüstri İlişkileri,3141,EA
313,1464,KURUMSAL BİLİŞİM UZMANLIĞI,Halkla İlişkiler ve Reklamcılık,5111,SÖZ
313,1464,KURUMSAL BİLİŞİM UZMANLIĞI,Halkla İlişkiler ve Tanıtım,3198,SÖZ
313,1464,KURUMSAL BİLİŞİM UZMANLIĞI,İktisat,3213,EA
313,1464,KURUMSAL BİLİŞİM UZMANLIĞI,İşletme,3226,EA
313,1464,KURUMSAL BİLİŞİM UZMANLIĞI,Kamu Yönetimi,3237,EA
313,1464,KURUMSAL BİLİŞİM UZMANLIĞI,Maliye,3254,EA
313,1464,KURUMSAL BİLİŞİM UZMANLIĞI,Siyaset Bilimi ve Kamu Yönetimi,3314,EA
313,1464,KURUMSAL BİLİŞİM UZMANLIĞI,Uluslararası İlişkiler,3352,EA
313,1464,KURUMSAL BİLİŞİM UZMANLIĞI,Yönetim Bilişim Sistemleri,3361,EA
313,9306,Mobil Teknolojileri,Çalışma Ekonomisi ve Endüstri İlişkileri,3141,EA
313,9306,Mobil Teknolojileri,Halkla İlişkiler ve Reklamcılık,5111,SÖZ
313,9306,Mobil Teknolojileri,Halkla İlişkiler ve Tanıtım,3198,SÖZ
313,9306,Mobil Teknolojileri,İktisat,3213,EA
313,9306,Mobil Teknolojileri,İşletme,3226,EA
313,9306,Mobil Teknolojileri,Kamu Yönetimi,3237,EA
313,9306,Mobil Teknolojileri,Maliye,3254,EA
313,9306,Mobil Teknolojileri,Siyaset Bilimi ve Kamu Yönetimi,3314,EA
313,9306,Mobil Teknolojileri,Uluslararası İlişkiler,3352,EA
313,9306,Mobil Teknolojileri,Yönetim Bilişim Sistemleri,3361,EA
313,9527,Operatörlük,Çalışma Ekonomisi ve Endüstri İlişkileri,3141,EA
313,9527,Operatörlük,Halkla İlişkiler ve Reklamcılık,5111,SÖZ
313,9527,Operatörlük,Halkla İlişkiler ve Tanıtım,3198,SÖZ
313,9527,Operatörlük,İktisat,3213,EA
313,9527,Operatörlük,İşletme,3226,EA
313,9527,Operatörlük,Kamu Yönetimi,3237,EA
313,9527,Operatörlük,Maliye,3254,EA
313,9527,Operatörlük,Siyaset Bilimi ve Kamu Yönetimi,3314,EA
313,9527,Operatörlük,Uluslararası İlişkiler,3352,EA
313,9527,Operatörlük,Yönetim Bilişim Sistemleri,3361,EA
313,1467,ÖN-YÜZ YAZILIM GELİŞTİRME,Çalışma Ekonomisi ve Endüstri İlişkileri,3141,EA
313,1467,ÖN-YÜZ YAZILIM GELİŞTİRME,Halkla İlişkiler ve Reklamcılık,5111,SÖZ
313,1467,ÖN-YÜZ YAZILIM GELİŞTİRME,Halkla İlişkiler ve Tanıtım,3198,SÖZ
313,1467,ÖN-YÜZ YAZILIM GELİŞTİRME,İktisat,3213,EA
313,1467,ÖN-YÜZ YAZILIM GELİŞTİRME,İşletme,3226,EA
313,1467,ÖN-YÜZ YAZILIM GELİŞTİRME,Kamu Yönetimi,3237,EA
313,1467,ÖN-YÜZ YAZILIM GELİŞTİRME,Maliye,3254,EA
313,1467,ÖN-YÜZ YAZILIM GELİŞTİRME,Siyaset Bilimi ve Kamu Yönetimi,3314,EA
313,1467,ÖN-YÜZ YAZILIM GELİŞTİRME,Uluslararası İlişkiler,3352,EA
313,1467,ÖN-YÜZ YAZILIM GELİŞTİRME,Yönetim Bilişim Sistemleri,3361,EA
313,1449,Siber Güvenlik,Çalışma Ekonomisi ve Endüstri İlişkileri,3141,EA
313,1449,Siber Güvenlik,Halkla İlişkiler ve Reklamcılık,5111,SÖZ
313,1449,Siber Güvenlik,Halkla İlişkiler ve Tanıtım,3198,SÖZ
313,1449,Siber Güvenlik,İktisat,3213,EA
313,1449,Siber Güvenlik,İşletme,3226,EA
313,1449,Siber Güvenlik,Kamu Yönetimi,3237,EA
313,1449,Siber Güvenlik,Maliye,3254,EA
313,1449,Siber Güvenlik,Siyaset Bilimi ve Kamu Yönetimi,3314,EA
313,1449,Siber Güvenlik,Uluslararası İlişkiler,3352,EA
313,1449,Siber Güvenlik,Yönetim Bilişim Sistemleri,3361,EA
313,1451,SİBER GÜVENLİK ANALİSTLİĞİ VE OPERATÖRLÜĞÜ,Çalışma Ekonomisi ve Endüstri İlişkileri,3141,EA
313,1451,SİBER GÜVENLİK ANALİSTLİĞİ VE OPERATÖRLÜĞÜ,Halkla İlişkiler ve Reklamcılık,5111,SÖZ
313,1451,SİBER GÜVENLİK ANALİSTLİĞİ VE OPERATÖRLÜĞÜ,Halkla İlişkiler ve Tanıtım,3198,SÖZ
313,1451,SİBER GÜVENLİK ANALİSTLİĞİ VE OPERATÖRLÜĞÜ,İktisat,3213,EA
313,1451,SİBER GÜVENLİK ANALİSTLİĞİ VE OPERATÖRLÜĞÜ,İşletme,3226,EA
313,1451,SİBER GÜVENLİK ANALİSTLİĞİ VE OPERATÖRLÜĞÜ,Kamu Yönetimi,3237,EA
313,1451,SİBER GÜVENLİK ANALİSTLİĞİ VE OPERATÖRLÜĞÜ,Maliye,3254,EA
313,1451,SİBER GÜVENLİK ANALİSTLİĞİ VE OPERATÖRLÜĞÜ,Siyaset Bilimi ve Kamu Yönetimi,3314,EA
313,1451,SİBER GÜVENLİK ANALİSTLİĞİ VE OPERATÖRLÜĞÜ,Uluslararası İlişkiler,3352,EA
313,1451,SİBER GÜVENLİK ANALİSTLİĞİ VE OPERATÖRLÜĞÜ,Yönetim Bilişim Sistemleri,3361,EA
313,9457,Web Tasarımı ve Kodlama,Çalışma Ekonomisi ve Endüstri İlişkileri,3141,EA
313,9457,Web Tasarımı ve Kodlama,Halkla İlişkiler ve Reklamcılık,5111,SÖZ
313,9457,Web Tasarımı ve Kodlama,Halkla İlişkiler ve Tanıtım,3198,SÖZ
313,9457,Web Tasarımı ve Kodlama,İktisat,3213,EA
313,9457,Web Tasarımı ve Kodlama,İşletme,3226,EA
313,9457,Web Tasarımı ve Kodlama,Kamu Yönetimi,3237,EA
313,9457,Web Tasarımı ve Kodlama,Maliye,3254,EA
313,9457,Web Tasarımı ve Kodlama,Siyaset Bilimi ve Kamu Yönetimi,3314,EA
313,9457,Web Tasarımı ve Kodlama,Uluslararası İlişkiler,3352,EA
313,9457,Web Tasarımı ve Kodlama,Yönetim Bilişim Sistemleri,3361,EA
313,1469,YAPAY ZEKA OPERATÖRLÜĞÜ,Çalışma Ekonomisi ve Endüstri İlişkileri,3141,EA
313,1469,YAPAY ZEKA OPERATÖRLÜĞÜ,Halkla İlişkiler ve Reklamcılık,5111,SÖZ
313,1469,YAPAY ZEKA OPERATÖRLÜĞÜ,Halkla İlişkiler ve Tanıtım,3198,SÖZ
313,1469,YAPAY ZEKA OPERATÖRLÜĞÜ,İktisat,3213,EA
313,1469,YAPAY ZEKA OPERATÖRLÜĞÜ,İşletme,3226,EA
313,1469,YAPAY ZEKA OPERATÖRLÜĞÜ,Kamu Yönetimi,3237,EA
313,1469,YAPAY ZEKA OPERATÖRLÜĞÜ,Maliye,3254,EA
313,1469,YAPAY ZEKA OPERATÖRLÜĞÜ,Siyaset Bilimi ve Kamu Yönetimi,3314,EA
313,1469,YAPAY ZEKA OPERATÖRLÜĞÜ,Uluslararası İlişkiler,3352,EA
313,1469,YAPAY ZEKA OPERATÖRLÜĞÜ,Yönetim Bilişim Sistemleri,3361,EA
314,9285,Balon Pilotluğu,Çalışma Ekonomisi ve Endüstri İlişkileri,3141,EA
314,9285,Balon Pilotluğu,Halkla İlişkiler ve Reklamcılık,5111,SÖZ
314,9285,Balon Pilotluğu,Halkla İlişkiler ve Tanıtım,3198,SÖZ
314,9285,Balon Pilotluğu,Havacılık Yönetimi,9428,EA
314,9285,Balon Pilotluğu,İktisat,3213,EA
314,9285,Balon Pilotluğu,İşletme,3226,EA
314,9285,Balon Pilotluğu,Kamu Yönetimi,3237,EA
314,9285,Balon Pilotluğu,Maliye,3254,EA
314,9285,Balon Pilotluğu,Siyaset Bilimi ve Kamu Yönetimi,3314,EA
314,9285,Balon Pilotluğu,Uluslararası İlişkiler,3352,EA
314,8515,Demiryolu İnşaatı ve İşletmeciliği,Çalışma Ekonomisi ve Endüstri İlişkileri,3141,EA
314,8515,Demiryolu İnşaatı ve İşletmeciliği,Halkla İlişkiler ve Reklamcılık,5111,SÖZ
314,8515,Demiryolu İnşaatı ve İşletmeciliği,Halkla İlişkiler ve Tanıtım,3198,SÖZ
314,8515,Demiryolu İnşaatı ve İşletmeciliği,Havacılık Yönetimi,9428,EA
314,8515,Demiryolu İnşaatı ve İşletmeciliği,İktisat,3213,EA
314,8515,Demiryolu İnşaatı ve İşletmeciliği,İşletme,3226,EA
314,8515,Demiryolu İnşaatı ve İşletmeciliği,Kamu Yönetimi,3237,EA
314,8515,Demiryolu İnşaatı ve İşletmeciliği,Maliye,3254,EA
314,8515,Demiryolu İnşaatı ve İşletmeciliği,Siyaset Bilimi ve Kamu Yönetimi,3314,EA
314,8515,Demiryolu İnşaatı ve İşletmeciliği,Uluslararası İlişkiler,3352,EA
314,8532,Hava Kontrolörlüğü / Hava Kontrolörü,Çalışma Ekonomisi ve Endüstri İlişkileri,3141,EA
314,8532,Hava Kontrolörlüğü / Hava Kontrolörü,Halkla İlişkiler ve Reklamcılık,5111,SÖZ
314,8532,Hava Kontrolörlüğü / Hava Kontrolörü,Halkla İlişkiler ve Tanıtım,3198,SÖZ
314,8532,Hava Kontrolörlüğü / Hava Kontrolörü,Havacılık Yönetimi,9428,EA
314,8532,Hava Kontrolörlüğü / Hava Kontrolörü,İktisat,3213,EA
314,8532,Hava Kontrolörlüğü / Hava Kontrolörü,İşletme,3226,EA
314,8532,Hava Kontrolörlüğü / Hava Kontrolörü,Kamu Yönetimi,3237,EA
314,8532,Hava Kontrolörlüğü / Hava Kontrolörü,Maliye,3254,EA
314,8532,Hava Kontrolörlüğü / Hava Kontrolörü,Siyaset Bilimi ve Kamu Yönetimi,3314,EA
314,8532,Hava Kontrolörlüğü / Hava Kontrolörü,Uluslararası İlişkiler,3352,EA
314,4281,Hava Trafik,Çalışma Ekonomisi ve Endüstri İlişkileri,3141,EA
314,4281,Hava Trafik,Halkla İlişkiler ve Reklamcılık,5111,SÖZ
314,4281,Hava Trafik,Halkla İlişkiler ve Tanıtım,3198,SÖZ
314,4281,Hava Trafik,Havacılık Yönetimi,9428,EA
314,4281,Hava Trafik,İktisat,3213,EA
314,4281,Hava Trafik,İşletme,3226,EA
314,4281,Hava Trafik,Kamu Yönetimi,3237,EA
314,4281,Hava Trafik,Maliye,3254,EA
314,4281,Hava Trafik,Siyaset Bilimi ve Kamu Yönetimi,3314,EA
314,4281,Hava Trafik,Uluslararası İlişkiler,3352,EA
314,9243,Hava Trafik Kontrolörü,Çalışma Ekonomisi ve Endüstri İlişkileri,3141,EA
314,9243,Hava Trafik Kontrolörü,Halkla İlişkiler ve Reklamcılık,5111,SÖZ
314,9243,Hava Trafik Kontrolörü,Halkla İlişkiler ve Tanıtım,3198,SÖZ
314,9243,Hava Trafik Kontrolörü,Havacılık Yönetimi,9428,EA
314,9243,Hava Trafik Kontrolörü,İktisat,3213,EA
314,9243,Hava Trafik Kontrolörü,İşletme,3226,EA
314,9243,Hava Trafik Kontrolörü,Kamu Yönetimi,3237,EA
314,9243,Hava Trafik Kontrolörü,Maliye,3254,EA
314,9243,Hava Trafik Kontrolörü,Siyaset Bilimi ve Kamu Yönetimi,3314,EA
314,9243,Hava Trafik Kontrolörü,Uluslararası İlişkiler,3352,EA
314,1216,Karayolu Ulaşımı ve Trafik,Çalışma Ekonomisi ve Endüstri İlişkileri,3141,EA
314,1216,Karayolu Ulaşımı ve Trafik,Halkla İlişkiler ve Reklamcılık,5111,SÖZ
314,1216,Karayolu Ulaşımı ve Trafik,Halkla İlişkiler ve Tanıtım,3198,SÖZ
314,1216,Karayolu Ulaşımı ve Trafik,Havacılık Yönetimi,9428,EA
314,1216,Karayolu Ulaşımı ve Trafik,İktisat,3213,EA
314,1216,Karayolu Ulaşımı ve Trafik,İşletme,3226,EA
314,1216,Karayolu Ulaşımı ve Trafik,Kamu Yönetimi,3237,EA
314,1216,Karayolu Ulaşımı ve Trafik,Maliye,3254,EA
314,1216,Karayolu Ulaşımı ve Trafik,Siyaset Bilimi ve Kamu Yönetimi,3314,EA
314,1216,Karayolu Ulaşımı ve Trafik,Uluslararası İlişkiler,3352,EA
314,1503,KARAYOLU YÜK TAŞITI SÜRÜCÜLÜĞÜ,Çalışma Ekonomisi ve Endüstri İlişkileri,3141,EA
314,1503,KARAYOLU YÜK TAŞITI SÜRÜCÜLÜĞÜ,Halkla İlişkiler ve Reklamcılık,5111,SÖZ
314,1503,KARAYOLU YÜK TAŞITI SÜRÜCÜLÜĞÜ,Halkla İlişkiler ve Tanıtım,3198,SÖZ
314,1503,KARAYOLU YÜK TAŞITI SÜRÜCÜLÜĞÜ,Havacılık Yönetimi,9428,EA
314,1503,KARAYOLU YÜK TAŞITI SÜRÜCÜLÜĞÜ,İktisat,3213,EA
314,1503,KARAYOLU YÜK TAŞITI SÜRÜCÜLÜĞÜ,İşletme,3226,EA
314,1503,KARAYOLU YÜK TAŞITI SÜRÜCÜLÜĞÜ,Kamu Yönetimi,3237,EA
314,1503,KARAYOLU YÜK TAŞITI SÜRÜCÜLÜĞÜ,Maliye,3254,EA
314,1503,KARAYOLU YÜK TAŞITI SÜRÜCÜLÜĞÜ,Siyaset Bilimi ve Kamu Yönetimi,3314,EA
314,1503,KARAYOLU YÜK TAŞITI SÜRÜCÜLÜĞÜ,Uluslararası İlişkiler,3352,EA
314,1261,Otomotiv,Çalışma Ekonomisi ve Endüstri İlişkileri,3141,EA
314,1261,Otomotiv,Halkla İlişkiler ve Reklamcılık,5111,SÖZ
314,1261,Otomotiv,Halkla İlişkiler ve Tanıtım,3198,SÖZ
314,1261,Otomotiv,Havacılık Yönetimi,9428,EA
314,1261,Otomotiv,İktisat,3213,EA
314,1261,Otomotiv,İşletme,3226,EA
314,1261,Otomotiv,Kamu Yönetimi,3237,EA
314,1261,Otomotiv,Maliye,3254,EA
314,1261,Otomotiv,Siyaset Bilimi ve Kamu Yönetimi,3314,EA
314,1261,Otomotiv,Uluslararası İlişkiler,3352,EA
314,9238,Pilotaj Eğitimi,Çalışma Ekonomisi ve Endüstri İlişkileri,3141,EA
314,9238,Pilotaj Eğitimi,Halkla İlişkiler ve Reklamcılık,5111,SÖZ
314,9238,Pilotaj Eğitimi,Halkla İlişkiler ve Tanıtım,3198,SÖZ
314,9238,Pilotaj Eğitimi,Havacılık Yönetimi,9428,EA
314,9238,Pilotaj Eğitimi,İktisat,3213,EA
314,9238,Pilotaj Eğitimi,İşletme,3226,EA
314,9238,Pilotaj Eğitimi,Kamu Yönetimi,3237,EA
314,9238,Pilotaj Eğitimi,Maliye,3254,EA
314,9238,Pilotaj Eğitimi,Siyaset Bilimi ve Kamu Yönetimi,3314,EA
314,9238,Pilotaj Eğitimi,Uluslararası İlişkiler,3352,EA
314,8572,Turist Rehberliği,Çalışma Ekonomisi ve Endüstri İlişkileri,3141,EA
314,8572,Turist Rehberliği,Halkla İlişkiler ve Reklamcılık,5111,SÖZ
314,8572,Turist Rehberliği,Halkla İlişkiler ve Tanıtım,3198,SÖZ
314,8572,Turist Rehberliği,Havacılık Yönetimi,9428,EA
314,8572,Turist Rehberliği,İktisat,3213,EA
314,8572,Turist Rehberliği,İşletme,3226,EA
314,8572,Turist Rehberliği,Kamu Yönetimi,3237,EA
314,8572,Turist Rehberliği,Maliye,3254,EA
314,8572,Turist Rehberliği,Siyaset Bilimi ve Kamu Yönetimi,3314,EA
314,8572,Turist Rehberliği,Uluslararası İlişkiler,3352,EA
314,1337,Turizm Rehberliği,Çalışma Ekonomisi ve Endüstri İlişkileri,3141,EA
314,1337,Turizm Rehberliği,Halkla İlişkiler ve Reklamcılık,5111,SÖZ
314,1337,Turizm Rehberliği,Halkla İlişkiler ve Tanıtım,3198,SÖZ
314,1337,Turizm Rehberliği,Havacılık Yönetimi,9428,EA
314,1337,Turizm Rehberliği,İktisat,3213,EA
314,1337,Turizm Rehberliği,İşletme,3226,EA
314,1337,Turizm Rehberliği,Kamu Yönetimi,3237,EA
314,1337,Turizm Rehberliği,Maliye,3254,EA
314,1337,Turizm Rehberliği,Siyaset Bilimi ve Kamu Yönetimi,3314,EA
314,1337,Turizm Rehberliği,Uluslararası İlişkiler,3352,EA
314,1341,Ulaştırma,Çalışma Ekonomisi ve Endüstri İlişkileri,3141,EA
314,1341,Ulaştırma,Halkla İlişkiler ve Reklamcılık,5111,SÖZ
314,1341,Ulaştırma,Halkla İlişkiler ve Tanıtım,3198,SÖZ
314,1341,Ulaştırma,Havacılık Yönetimi,9428,EA
314,1341,Ulaştırma,İktisat,3213,EA
314,1341,Ulaştırma,İşletme,3226,EA
314,1341,Ulaştırma,Kamu Yönetimi,3237,EA
314,1341,Ulaştırma,Maliye,3254,EA
314,1341,Ulaştırma,Siyaset Bilimi ve Kamu Yönetimi,3314,EA
314,1341,Ulaştırma,Uluslararası İlişkiler,3352,EA
314,4385,Ulaştırma ve Otomotiv,Çalışma Ekonomisi ve Endüstri İlişkileri,3141,EA
314,4385,Ulaştırma ve Otomotiv,Halkla İlişkiler ve Reklamcılık,5111,SÖZ
314,4385,Ulaştırma ve Otomotiv,Halkla İlişkiler ve Tanıtım,3198,SÖZ
314,4385,Ulaştırma ve Otomotiv,Havacılık Yönetimi,9428,EA
314,4385,Ulaştırma ve Otomotiv,İktisat,3213,EA
314,4385,Ulaştırma ve Otomotiv,İşletme,3226,EA
314,4385,Ulaştırma ve Otomotiv,Kamu Yönetimi,3237,EA
314,4385,Ulaştırma ve Otomotiv,Maliye,3254,EA
314,4385,Ulaştırma ve Otomotiv,Siyaset Bilimi ve Kamu Yönetimi,3314,EA
314,4385,Ulaştırma ve Otomotiv,Uluslararası İlişkiler,3352,EA
314,9011,Ulaştırma ve Trafik Hizmetleri,Çalışma Ekonomisi ve Endüstri İlişkileri,3141,EA
314,9011,Ulaştırma ve Trafik Hizmetleri,Halkla İlişkiler ve Reklamcılık,5111,SÖZ
314,9011,Ulaştırma ve Trafik Hizmetleri,Halkla İlişkiler ve Tanıtım,3198,SÖZ
314,9011,Ulaştırma ve Trafik Hizmetleri,Havacılık Yönetimi,9428,EA
314,9011,Ulaştırma ve Trafik Hizmetleri,İktisat,3213,EA
314,9011,Ulaştırma ve Trafik Hizmetleri,İşletme,3226,EA
314,9011,Ulaştırma ve Trafik Hizmetleri,Kamu Yönetimi,3237,EA
314,9011,Ulaştırma ve Trafik Hizmetleri,Maliye,3254,EA
314,9011,Ulaştırma ve Trafik Hizmetleri,Siyaset Bilimi ve Kamu Yönetimi,3314,EA
314,9011,Ulaştırma ve Trafik Hizmetleri,Uluslararası İlişkiler,3352,EA
315,5308,Banka ve Sigorta Yönetimi,Halkla İlişkiler ve Reklamcılık,5111,SÖZ
315,5308,Banka ve Sigorta Yönetimi,Halkla İlişkiler ve Tanıtım,3198,SÖZ
315,5308,Banka ve Sigorta Yönetimi,Uluslararası Ticaret ve Lojistik,9009,EA
315,1114,Bankacılık,Halkla İlişkiler ve Reklamcılık,5111,SÖZ
315,1114,Bankacılık,Halkla İlişkiler ve Tanıtım,3198,SÖZ
315,1114,Bankacılık,Uluslararası Ticaret ve Lojistik,9009,EA
315,1115,Bankacılık ve Sigortacılık,Halkla İlişkiler ve Reklamcılık,5111,SÖZ
315,1115,Bankacılık ve Sigortacılık,Halkla İlişkiler ve Tanıtım,3198,SÖZ
315,1115,Bankacılık ve Sigortacılık,Uluslararası Ticaret ve Lojistik,9009,EA
315,1117,Bilgisayar Destekli Muhasebe,Halkla İlişkiler ve Reklamcılık,5111,SÖZ
315,1117,Bilgisayar Destekli Muhasebe,Halkla İlişkiler ve Tanıtım,3198,SÖZ
315,1117,Bilgisayar Destekli Muhasebe,Uluslararası Ticaret ve Lojistik,9009,EA
315,1124,Bilgisayarlı Muhasebe ve Vergi Uygulama,Halkla İlişkiler ve Reklamcılık,5111,SÖZ
315,1124,Bilgisayarlı Muhasebe ve Vergi Uygulama,Halkla İlişkiler ve Tanıtım,3198,SÖZ
315,1124,Bilgisayarlı Muhasebe ve Vergi Uygulama,Uluslararası Ticaret ve Lojistik,9009,EA
315,5317,Borsa ve Finans,Halkla İlişkiler ve Reklamcılık,5111,SÖZ
315,5317,Borsa ve Finans,Halkla İlişkiler ve Tanıtım,3198,SÖZ
315,5317,Borsa ve Finans,Uluslararası Ticaret ve Lojistik,9009,EA
315,1157,Emtia Borsası,Halkla İlişkiler ve Reklamcılık,5111,SÖZ
315,1157,Emtia Borsası,Halkla İlişkiler ve Tanıtım,3198,SÖZ
315,1157,Emtia Borsası,Uluslararası Ticaret ve Lojistik,9009,EA
315,1163,Endüstriyel Yönetim,Halkla İlişkiler ve Reklamcılık,5111,SÖZ
315,1163,Endüstriyel Yönetim,Halkla İlişkiler ve Tanıtım,3198,SÖZ
315,1163,Endüstriyel Yönetim,Uluslararası Ticaret ve Lojistik,9009,EA
315,5335,Finans,Halkla İlişkiler ve Reklamcılık,5111,SÖZ
315,5335,Finans,Halkla İlişkiler ve Tanıtım,3198,SÖZ
315,5335,Finans,Uluslararası Ticaret ve Lojistik,9009,EA
315,8526,Finans ve Muhasebe,Halkla İlişkiler ve Reklamcılık,5111,SÖZ
315,8526,Finans ve Muhasebe,Halkla İlişkiler ve Tanıtım,3198,SÖZ
315,8526,Finans ve Muhasebe,Uluslararası Ticaret ve Lojistik,9009,EA
315,8603,Girişimcilik ve Proje Yönetim Asistanlığı,Halkla İlişkiler ve Reklamcılık,5111,SÖZ
315,8603,Girişimcilik ve Proje Yönetim Asistanlığı,Halkla İlişkiler ve Tanıtım,3198,SÖZ
315,8603,Girişimcilik ve Proje Yönetim Asistanlığı,Uluslararası Ticaret ve Lojistik,9009,EA
315,8530,Gümrük İşleri,Halkla İlişkiler ve Reklamcılık,5111,SÖZ
315,8530,Gümrük İşleri,Halkla İlişkiler ve Tanıtım,3198,SÖZ
315,8530,Gümrük İşleri,Uluslararası Ticaret ve Lojistik,9009,EA
315,1178,Gümrük İşletme,Halkla İlişkiler ve Reklamcılık,5111,SÖZ
315,1178,Gümrük İşletme,Halkla İlişkiler ve Tanıtım,3198,SÖZ
315,1178,Gümrük İşletme,Uluslararası Ticaret ve Lojistik,9009,EA
315,9395,Hukuk Büro Yönetimi ve Sekreterliği,Halkla İlişkiler ve Reklamcılık,5111,SÖZ
315,9395,Hukuk Büro Yönetimi ve Sekreterliği,Halkla İlişkiler ve Tanıtım,3198,SÖZ
315,9395,Hukuk Büro Yönetimi ve Sekreterliği,Uluslararası Ticaret ve Lojistik,9009,EA
315,5338,İnsan Kaynakları,Halkla İlişkiler ve Reklamcılık,5111,SÖZ
315,5338,İnsan Kaynakları,Halkla İlişkiler ve Tanıtım,3198,SÖZ
315,5338,İnsan Kaynakları,Uluslararası Ticaret ve Lojistik,9009,EA
315,9073,İnsan Kaynakları Yönetimi,Halkla İlişkiler ve Reklamcılık,5111,SÖZ
315,9073,İnsan Kaynakları Yönetimi,Halkla İlişkiler ve Tanıtım,3198,SÖZ
315,9073,İnsan Kaynakları Yönetimi,Uluslararası Ticaret ve Lojistik,9009,EA
315,2377,Kalite Kontrol,Halkla İlişkiler ve Reklamcılık,5111,SÖZ
315,2377,Kalite Kontrol,Halkla İlişkiler ve Tanıtım,3198,SÖZ
315,2377,Kalite Kontrol,Uluslararası Ticaret ve Lojistik,9009,EA
315,9245,Kalite ve Ürün Yönetimi,Halkla İlişkiler ve Reklamcılık,5111,SÖZ
315,9245,Kalite ve Ürün Yönetimi,Halkla İlişkiler ve Tanıtım,3198,SÖZ
315,9245,Kalite ve Ürün Yönetimi,Uluslararası Ticaret ve Lojistik,9009,EA
315,1222,Kooperatifçilik,Halkla İlişkiler ve Reklamcılık,5111,SÖZ
315,1222,Kooperatifçilik,Halkla İlişkiler ve Tanıtım,3198,SÖZ
315,1222,Kooperatifçilik,Uluslararası Ticaret ve Lojistik,9009,EA
315,1235,Maliye,Halkla İlişkiler ve Reklamcılık,5111,SÖZ
315,1235,Maliye,Halkla İlişkiler ve Tanıtım,3198,SÖZ
315,1235,Maliye,Uluslararası Ticaret ve Lojistik,9009,EA
315,9228,Marina İşletme,Halkla İlişkiler ve Reklamcılık,5111,SÖZ
315,9228,Marina İşletme,Halkla İlişkiler ve Tanıtım,3198,SÖZ
315,9228,Marina İşletme,Uluslararası Ticaret ve Lojistik,9009,EA
315,9393,Marina ve Yat İşletmeciliği,Halkla İlişkiler ve Reklamcılık,5111,SÖZ
315,9393,Marina ve Yat İşletmeciliği,Halkla İlişkiler ve Tanıtım,3198,SÖZ
315,9393,Marina ve Yat İşletmeciliği,Uluslararası Ticaret ve Lojistik,9009,EA
315,1249,Muhasebe,Halkla İlişkiler ve Reklamcılık,5111,SÖZ
315,1249,Muhasebe,Halkla İlişkiler ve Tanıtım,3198,SÖZ
315,1249,Muhasebe,Uluslararası Ticaret ve Lojistik,9009,EA
315,9032,Muhasebe ve Vergi Uygulamaları,Halkla İlişkiler ve Reklamcılık,5111,SÖZ
315,9032,Muhasebe ve Vergi Uygulamaları,Halkla İlişkiler ve Tanıtım,3198,SÖZ
315,9032,Muhasebe ve Vergi Uygulamaları,Uluslararası Ticaret ve Lojistik,9009,EA
315,8549,Orta Kademe Banka-Sigorta Yönetimi,Halkla İlişkiler ve Reklamcılık,5111,SÖZ
315,8549,Orta Kademe Banka-Sigorta Yönetimi,Halkla İlişkiler ve Tanıtım,3198,SÖZ
315,8549,Orta Kademe Banka-Sigorta Yönetimi,Uluslararası Ticaret ve Lojistik,9009,EA
315,5355,Para ve Sermaye Yönetimi,Halkla İlişkiler ve Reklamcılık,5111,SÖZ
315,5355,Para ve Sermaye Yönetimi,Halkla İlişkiler ve Tanıtım,3198,SÖZ
315,5355,Para ve Sermaye Yönetimi,Uluslararası Ticaret ve Lojistik,9009,EA
315,6271,Personel Yönetimi,Halkla İlişkiler ve Reklamcılık,5111,SÖZ
315,6271,Personel Yönetimi,Halkla İlişkiler ve Tanıtım,3198,SÖZ
315,6271,Personel Yönetimi,Uluslararası Ticaret ve Lojistik,9009,EA
315,1305,Sivil Hava Ulaştırma İşletmeciliği,Halkla İlişkiler ve Reklamcılık,5111,SÖZ
315,1305,Sivil Hava Ulaştırma İşletmeciliği,Halkla İlişkiler ve Tanıtım,3198,SÖZ
315,1305,Sivil Hava Ulaştırma İşletmeciliği,Uluslararası Ticaret ve Lojistik,9009,EA
315,1316,Tarımsal Pazarlama,Halkla İlişkiler ve Reklamcılık,5111,SÖZ
315,1316,Tarımsal Pazarlama,Halkla İlişkiler ve Tanıtım,3198,SÖZ
315,1316,Tarımsal Pazarlama,Uluslararası Ticaret ve Lojistik,9009,EA
315,9013,Yat İşletme ve Yönetimi,Halkla İlişkiler ve Reklamcılık,5111,SÖZ
315,9013,Yat İşletme ve Yönetimi,Halkla İlişkiler ve Tanıtım,3198,SÖZ
315,9013,Yat İşletme ve Yönetimi,Uluslararası Ticaret ve Lojistik,9009,EA
315,5378,Yatçılık ve Yat İşletmeciliği,Halkla İlişkiler ve Reklamcılık,5111,SÖZ
315,5378,Yatçılık ve Yat İşletmeciliği,Halkla İlişkiler ve Tanıtım,3198,SÖZ
315,5378,Yatçılık ve Yat İşletmeciliği,Uluslararası Ticaret ve Lojistik,9009,EA
315,8579,Yer Hizmetleri,Halkla İlişkiler ve Reklamcılık,5111,SÖZ
315,8579,Yer Hizmetleri,Halkla İlişkiler ve Tanıtım,3198,SÖZ
315,8579,Yer Hizmetleri,Uluslararası Ticaret ve Lojistik,9009,EA
316,1368,Basım ve Yayım Teknolojileri,Çalışma Ekonomisi ve Endüstri İlişkileri,3141,EA
316,1368,Basım ve Yayım Teknolojileri,İktisat,3213,EA
316,1368,Basım ve Yayım Teknolojileri,İşletme,3226,EA
316,1368,Basım ve Yayım Teknolojileri,Kamu Yönetimi,3237,EA
316,1368,Basım ve Yayım Teknolojileri,Maliye,3254,EA
316,1368,Basım ve Yayım Teknolojileri,Siyaset Bilimi ve Kamu Yönetimi,3314,EA
316,1368,Basım ve Yayım Teknolojileri,Uluslararası İlişkiler,3352,EA
316,9010,Basım ve Yayın Teknolojileri,Çalışma Ekonomisi ve Endüstri İlişkileri,3141,EA
316,9010,Basım ve Yayın Teknolojileri,İktisat,3213,EA
316,9010,Basım ve Yayın Teknolojileri,İşletme,3226,EA
316,9010,Basım ve Yayın Teknolojileri,Kamu Yönetimi,3237,EA
316,9010,Basım ve Yayın Teknolojileri,Maliye,3254,EA
316,9010,Basım ve Yayın Teknolojileri,Siyaset Bilimi ve Kamu Yönetimi,3314,EA
316,9010,Basım ve Yayın Teknolojileri,Uluslararası İlişkiler,3352,EA
316,4214,Basın ve Yayıncılık,Çalışma Ekonomisi ve Endüstri İlişkileri,3141,EA
316,4214,Basın ve Yayıncılık,İktisat,3213,EA
316,4214,Basın ve Yayıncılık,İşletme,3226,EA
316,4214,Basın ve Yayıncılık,Kamu Yönetimi,3237,EA
316,4214,Basın ve Yayıncılık,Maliye,3254,EA
316,4214,Basın ve Yayıncılık,Siyaset Bilimi ve Kamu Yönetimi,3314,EA
316,4214,Basın ve Yayıncılık,Uluslararası İlişkiler,3352,EA
316,5313,Bilgisayar Destekli Makine-Resim-Konstrüksiyon,Çalışma Ekonomisi ve Endüstri İlişkileri,3141,EA
316,5313,Bilgisayar Destekli Makine-Resim-Konstrüksiyon,İktisat,3213,EA
316,5313,Bilgisayar Destekli Makine-Resim-Konstrüksiyon,İşletme,3226,EA
316,5313,Bilgisayar Destekli Makine-Resim-Konstrüksiyon,Kamu Yönetimi,3237,EA
316,5313,Bilgisayar Destekli Makine-Resim-Konstrüksiyon,Maliye,3254,EA
316,5313,Bilgisayar Destekli Makine-Resim-Konstrüksiyon,Siyaset Bilimi ve Kamu Yönetimi,3314,EA
316,5313,Bilgisayar Destekli Makine-Resim-Konstrüksiyon,Uluslararası İlişkiler,3352,EA
316,5314,Bilgisayar Destekli Yayıncılık,Çalışma Ekonomisi ve Endüstri İlişkileri,3141,EA
316,5314,Bilgisayar Destekli Yayıncılık,İktisat,3213,EA
316,5314,Bilgisayar Destekli Yayıncılık,İşletme,3226,EA
316,5314,Bilgisayar Destekli Yayıncılık,Kamu Yönetimi,3237,EA
316,5314,Bilgisayar Destekli Yayıncılık,Maliye,3254,EA
316,5314,Bilgisayar Destekli Yayıncılık,Siyaset Bilimi ve Kamu Yönetimi,3314,EA
316,5314,Bilgisayar Destekli Yayıncılık,Uluslararası İlişkiler,3352,EA
316,5330,Endüstriyel Otomasyon,Çalışma Ekonomisi ve Endüstri İlişkileri,3141,EA
316,5330,Endüstriyel Otomasyon,İktisat,3213,EA
316,5330,Endüstriyel Otomasyon,İşletme,3226,EA
316,5330,Endüstriyel Otomasyon,Kamu Yönetimi,3237,EA
316,5330,Endüstriyel Otomasyon,Maliye,3254,EA
316,5330,Endüstriyel Otomasyon,Siyaset Bilimi ve Kamu Yönetimi,3314,EA
316,5330,Endüstriyel Otomasyon,Uluslararası İlişkiler,3352,EA
316,8529,Görsel İletişim,Çalışma Ekonomisi ve Endüstri İlişkileri,3141,EA
316,8529,Görsel İletişim,İktisat,3213,EA
316,8529,Görsel İletişim,İşletme,3226,EA
316,8529,Görsel İletişim,Kamu Yönetimi,3237,EA
316,8529,Görsel İletişim,Maliye,3254,EA
316,8529,Görsel İletişim,Siyaset Bilimi ve Kamu Yönetimi,3314,EA
316,8529,Görsel İletişim,Uluslararası İlişkiler,3352,EA
316,4273,Grafik ve Reklamcılık,Çalışma Ekonomisi ve Endüstri İlişkileri,3141,EA
316,4273,Grafik ve Reklamcılık,İktisat,3213,EA
316,4273,Grafik ve Reklamcılık,İşletme,3226,EA
316,4273,Grafik ve Reklamcılık,Kamu Yönetimi,3237,EA
316,4273,Grafik ve Reklamcılık,Maliye,3254,EA
316,4273,Grafik ve Reklamcılık,Siyaset Bilimi ve Kamu Yönetimi,3314,EA
316,4273,Grafik ve Reklamcılık,Uluslararası İlişkiler,3352,EA
316,8605,İnternet Gazeteciliği ve Yayıncılığı,Çalışma Ekonomisi ve Endüstri İlişkileri,3141,EA
316,8605,İnternet Gazeteciliği ve Yayıncılığı,İktisat,3213,EA
316,8605,İnternet Gazeteciliği ve Yayıncılığı,İşletme,3226,EA
316,8605,İnternet Gazeteciliği ve Yayıncılığı,Kamu Yönetimi,3237,EA
316,8605,İnternet Gazeteciliği ve Yayıncılığı,Maliye,3254,EA
316,8605,İnternet Gazeteciliği ve Yayıncılığı,Siyaset Bilimi ve Kamu Yönetimi,3314,EA
316,8605,İnternet Gazeteciliği ve Yayıncılığı,Uluslararası İlişkiler,3352,EA
316,5348,Masaüstü Yayıncılık,Çalışma Ekonomisi ve Endüstri İlişkileri,3141,EA
316,5348,Masaüstü Yayıncılık,İktisat,3213,EA
316,5348,Masaüstü Yayıncılık,İşletme,3226,EA
316,5348,Masaüstü Yayıncılık,Kamu Yönetimi,3237,EA
316,5348,Masaüstü Yayıncılık,Maliye,3254,EA
316,5348,Masaüstü Yayıncılık,Siyaset Bilimi ve Kamu Yönetimi,3314,EA
316,5348,Masaüstü Yayıncılık,Uluslararası İlişkiler,3352,EA
316,1237,Matbaacılık,Çalışma Ekonomisi ve Endüstri İlişkileri,3141,EA
316,1237,Matbaacılık,İktisat,3213,EA
316,1237,Matbaacılık,İşletme,3226,EA
316,1237,Matbaacılık,Kamu Yönetimi,3237,EA
316,1237,Matbaacılık,Maliye,3254,EA
316,1237,Matbaacılık,Siyaset Bilimi ve Kamu Yönetimi,3314,EA
316,1237,Matbaacılık,Uluslararası İlişkiler,3352,EA
316,5349,Matbaacılık ve Baskı Teknikleri,Çalışma Ekonomisi ve Endüstri İlişkileri,3141,EA
316,5349,Matbaacılık ve Baskı Teknikleri,İktisat,3213,EA
316,5349,Matbaacılık ve Baskı Teknikleri,İşletme,3226,EA
316,5349,Matbaacılık ve Baskı Teknikleri,Kamu Yönetimi,3237,EA
316,5349,Matbaacılık ve Baskı Teknikleri,Maliye,3254,EA
316,5349,Matbaacılık ve Baskı Teknikleri,Siyaset Bilimi ve Kamu Yönetimi,3314,EA
316,5349,Matbaacılık ve Baskı Teknikleri,Uluslararası İlişkiler,3352,EA
316,6286,Radyo Tv Yayımcılığı / Radyo-Tv Yayımcılığı,Çalışma Ekonomisi ve Endüstri İlişkileri,3141,EA
316,6286,Radyo Tv Yayımcılığı / Radyo-Tv Yayımcılığı,İktisat,3213,EA
316,6286,Radyo Tv Yayımcılığı / Radyo-Tv Yayımcılığı,İşletme,3226,EA
316,6286,Radyo Tv Yayımcılığı / Radyo-Tv Yayımcılığı,Kamu Yönetimi,3237,EA
316,6286,Radyo Tv Yayımcılığı / Radyo-Tv Yayımcılığı,Maliye,3254,EA
316,6286,Radyo Tv Yayımcılığı / Radyo-Tv Yayımcılığı,Siyaset Bilimi ve Kamu Yönetimi,3314,EA
316,6286,Radyo Tv Yayımcılığı / Radyo-Tv Yayımcılığı,Uluslararası İlişkiler,3352,EA
316,9248,Radyo Tv Yayıncılığı,Çalışma Ekonomisi ve Endüstri İlişkileri,3141,EA
316,9248,Radyo Tv Yayıncılığı,İktisat,3213,EA
316,9248,Radyo Tv Yayıncılığı,İşletme,3226,EA
316,9248,Radyo Tv Yayıncılığı,Kamu Yönetimi,3237,EA
316,9248,Radyo Tv Yayıncılığı,Maliye,3254,EA
316,9248,Radyo Tv Yayıncılığı,Siyaset Bilimi ve Kamu Yönetimi,3314,EA
316,9248,Radyo Tv Yayıncılığı,Uluslararası İlişkiler,3352,EA
316,1282,Programcılığı,Çalışma Ekonomisi ve Endüstri İlişkileri,3141,EA
316,1282,Programcılığı,İktisat,3213,EA
316,1282,Programcılığı,İşletme,3226,EA
316,1282,Programcılığı,Kamu Yönetimi,3237,EA
316,1282,Programcılığı,Maliye,3254,EA
316,1282,Programcılığı,Siyaset Bilimi ve Kamu Yönetimi,3314,EA
316,1282,Programcılığı,Uluslararası İlişkiler,3352,EA
316,1284,Radyo ve Televizyon Yayımcılığı / Radyo-Televizyon,Çalışma Ekonomisi ve Endüstri İlişkileri,3141,EA
316,1284,Radyo ve Televizyon Yayımcılığı / Radyo-Televizyon,İktisat,3213,EA
316,1284,Radyo ve Televizyon Yayımcılığı / Radyo-Televizyon,İşletme,3226,EA
316,1284,Radyo ve Televizyon Yayımcılığı / Radyo-Televizyon,Kamu Yönetimi,3237,EA
316,1284,Radyo ve Televizyon Yayımcılığı / Radyo-Televizyon,Maliye,3254,EA
316,1284,Radyo ve Televizyon Yayımcılığı / Radyo-Televizyon,Siyaset Bilimi ve Kamu Yönetimi,3314,EA
316,1284,Radyo ve Televizyon Yayımcılığı / Radyo-Televizyon,Uluslararası İlişkiler,3352,EA
316,4340,Radyo ve Televizyon Yayıncılığı,Çalışma Ekonomisi ve Endüstri İlişkileri,3141,EA
316,4340,Radyo ve Televizyon Yayıncılığı,İktisat,3213,EA
316,4340,Radyo ve Televizyon Yayıncılığı,İşletme,3226,EA
316,4340,Radyo ve Televizyon Yayıncılığı,Kamu Yönetimi,3237,EA
316,4340,Radyo ve Televizyon Yayıncılığı,Maliye,3254,EA
316,4340,Radyo ve Televizyon Yayıncılığı,Siyaset Bilimi ve Kamu Yönetimi,3314,EA
316,4340,Radyo ve Televizyon Yayıncılığı,Uluslararası İlişkiler,3352,EA
316,1280,Radyo ve Tv Yayımcılığı,Çalışma Ekonomisi ve Endüstri İlişkileri,3141,EA
316,1280,Radyo ve Tv Yayımcılığı,İktisat,3213,EA
316,1280,Radyo ve Tv Yayımcılığı,İşletme,3226,EA
316,1280,Radyo ve Tv Yayımcılığı,Kamu Yönetimi,3237,EA
316,1280,Radyo ve Tv Yayımcılığı,Maliye,3254,EA
316,1280,Radyo ve Tv Yayımcılığı,Siyaset Bilimi ve Kamu Yönetimi,3314,EA
316,1280,Radyo ve Tv Yayımcılığı,Uluslararası İlişkiler,3352,EA
316,8639,Tasarım ve Basım-Yayımcılık,Çalışma Ekonomisi ve Endüstri İlişkileri,3141,EA
316,8639,Tasarım ve Basım-Yayımcılık,İktisat,3213,EA
316,8639,Tasarım ve Basım-Yayımcılık,İşletme,3226,EA
316,8639,Tasarım ve Basım-Yayımcılık,Kamu Yönetimi,3237,EA
316,8639,Tasarım ve Basım-Yayımcılık,Maliye,3254,EA
316,8639,Tasarım ve Basım-Yayımcılık,Siyaset Bilimi ve Kamu Yönetimi,3314,EA
316,8639,Tasarım ve Basım-Yayımcılık,Uluslararası İlişkiler,3352,EA
317,5310,Bilgi Yönetimi,Çalışma Ekonomisi ve Endüstri İlişkileri,3141,EA
317,5310,Bilgi Yönetimi,Halkla İlişkiler ve Reklamcılık,5111,SÖZ
317,5310,Bilgi Yönetimi,Halkla İlişkiler ve Tanıtım,3198,SÖZ
317,5310,Bilgi Yönetimi,İktisat,3213,EA
317,5310,Bilgi Yönetimi,Kamu Yönetimi,3237,EA
317,5310,Bilgi Yönetimi,Maliye,3254,EA
317,5310,Bilgi Yönetimi,Siyaset Bilimi ve Kamu Yönetimi,3314,EA
317,5310,Bilgi Yönetimi,Uluslararası İlişkiler,3352,EA
317,5310,Bilgi Yönetimi,Uluslararası Ticaret ve Lojistik,9009,EA
317,1352,Bilgi Yönetimi (İnternet),Çalışma Ekonomisi ve Endüstri İlişkileri,3141,EA
317,1352,Bilgi Yönetimi (İnternet),Halkla İlişkiler ve Reklamcılık,5111,SÖZ
317,1352,Bilgi Yönetimi (İnternet),Halkla İlişkiler ve Tanıtım,3198,SÖZ
317,1352,Bilgi Yönetimi (İnternet),İktisat,3213,EA
317,1352,Bilgi Yönetimi (İnternet),Kamu Yönetimi,3237,EA
317,1352,Bilgi Yönetimi (İnternet),Maliye,3254,EA
317,1352,Bilgi Yönetimi (İnternet),Siyaset Bilimi ve Kamu Yönetimi,3314,EA
317,1352,Bilgi Yönetimi (İnternet),Uluslararası İlişkiler,3352,EA
317,1352,Bilgi Yönetimi (İnternet),Uluslararası Ticaret ve Lojistik,9009,EA
318,4219,Bilgisayar Destekli Tasarım ve Animasyon,Çalışma Ekonomisi ve Endüstri İlişkileri,3141,EA
318,4219,Bilgisayar Destekli Tasarım ve Animasyon,Halkla İlişkiler ve Reklamcılık,5111,SÖZ
318,4219,Bilgisayar Destekli Tasarım ve Animasyon,Halkla İlişkiler ve Tanıtım,3198,SÖZ
318,4219,Bilgisayar Destekli Tasarım ve Animasyon,İktisat,3213,EA
318,4219,Bilgisayar Destekli Tasarım ve Animasyon,İşletme,3226,EA
318,4219,Bilgisayar Destekli Tasarım ve Animasyon,Kamu Yönetimi,3237,EA
318,4219,Bilgisayar Destekli Tasarım ve Animasyon,Maliye,3254,EA
318,4219,Bilgisayar Destekli Tasarım ve Animasyon,Reklamcılık,3291,SÖZ
318,4219,Bilgisayar Destekli Tasarım ve Animasyon,Siyaset Bilimi ve Kamu Yönetimi,3314,EA
318,4219,Bilgisayar Destekli Tasarım ve Animasyon,Uluslararası İlişkiler,3352,EA
318,1466,OYUN GELİŞTİRME VE PROGRAMLAMA,Çalışma Ekonomisi ve Endüstri İlişkileri,3141,EA
318,1466,OYUN GELİŞTİRME VE PROGRAMLAMA,Halkla İlişkiler ve Reklamcılık,5111,SÖZ
318,1466,OYUN GELİŞTİRME VE PROGRAMLAMA,Halkla İlişkiler ve Tanıtım,3198,SÖZ
318,1466,OYUN GELİŞTİRME VE PROGRAMLAMA,İktisat,3213,EA
318,1466,OYUN GELİŞTİRME VE PROGRAMLAMA,İşletme,3226,EA
318,1466,OYUN GELİŞTİRME VE PROGRAMLAMA,Kamu Yönetimi,3237,EA
318,1466,OYUN GELİŞTİRME VE PROGRAMLAMA,Maliye,3254,EA
318,1466,OYUN GELİŞTİRME VE PROGRAMLAMA,Reklamcılık,3291,SÖZ
318,1466,OYUN GELİŞTİRME VE PROGRAMLAMA,Siyaset Bilimi ve Kamu Yönetimi,3314,EA
318,1466,OYUN GELİŞTİRME VE PROGRAMLAMA,Uluslararası İlişkiler,3352,EA
319,8507,Bilgisayar Teknolojileri ve Yönetimi,Çalışma Ekonomisi ve Endüstri İlişkileri,3141,EA
319,8507,Bilgisayar Teknolojileri ve Yönetimi,Halkla İlişkiler ve Reklamcılık,5111,SÖZ
319,8507,Bilgisayar Teknolojileri ve Yönetimi,Halkla İlişkiler ve Tanıtım,3198,SÖZ
319,8507,Bilgisayar Teknolojileri ve Yönetimi,İktisat,3213,EA
319,8507,Bilgisayar Teknolojileri ve Yönetimi,İşletme,3226,EA
319,8507,Bilgisayar Teknolojileri ve Yönetimi,Kamu Yönetimi,3237,EA
319,8507,Bilgisayar Teknolojileri ve Yönetimi,Maliye,3254,EA
319,8507,Bilgisayar Teknolojileri ve Yönetimi,Siyaset Bilimi ve Kamu Yönetimi,3314,EA
319,8507,Bilgisayar Teknolojileri ve Yönetimi,Uluslararası İlişkiler,3352,EA
319,8507,Bilgisayar Teknolojileri ve Yönetimi,Uluslararası Ticaret ve Lojistik,9009,EA
319,8507,Bilgisayar Teknolojileri ve Yönetimi,Yönetim Bilişim Sistemleri,3361,EA
320,8508,Bilişim-Yönetim,Çalışma Ekonomisi ve Endüstri İlişkileri,3141,EA
320,8508,Bilişim-Yönetim,Halkla İlişkiler ve Reklamcılık,5111,SÖZ
320,8508,Bilişim-Yönetim,Halkla İlişkiler ve Tanıtım,3198,SÖZ
320,8508,Bilişim-Yönetim,İktisat,3213,EA
320,8508,Bilişim-Yönetim,İşletme,3226,EA
320,8508,Bilişim-Yönetim,Kamu Yönetimi,3237,EA
320,8508,Bilişim-Yönetim,Maliye,3254,EA
320,8508,Bilişim-Yönetim,Siyaset Bilimi ve Kamu Yönetimi,3314,EA
320,8508,Bilişim-Yönetim,Uluslararası İlişkiler,3352,EA
320,8508,Bilişim-Yönetim,Uluslararası Ticaret ve Lojistik,9009,EA
320,8517,Denizcilik,Çalışma Ekonomisi ve Endüstri İlişkileri,3141,EA
320,8517,Denizcilik,Halkla İlişkiler ve Reklamcılık,5111,SÖZ
320,8517,Denizcilik,Halkla İlişkiler ve Tanıtım,3198,SÖZ
320,8517,Denizcilik,İktisat,3213,EA
320,8517,Denizcilik,İşletme,3226,EA
320,8517,Denizcilik,Kamu Yönetimi,3237,EA
320,8517,Denizcilik,Maliye,3254,EA
320,8517,Denizcilik,Siyaset Bilimi ve Kamu Yönetimi,3314,EA
320,8517,Denizcilik,Uluslararası İlişkiler,3352,EA
320,8517,Denizcilik,Uluslararası Ticaret ve Lojistik,9009,EA
320,4282,Havacılıkta Yer Hizmetleri Yönetimi,Çalışma Ekonomisi ve Endüstri İlişkileri,3141,EA
320,4282,Havacılıkta Yer Hizmetleri Yönetimi,Halkla İlişkiler ve Reklamcılık,5111,SÖZ
320,4282,Havacılıkta Yer Hizmetleri Yönetimi,Halkla İlişkiler ve Tanıtım,3198,SÖZ
320,4282,Havacılıkta Yer Hizmetleri Yönetimi,İktisat,3213,EA
320,4282,Havacılıkta Yer Hizmetleri Yönetimi,İşletme,3226,EA
320,4282,Havacılıkta Yer Hizmetleri Yönetimi,Kamu Yönetimi,3237,EA
320,4282,Havacılıkta Yer Hizmetleri Yönetimi,Maliye,3254,EA
320,4282,Havacılıkta Yer Hizmetleri Yönetimi,Siyaset Bilimi ve Kamu Yönetimi,3314,EA
320,4282,Havacılıkta Yer Hizmetleri Yönetimi,Uluslararası İlişkiler,3352,EA
320,4282,Havacılıkta Yer Hizmetleri Yönetimi,Uluslararası Ticaret ve Lojistik,9009,EA
320,4285,İkmal,Çalışma Ekonomisi ve Endüstri İlişkileri,3141,EA
320,4285,İkmal,Halkla İlişkiler ve Reklamcılık,5111,SÖZ
320,4285,İkmal,Halkla İlişkiler ve Tanıtım,3198,SÖZ
320,4285,İkmal,İktisat,3213,EA
320,4285,İkmal,İşletme,3226,EA
320,4285,İkmal,Kamu Yönetimi,3237,EA
320,4285,İkmal,Maliye,3254,EA
320,4285,İkmal,Siyaset Bilimi ve Kamu Yönetimi,3314,EA
320,4285,İkmal,Uluslararası İlişkiler,3352,EA
320,4285,İkmal,Uluslararası Ticaret ve Lojistik,9009,EA
320,4311,Levazım,Çalışma Ekonomisi ve Endüstri İlişkileri,3141,EA
320,4311,Levazım,Halkla İlişkiler ve Reklamcılık,5111,SÖZ
320,4311,Levazım,Halkla İlişkiler ve Tanıtım,3198,SÖZ
320,4311,Levazım,İktisat,3213,EA
320,4311,Levazım,İşletme,3226,EA
320,4311,Levazım,Kamu Yönetimi,3237,EA
320,4311,Levazım,Maliye,3254,EA
320,4311,Levazım,Siyaset Bilimi ve Kamu Yönetimi,3314,EA
320,4311,Levazım,Uluslararası İlişkiler,3352,EA
320,4311,Levazım,Uluslararası Ticaret ve Lojistik,9009,EA
320,9099,Posta Hizmetleri,Çalışma Ekonomisi ve Endüstri İlişkileri,3141,EA
320,9099,Posta Hizmetleri,Halkla İlişkiler ve Reklamcılık,5111,SÖZ
320,9099,Posta Hizmetleri,Halkla İlişkiler ve Tanıtım,3198,SÖZ
320,9099,Posta Hizmetleri,İktisat,3213,EA
320,9099,Posta Hizmetleri,İşletme,3226,EA
320,9099,Posta Hizmetleri,Kamu Yönetimi,3237,EA
320,9099,Posta Hizmetleri,Maliye,3254,EA
320,9099,Posta Hizmetleri,Siyaset Bilimi ve Kamu Yönetimi,3314,EA
320,9099,Posta Hizmetleri,Uluslararası İlişkiler,3352,EA
320,9099,Posta Hizmetleri,Uluslararası Ticaret ve Lojistik,9009,EA
321,9074,Büro Hizmetleri ve Yönetici Asistanlığı,Sağlık Yönetimi,6298,EA
321,9074,Büro Hizmetleri ve Yönetici Asistanlığı,Uluslararası Ticaret ve Lojistik,9009,EA
321,1129,Büro Yönetimi,Sağlık Yönetimi,6298,EA
321,1129,Büro Yönetimi,Uluslararası Ticaret ve Lojistik,9009,EA
321,1130,Büro Yönetimi ve Sekreterlik,Sağlık Yönetimi,6298,EA
321,1130,Büro Yönetimi ve Sekreterlik,Uluslararası Ticaret ve Lojistik,9009,EA
321,8510,Büro Yönetimi ve Yönetici Asistanlığı,Sağlık Yönetimi,6298,EA
321,8510,Büro Yönetimi ve Yönetici Asistanlığı,Uluslararası Ticaret ve Lojistik,9009,EA
321,1505,OFİS TEKNOLOJİLERİ VE VERİ YÖNETİMİ,Sağlık Yönetimi,6298,EA
321,1505,OFİS TEKNOLOJİLERİ VE VERİ YÖNETİMİ,Uluslararası Ticaret ve Lojistik,9009,EA
321,5351,Ofis Teknolojileri ve Yönetimi,Sağlık Yönetimi,6298,EA
321,5351,Ofis Teknolojileri ve Yönetimi,Uluslararası Ticaret ve Lojistik,9009,EA
321,8560,Sekreterlik,Sağlık Yönetimi,6298,EA
321,8560,Sekreterlik,Uluslararası Ticaret ve Lojistik,9009,EA
322,9521,Ceza İnfaz ve Güvenlik Hizmetleri,Kamu Yönetimi,3237,EA
322,9521,Ceza İnfaz ve Güvenlik Hizmetleri,Siyaset Bilimi ve Kamu Yönetimi,3314,EA
323,9229,Çağrı Merkezi Hizmetleri,Çalışma Ekonomisi ve Endüstri İlişkileri,3141,EA
323,9229,Çağrı Merkezi Hizmetleri,İktisat,3213,EA
323,9229,Çağrı Merkezi Hizmetleri,Kamu Yönetimi,3237,EA
323,9229,Çağrı Merkezi Hizmetleri,Maliye,3254,EA
323,9229,Çağrı Merkezi Hizmetleri,Siyaset Bilimi ve Kamu Yönetimi,3314,EA
323,9229,Çağrı Merkezi Hizmetleri,Uluslararası İlişkiler,3352,EA
324,9482,Çalgı Bakım ve Onarım,Çalışma Ekonomisi ve Endüstri İlişkileri,3141,EA
324,9482,Çalgı Bakım ve Onarım,Halkla İlişkiler ve Reklamcılık,5111,SÖZ
324,9482,Çalgı Bakım ve Onarım,İktisat,3213,EA
324,9482,Çalgı Bakım ve Onarım,İşletme,3226,EA
324,9482,Çalgı Bakım ve Onarım,Kamu Yönetimi,3237,EA
324,9482,Çalgı Bakım ve Onarım,Maliye,3254,EA
324,9482,Çalgı Bakım ve Onarım,Siyaset Bilimi ve Kamu Yönetimi,3314,EA
324,9482,Çalgı Bakım ve Onarım,Uluslararası İlişkiler,3352,EA
324,9516,Üflemeli ve Vurmalı Çalgılar,Çalışma Ekonomisi ve Endüstri İlişkileri,3141,EA
324,9516,Üflemeli ve Vurmalı Çalgılar,Halkla İlişkiler ve Reklamcılık,5111,SÖZ
324,9516,Üflemeli ve Vurmalı Çalgılar,İktisat,3213,EA
324,9516,Üflemeli ve Vurmalı Çalgılar,İşletme,3226,EA
324,9516,Üflemeli ve Vurmalı Çalgılar,Kamu Yönetimi,3237,EA
324,9516,Üflemeli ve Vurmalı Çalgılar,Maliye,3254,EA
324,9516,Üflemeli ve Vurmalı Çalgılar,Siyaset Bilimi ve Kamu Yönetimi,3314,EA
324,9516,Üflemeli ve Vurmalı Çalgılar,Uluslararası İlişkiler,3352,EA
325,1492,ÇEVRE SAĞLIĞI VE ÇEVRESEL RİSK YÖNETİMİ TEKNİKERLİĞİ,Çalışma Ekonomisi ve Endüstri İlişkileri,3141,EA
325,1492,ÇEVRE SAĞLIĞI VE ÇEVRESEL RİSK YÖNETİMİ TEKNİKERLİĞİ,Halkla İlişkiler ve Reklamcılık,5111,SÖZ
325,1492,ÇEVRE SAĞLIĞI VE ÇEVRESEL RİSK YÖNETİMİ TEKNİKERLİĞİ,Halkla İlişkiler ve Tanıtım,3198,SÖZ
325,1492,ÇEVRE SAĞLIĞI VE ÇEVRESEL RİSK YÖNETİMİ TEKNİKERLİĞİ,İktisat,3213,EA
325,1492,ÇEVRE SAĞLIĞI VE ÇEVRESEL RİSK YÖNETİMİ TEKNİKERLİĞİ,İşletme,3226,EA
325,1492,ÇEVRE SAĞLIĞI VE ÇEVRESEL RİSK YÖNETİMİ TEKNİKERLİĞİ,Kamu Yönetimi,3237,EA
325,1492,ÇEVRE SAĞLIĞI VE ÇEVRESEL RİSK YÖNETİMİ TEKNİKERLİĞİ,Maliye,3254,EA
325,1492,ÇEVRE SAĞLIĞI VE ÇEVRESEL RİSK YÖNETİMİ TEKNİKERLİĞİ,Sağlık Yönetimi,6298,EA
325,1492,ÇEVRE SAĞLIĞI VE ÇEVRESEL RİSK YÖNETİMİ TEKNİKERLİĞİ,Siyaset Bilimi ve Kamu Yönetimi,3314,EA
325,1492,ÇEVRE SAĞLIĞI VE ÇEVRESEL RİSK YÖNETİMİ TEKNİKERLİĞİ,Uluslararası İlişkiler,3352,EA
325,1143,Diş Protez,Çalışma Ekonomisi ve Endüstri İlişkileri,3141,EA
325,1143,Diş Protez,Halkla İlişkiler ve Reklamcılık,5111,SÖZ
325,1143,Diş Protez,Halkla İlişkiler ve Tanıtım,3198,SÖZ
325,1143,Diş Protez,İktisat,3213,EA
325,1143,Diş Protez,İşletme,3226,EA
325,1143,Diş Protez,Kamu Yönetimi,3237,EA
325,1143,Diş Protez,Maliye,3254,EA
325,1143,Diş Protez,Sağlık Yönetimi,6298,EA
325,1143,Diş Protez,Siyaset Bilimi ve Kamu Yönetimi,3314,EA
325,1143,Diş Protez,Uluslararası İlişkiler,3352,EA
325,8519,Diş Protez Teknikerliği,Çalışma Ekonomisi ve Endüstri İlişkileri,3141,EA
325,8519,Diş Protez Teknikerliği,Halkla İlişkiler ve Reklamcılık,5111,SÖZ
325,8519,Diş Protez Teknikerliği,Halkla İlişkiler ve Tanıtım,3198,SÖZ
325,8519,Diş Protez Teknikerliği,İktisat,3213,EA
325,8519,Diş Protez Teknikerliği,İşletme,3226,EA
325,8519,Diş Protez Teknikerliği,Kamu Yönetimi,3237,EA
325,8519,Diş Protez Teknikerliği,Maliye,3254,EA
325,8519,Diş Protez Teknikerliği,Sağlık Yönetimi,6298,EA
325,8519,Diş Protez Teknikerliği,Siyaset Bilimi ve Kamu Yönetimi,3314,EA
325,8519,Diş Protez Teknikerliği,Uluslararası İlişkiler,3352,EA
325,9081,Diş Protez Teknolojisi,Çalışma Ekonomisi ve Endüstri İlişkileri,3141,EA
325,9081,Diş Protez Teknolojisi,Halkla İlişkiler ve Reklamcılık,5111,SÖZ
325,9081,Diş Protez Teknolojisi,Halkla İlişkiler ve Tanıtım,3198,SÖZ
325,9081,Diş Protez Teknolojisi,İktisat,3213,EA
325,9081,Diş Protez Teknolojisi,İşletme,3226,EA
325,9081,Diş Protez Teknolojisi,Kamu Yönetimi,3237,EA
325,9081,Diş Protez Teknolojisi,Maliye,3254,EA
325,9081,Diş Protez Teknolojisi,Sağlık Yönetimi,6298,EA
325,9081,Diş Protez Teknolojisi,Siyaset Bilimi ve Kamu Yönetimi,3314,EA
325,9081,Diş Protez Teknolojisi,Uluslararası İlişkiler,3352,EA
325,1144,Diş Teknik Sekreterliği,Çalışma Ekonomisi ve Endüstri İlişkileri,3141,EA
325,1144,Diş Teknik Sekreterliği,Halkla İlişkiler ve Reklamcılık,5111,SÖZ
325,1144,Diş Teknik Sekreterliği,Halkla İlişkiler ve Tanıtım,3198,SÖZ
325,1144,Diş Teknik Sekreterliği,İktisat,3213,EA
325,1144,Diş Teknik Sekreterliği,İşletme,3226,EA
325,1144,Diş Teknik Sekreterliği,Kamu Yönetimi,3237,EA
325,1144,Diş Teknik Sekreterliği,Maliye,3254,EA
325,1144,Diş Teknik Sekreterliği,Sağlık Yönetimi,6298,EA
325,1144,Diş Teknik Sekreterliği,Siyaset Bilimi ve Kamu Yönetimi,3314,EA
325,1144,Diş Teknik Sekreterliği,Uluslararası İlişkiler,3352,EA
325,5328,Elektronörofizyoloji,Çalışma Ekonomisi ve Endüstri İlişkileri,3141,EA
325,5328,Elektronörofizyoloji,Halkla İlişkiler ve Reklamcılık,5111,SÖZ
325,5328,Elektronörofizyoloji,Halkla İlişkiler ve Tanıtım,3198,SÖZ
325,5328,Elektronörofizyoloji,İktisat,3213,EA
325,5328,Elektronörofizyoloji,İşletme,3226,EA
325,5328,Elektronörofizyoloji,Kamu Yönetimi,3237,EA
325,5328,Elektronörofizyoloji,Maliye,3254,EA
325,5328,Elektronörofizyoloji,Sağlık Yönetimi,6298,EA
325,5328,Elektronörofizyoloji,Siyaset Bilimi ve Kamu Yönetimi,3314,EA
325,5328,Elektronörofizyoloji,Uluslararası İlişkiler,3352,EA
325,5336,Fizik Tedavi,Çalışma Ekonomisi ve Endüstri İlişkileri,3141,EA
325,5336,Fizik Tedavi,Halkla İlişkiler ve Reklamcılık,5111,SÖZ
325,5336,Fizik Tedavi,Halkla İlişkiler ve Tanıtım,3198,SÖZ
325,5336,Fizik Tedavi,İktisat,3213,EA
325,5336,Fizik Tedavi,İşletme,3226,EA
325,5336,Fizik Tedavi,Kamu Yönetimi,3237,EA
325,5336,Fizik Tedavi,Maliye,3254,EA
325,5336,Fizik Tedavi,Sağlık Yönetimi,6298,EA
325,5336,Fizik Tedavi,Siyaset Bilimi ve Kamu Yönetimi,3314,EA
325,5336,Fizik Tedavi,Uluslararası İlişkiler,3352,EA
325,9279,Fizik Tedavi ve Rehabilitasyon,Çalışma Ekonomisi ve Endüstri İlişkileri,3141,EA
325,9279,Fizik Tedavi ve Rehabilitasyon,Halkla İlişkiler ve Reklamcılık,5111,SÖZ
325,9279,Fizik Tedavi ve Rehabilitasyon,Halkla İlişkiler ve Tanıtım,3198,SÖZ
325,9279,Fizik Tedavi ve Rehabilitasyon,İktisat,3213,EA
325,9279,Fizik Tedavi ve Rehabilitasyon,İşletme,3226,EA
325,9279,Fizik Tedavi ve Rehabilitasyon,Kamu Yönetimi,3237,EA
325,9279,Fizik Tedavi ve Rehabilitasyon,Maliye,3254,EA
325,9279,Fizik Tedavi ve Rehabilitasyon,Sağlık Yönetimi,6298,EA
325,9279,Fizik Tedavi ve Rehabilitasyon,Siyaset Bilimi ve Kamu Yönetimi,3314,EA
325,9279,Fizik Tedavi ve Rehabilitasyon,Uluslararası İlişkiler,3352,EA
325,4263,Fizyoterapi,Çalışma Ekonomisi ve Endüstri İlişkileri,3141,EA
325,4263,Fizyoterapi,Halkla İlişkiler ve Reklamcılık,5111,SÖZ
325,4263,Fizyoterapi,Halkla İlişkiler ve Tanıtım,3198,SÖZ
325,4263,Fizyoterapi,İktisat,3213,EA
325,4263,Fizyoterapi,İşletme,3226,EA
325,4263,Fizyoterapi,Kamu Yönetimi,3237,EA
325,4263,Fizyoterapi,Maliye,3254,EA
325,4263,Fizyoterapi,Sağlık Yönetimi,6298,EA
325,4263,Fizyoterapi,Siyaset Bilimi ve Kamu Yönetimi,3314,EA
325,4263,Fizyoterapi,Uluslararası İlişkiler,3352,EA
325,1198,Hidroterapi,Çalışma Ekonomisi ve Endüstri İlişkileri,3141,EA
325,1198,Hidroterapi,Halkla İlişkiler ve Reklamcılık,5111,SÖZ
325,1198,Hidroterapi,Halkla İlişkiler ve Tanıtım,3198,SÖZ
325,1198,Hidroterapi,İktisat,3213,EA
325,1198,Hidroterapi,İşletme,3226,EA
325,1198,Hidroterapi,Kamu Yönetimi,3237,EA
325,1198,Hidroterapi,Maliye,3254,EA
325,1198,Hidroterapi,Sağlık Yönetimi,6298,EA
325,1198,Hidroterapi,Siyaset Bilimi ve Kamu Yönetimi,3314,EA
325,1198,Hidroterapi,Uluslararası İlişkiler,3352,EA
325,5345,Laborant ve Veteriner Sağlık,Çalışma Ekonomisi ve Endüstri İlişkileri,3141,EA
325,5345,Laborant ve Veteriner Sağlık,Halkla İlişkiler ve Reklamcılık,5111,SÖZ
325,5345,Laborant ve Veteriner Sağlık,Halkla İlişkiler ve Tanıtım,3198,SÖZ
325,5345,Laborant ve Veteriner Sağlık,İktisat,3213,EA
325,5345,Laborant ve Veteriner Sağlık,İşletme,3226,EA
325,5345,Laborant ve Veteriner Sağlık,Kamu Yönetimi,3237,EA
325,5345,Laborant ve Veteriner Sağlık,Maliye,3254,EA
325,5345,Laborant ve Veteriner Sağlık,Sağlık Yönetimi,6298,EA
325,5345,Laborant ve Veteriner Sağlık,Siyaset Bilimi ve Kamu Yönetimi,3314,EA
325,5345,Laborant ve Veteriner Sağlık,Uluslararası İlişkiler,3352,EA
325,9337,Nükleer Tıp Teknikleri,Çalışma Ekonomisi ve Endüstri İlişkileri,3141,EA
325,9337,Nükleer Tıp Teknikleri,Halkla İlişkiler ve Reklamcılık,5111,SÖZ
325,9337,Nükleer Tıp Teknikleri,Halkla İlişkiler ve Tanıtım,3198,SÖZ
325,9337,Nükleer Tıp Teknikleri,İktisat,3213,EA
325,9337,Nükleer Tıp Teknikleri,İşletme,3226,EA
325,9337,Nükleer Tıp Teknikleri,Kamu Yönetimi,3237,EA
325,9337,Nükleer Tıp Teknikleri,Maliye,3254,EA
325,9337,Nükleer Tıp Teknikleri,Sağlık Yönetimi,6298,EA
325,9337,Nükleer Tıp Teknikleri,Siyaset Bilimi ve Kamu Yönetimi,3314,EA
325,9337,Nükleer Tıp Teknikleri,Uluslararası İlişkiler,3352,EA
325,1251,Odiometri / Odyometri,Çalışma Ekonomisi ve Endüstri İlişkileri,3141,EA
325,1251,Odiometri / Odyometri,Halkla İlişkiler ve Reklamcılık,5111,SÖZ
325,1251,Odiometri / Odyometri,Halkla İlişkiler ve Tanıtım,3198,SÖZ
325,1251,Odiometri / Odyometri,İktisat,3213,EA
325,1251,Odiometri / Odyometri,İşletme,3226,EA
325,1251,Odiometri / Odyometri,Kamu Yönetimi,3237,EA
325,1251,Odiometri / Odyometri,Maliye,3254,EA
325,1251,Odiometri / Odyometri,Sağlık Yönetimi,6298,EA
325,1251,Odiometri / Odyometri,Siyaset Bilimi ve Kamu Yönetimi,3314,EA
325,1251,Odiometri / Odyometri,Uluslararası İlişkiler,3352,EA
325,1252,Optisyenlik,Çalışma Ekonomisi ve Endüstri İlişkileri,3141,EA
325,1252,Optisyenlik,Halkla İlişkiler ve Reklamcılık,5111,SÖZ
325,1252,Optisyenlik,Halkla İlişkiler ve Tanıtım,3198,SÖZ
325,1252,Optisyenlik,İktisat,3213,EA
325,1252,Optisyenlik,İşletme,3226,EA
325,1252,Optisyenlik,Kamu Yönetimi,3237,EA
325,1252,Optisyenlik,Maliye,3254,EA
325,1252,Optisyenlik,Sağlık Yönetimi,6298,EA
325,1252,Optisyenlik,Siyaset Bilimi ve Kamu Yönetimi,3314,EA
325,1252,Optisyenlik,Uluslararası İlişkiler,3352,EA
325,9085,Ortopedik Protez ve Ortez,Çalışma Ekonomisi ve Endüstri İlişkileri,3141,EA
325,9085,Ortopedik Protez ve Ortez,Halkla İlişkiler ve Reklamcılık,5111,SÖZ
325,9085,Ortopedik Protez ve Ortez,Halkla İlişkiler ve Tanıtım,3198,SÖZ
325,9085,Ortopedik Protez ve Ortez,İktisat,3213,EA
325,9085,Ortopedik Protez ve Ortez,İşletme,3226,EA
325,9085,Ortopedik Protez ve Ortez,Kamu Yönetimi,3237,EA
325,9085,Ortopedik Protez ve Ortez,Maliye,3254,EA
325,9085,Ortopedik Protez ve Ortez,Sağlık Yönetimi,6298,EA
325,9085,Ortopedik Protez ve Ortez,Siyaset Bilimi ve Kamu Yönetimi,3314,EA
325,9085,Ortopedik Protez ve Ortez,Uluslararası İlişkiler,3352,EA
325,1267,Patoloji Laboratuvar,Çalışma Ekonomisi ve Endüstri İlişkileri,3141,EA
325,1267,Patoloji Laboratuvar,Halkla İlişkiler ve Reklamcılık,5111,SÖZ
325,1267,Patoloji Laboratuvar,Halkla İlişkiler ve Tanıtım,3198,SÖZ
325,1267,Patoloji Laboratuvar,İktisat,3213,EA
325,1267,Patoloji Laboratuvar,İşletme,3226,EA
325,1267,Patoloji Laboratuvar,Kamu Yönetimi,3237,EA
325,1267,Patoloji Laboratuvar,Maliye,3254,EA
325,1267,Patoloji Laboratuvar,Sağlık Yönetimi,6298,EA
325,1267,Patoloji Laboratuvar,Siyaset Bilimi ve Kamu Yönetimi,3314,EA
325,1267,Patoloji Laboratuvar,Uluslararası İlişkiler,3352,EA
325,9088,Patoloji Laboratuvar Teknikleri,Çalışma Ekonomisi ve Endüstri İlişkileri,3141,EA
325,9088,Patoloji Laboratuvar Teknikleri,Halkla İlişkiler ve Reklamcılık,5111,SÖZ
325,9088,Patoloji Laboratuvar Teknikleri,Halkla İlişkiler ve Tanıtım,3198,SÖZ
325,9088,Patoloji Laboratuvar Teknikleri,İktisat,3213,EA
325,9088,Patoloji Laboratuvar Teknikleri,İşletme,3226,EA
325,9088,Patoloji Laboratuvar Teknikleri,Kamu Yönetimi,3237,EA
325,9088,Patoloji Laboratuvar Teknikleri,Maliye,3254,EA
325,9088,Patoloji Laboratuvar Teknikleri,Sağlık Yönetimi,6298,EA
325,9088,Patoloji Laboratuvar Teknikleri,Siyaset Bilimi ve Kamu Yönetimi,3314,EA
325,9088,Patoloji Laboratuvar Teknikleri,Uluslararası İlişkiler,3352,EA
325,9334,Podoloji,Çalışma Ekonomisi ve Endüstri İlişkileri,3141,EA
325,9334,Podoloji,Halkla İlişkiler ve Reklamcılık,5111,SÖZ
325,9334,Podoloji,Halkla İlişkiler ve Tanıtım,3198,SÖZ
325,9334,Podoloji,İktisat,3213,EA
325,9334,Podoloji,İşletme,3226,EA
325,9334,Podoloji,Kamu Yönetimi,3237,EA
325,9334,Podoloji,Maliye,3254,EA
325,9334,Podoloji,Sağlık Yönetimi,6298,EA
325,9334,Podoloji,Siyaset Bilimi ve Kamu Yönetimi,3314,EA
325,9334,Podoloji,Uluslararası İlişkiler,3352,EA
325,1279,Protez ve Ortez,Çalışma Ekonomisi ve Endüstri İlişkileri,3141,EA
325,1279,Protez ve Ortez,Halkla İlişkiler ve Reklamcılık,5111,SÖZ
325,1279,Protez ve Ortez,Halkla İlişkiler ve Tanıtım,3198,SÖZ
325,1279,Protez ve Ortez,İktisat,3213,EA
325,1279,Protez ve Ortez,İşletme,3226,EA
325,1279,Protez ve Ortez,Kamu Yönetimi,3237,EA
325,1279,Protez ve Ortez,Maliye,3254,EA
325,1279,Protez ve Ortez,Sağlık Yönetimi,6298,EA
325,1279,Protez ve Ortez,Siyaset Bilimi ve Kamu Yönetimi,3314,EA
325,1279,Protez ve Ortez,Uluslararası İlişkiler,3352,EA
325,1281,Radyoloji,Çalışma Ekonomisi ve Endüstri İlişkileri,3141,EA
325,1281,Radyoloji,Halkla İlişkiler ve Reklamcılık,5111,SÖZ
325,1281,Radyoloji,Halkla İlişkiler ve Tanıtım,3198,SÖZ
325,1281,Radyoloji,İktisat,3213,EA
325,1281,Radyoloji,İşletme,3226,EA
325,1281,Radyoloji,Kamu Yönetimi,3237,EA
325,1281,Radyoloji,Maliye,3254,EA
325,1281,Radyoloji,Sağlık Yönetimi,6298,EA
325,1281,Radyoloji,Siyaset Bilimi ve Kamu Yönetimi,3314,EA
325,1281,Radyoloji,Uluslararası İlişkiler,3352,EA
325,1285,Radyoterapi,Çalışma Ekonomisi ve Endüstri İlişkileri,3141,EA
325,1285,Radyoterapi,Halkla İlişkiler ve Reklamcılık,5111,SÖZ
325,1285,Radyoterapi,Halkla İlişkiler ve Tanıtım,3198,SÖZ
325,1285,Radyoterapi,İktisat,3213,EA
325,1285,Radyoterapi,İşletme,3226,EA
325,1285,Radyoterapi,Kamu Yönetimi,3237,EA
325,1285,Radyoterapi,Maliye,3254,EA
325,1285,Radyoterapi,Sağlık Yönetimi,6298,EA
325,1285,Radyoterapi,Siyaset Bilimi ve Kamu Yönetimi,3314,EA
325,1285,Radyoterapi,Uluslararası İlişkiler,3352,EA
325,8558,Sağlık Memurluğu,Çalışma Ekonomisi ve Endüstri İlişkileri,3141,EA
325,8558,Sağlık Memurluğu,Halkla İlişkiler ve Reklamcılık,5111,SÖZ
325,8558,Sağlık Memurluğu,Halkla İlişkiler ve Tanıtım,3198,SÖZ
325,8558,Sağlık Memurluğu,İktisat,3213,EA
325,8558,Sağlık Memurluğu,İşletme,3226,EA
325,8558,Sağlık Memurluğu,Kamu Yönetimi,3237,EA
325,8558,Sağlık Memurluğu,Maliye,3254,EA
325,8558,Sağlık Memurluğu,Sağlık Yönetimi,6298,EA
325,8558,Sağlık Memurluğu,Siyaset Bilimi ve Kamu Yönetimi,3314,EA
325,8558,Sağlık Memurluğu,Uluslararası İlişkiler,3352,EA
325,8559,Sağlık Teknikerliği,Çalışma Ekonomisi ve Endüstri İlişkileri,3141,EA
325,8559,Sağlık Teknikerliği,Halkla İlişkiler ve Reklamcılık,5111,SÖZ
325,8559,Sağlık Teknikerliği,Halkla İlişkiler ve Tanıtım,3198,SÖZ
325,8559,Sağlık Teknikerliği,İktisat,3213,EA
325,8559,Sağlık Teknikerliği,İşletme,3226,EA
325,8559,Sağlık Teknikerliği,Kamu Yönetimi,3237,EA
325,8559,Sağlık Teknikerliği,Maliye,3254,EA
325,8559,Sağlık Teknikerliği,Sağlık Yönetimi,6298,EA
325,8559,Sağlık Teknikerliği,Siyaset Bilimi ve Kamu Yönetimi,3314,EA
325,8559,Sağlık Teknikerliği,Uluslararası İlişkiler,3352,EA
325,9439,Sağlık Turizmi İşletmeciliği,Çalışma Ekonomisi ve Endüstri İlişkileri,3141,EA
325,9439,Sağlık Turizmi İşletmeciliği,Halkla İlişkiler ve Reklamcılık,5111,SÖZ
325,9439,Sağlık Turizmi İşletmeciliği,Halkla İlişkiler ve Tanıtım,3198,SÖZ
325,9439,Sağlık Turizmi İşletmeciliği,İktisat,3213,EA
325,9439,Sağlık Turizmi İşletmeciliği,İşletme,3226,EA
325,9439,Sağlık Turizmi İşletmeciliği,Kamu Yönetimi,3237,EA
325,9439,Sağlık Turizmi İşletmeciliği,Maliye,3254,EA
325,9439,Sağlık Turizmi İşletmeciliği,Sağlık Yönetimi,6298,EA
325,9439,Sağlık Turizmi İşletmeciliği,Siyaset Bilimi ve Kamu Yönetimi,3314,EA
325,9439,Sağlık Turizmi İşletmeciliği,Uluslararası İlişkiler,3352,EA
325,9086,Tıbbi Görüntüleme Teknikleri,Çalışma Ekonomisi ve Endüstri İlişkileri,3141,EA
325,9086,Tıbbi Görüntüleme Teknikleri,Halkla İlişkiler ve Reklamcılık,5111,SÖZ
325,9086,Tıbbi Görüntüleme Teknikleri,Halkla İlişkiler ve Tanıtım,3198,SÖZ
325,9086,Tıbbi Görüntüleme Teknikleri,İktisat,3213,EA
325,9086,Tıbbi Görüntüleme Teknikleri,İşletme,3226,EA
325,9086,Tıbbi Görüntüleme Teknikleri,Kamu Yönetimi,3237,EA
325,9086,Tıbbi Görüntüleme Teknikleri,Maliye,3254,EA
325,9086,Tıbbi Görüntüleme Teknikleri,Sağlık Yönetimi,6298,EA
325,9086,Tıbbi Görüntüleme Teknikleri,Siyaset Bilimi ve Kamu Yönetimi,3314,EA
325,9086,Tıbbi Görüntüleme Teknikleri,Uluslararası İlişkiler,3352,EA
325,9083,Tıbbi Laboratuar Teknikleri / Tıbbi Laboratuvar Teknikleri,Çalışma Ekonomisi ve Endüstri İlişkileri,3141,EA
325,9083,Tıbbi Laboratuar Teknikleri / Tıbbi Laboratuvar Teknikleri,Halkla İlişkiler ve Reklamcılık,5111,SÖZ
325,9083,Tıbbi Laboratuar Teknikleri / Tıbbi Laboratuvar Teknikleri,Halkla İlişkiler ve Tanıtım,3198,SÖZ
325,9083,Tıbbi Laboratuar Teknikleri / Tıbbi Laboratuvar Teknikleri,İktisat,3213,EA
325,9083,Tıbbi Laboratuar Teknikleri / Tıbbi Laboratuvar Teknikleri,İşletme,3226,EA
325,9083,Tıbbi Laboratuar Teknikleri / Tıbbi Laboratuvar Teknikleri,Kamu Yönetimi,3237,EA
325,9083,Tıbbi Laboratuar Teknikleri / Tıbbi Laboratuvar Teknikleri,Maliye,3254,EA
325,9083,Tıbbi Laboratuar Teknikleri / Tıbbi Laboratuvar Teknikleri,Sağlık Yönetimi,6298,EA
325,9083,Tıbbi Laboratuar Teknikleri / Tıbbi Laboratuvar Teknikleri,Siyaset Bilimi ve Kamu Yönetimi,3314,EA
325,9083,Tıbbi Laboratuar Teknikleri / Tıbbi Laboratuvar Teknikleri,Uluslararası İlişkiler,3352,EA
325,1330,Tıbbi Laboratuvar,Çalışma Ekonomisi ve Endüstri İlişkileri,3141,EA
325,1330,Tıbbi Laboratuvar,Halkla İlişkiler ve Reklamcılık,5111,SÖZ
325,1330,Tıbbi Laboratuvar,Halkla İlişkiler ve Tanıtım,3198,SÖZ
325,1330,Tıbbi Laboratuvar,İktisat,3213,EA
325,1330,Tıbbi Laboratuvar,İşletme,3226,EA
325,1330,Tıbbi Laboratuvar,Kamu Yönetimi,3237,EA
325,1330,Tıbbi Laboratuvar,Maliye,3254,EA
325,1330,Tıbbi Laboratuvar,Sağlık Yönetimi,6298,EA
325,1330,Tıbbi Laboratuvar,Siyaset Bilimi ve Kamu Yönetimi,3314,EA
325,1330,Tıbbi Laboratuvar,Uluslararası İlişkiler,3352,EA
325,4397,Veteriner Sağlık Teknikerliği,Çalışma Ekonomisi ve Endüstri İlişkileri,3141,EA
325,4397,Veteriner Sağlık Teknikerliği,Halkla İlişkiler ve Reklamcılık,5111,SÖZ
325,4397,Veteriner Sağlık Teknikerliği,Halkla İlişkiler ve Tanıtım,3198,SÖZ
325,4397,Veteriner Sağlık Teknikerliği,İktisat,3213,EA
325,4397,Veteriner Sağlık Teknikerliği,İşletme,3226,EA
325,4397,Veteriner Sağlık Teknikerliği,Kamu Yönetimi,3237,EA
325,4397,Veteriner Sağlık Teknikerliği,Maliye,3254,EA
325,4397,Veteriner Sağlık Teknikerliği,Sağlık Yönetimi,6298,EA
325,4397,Veteriner Sağlık Teknikerliği,Siyaset Bilimi ve Kamu Yönetimi,3314,EA
325,4397,Veteriner Sağlık Teknikerliği,Uluslararası İlişkiler,3352,EA
326,1370,Çok Boyutlu Modelleme ve Animasyon,Çalışma Ekonomisi ve Endüstri İlişkileri,3141,EA
326,1370,Çok Boyutlu Modelleme ve Animasyon,Halkla İlişkiler ve Reklamcılık,5111,SÖZ
326,1370,Çok Boyutlu Modelleme ve Animasyon,İktisat,3213,EA
326,1370,Çok Boyutlu Modelleme ve Animasyon,İşletme,3226,EA
326,1370,Çok Boyutlu Modelleme ve Animasyon,Kamu Yönetimi,3237,EA
326,1370,Çok Boyutlu Modelleme ve Animasyon,Maliye,3254,EA
326,1370,Çok Boyutlu Modelleme ve Animasyon,Reklamcılık,3291,SÖZ
326,1370,Çok Boyutlu Modelleme ve Animasyon,Siyaset Bilimi ve Kamu Yönetimi,3314,EA
326,1370,Çok Boyutlu Modelleme ve Animasyon,Uluslararası İlişkiler,3352,EA
326,1456,SANAL VE ARTIRILMIŞ GERÇEKLİK,Çalışma Ekonomisi ve Endüstri İlişkileri,3141,EA
326,1456,SANAL VE ARTIRILMIŞ GERÇEKLİK,Halkla İlişkiler ve Reklamcılık,5111,SÖZ
326,1456,SANAL VE ARTIRILMIŞ GERÇEKLİK,İktisat,3213,EA
326,1456,SANAL VE ARTIRILMIŞ GERÇEKLİK,İşletme,3226,EA
326,1456,SANAL VE ARTIRILMIŞ GERÇEKLİK,Kamu Yönetimi,3237,EA
326,1456,SANAL VE ARTIRILMIŞ GERÇEKLİK,Maliye,3254,EA
326,1456,SANAL VE ARTIRILMIŞ GERÇEKLİK,Reklamcılık,3291,SÖZ
326,1456,SANAL VE ARTIRILMIŞ GERÇEKLİK,Siyaset Bilimi ve Kamu Yönetimi,3314,EA
326,1456,SANAL VE ARTIRILMIŞ GERÇEKLİK,Uluslararası İlişkiler,3352,EA
327,9464,Deniz Brokerliği,Çalışma Ekonomisi ve Endüstri İlişkileri,3141,EA
327,9464,Deniz Brokerliği,İktisat,3213,EA
327,9464,Deniz Brokerliği,İşletme,3226,EA
327,9464,Deniz Brokerliği,Kamu Yönetimi,3237,EA
327,9464,Deniz Brokerliği,Maliye,3254,EA
327,9464,Deniz Brokerliği,Siyaset Bilimi ve Kamu Yönetimi,3314,EA
327,9464,Deniz Brokerliği,Uluslararası İlişkiler,3352,EA
327,9464,Deniz Brokerliği,Uluslararası Ticaret ve Lojistik,9009,EA
328,4236,Deniz İşletmeciliği ve Yönetimi,Halkla İlişkiler ve Reklamcılık,5111,SÖZ
328,4236,Deniz İşletmeciliği ve Yönetimi,Halkla İlişkiler ve Tanıtım,3198,SÖZ
328,4236,Deniz İşletmeciliği ve Yönetimi,Havacılık Yönetimi,9428,EA
328,4236,Deniz İşletmeciliği ve Yönetimi,Uluslararası Ticaret ve Lojistik,9009,EA
328,9137,Deniz Ulaştırma ve İşletme,Halkla İlişkiler ve Reklamcılık,5111,SÖZ
328,9137,Deniz Ulaştırma ve İşletme,Halkla İlişkiler ve Tanıtım,3198,SÖZ
328,9137,Deniz Ulaştırma ve İşletme,Havacılık Yönetimi,9428,EA
328,9137,Deniz Ulaştırma ve İşletme,Uluslararası Ticaret ve Lojistik,9009,EA
328,1139,Deniz ve Liman İşletme,Halkla İlişkiler ve Reklamcılık,5111,SÖZ
328,1139,Deniz ve Liman İşletme,Halkla İlişkiler ve Tanıtım,3198,SÖZ
328,1139,Deniz ve Liman İşletme,Havacılık Yönetimi,9428,EA
328,1139,Deniz ve Liman İşletme,Uluslararası Ticaret ve Lojistik,9009,EA
328,9026,Deniz ve Liman İşletmeciliği,Halkla İlişkiler ve Reklamcılık,5111,SÖZ
328,9026,Deniz ve Liman İşletmeciliği,Halkla İlişkiler ve Tanıtım,3198,SÖZ
328,9026,Deniz ve Liman İşletmeciliği,Havacılık Yönetimi,9428,EA
328,9026,Deniz ve Liman İşletmeciliği,Uluslararası Ticaret ve Lojistik,9009,EA
328,9331,İşletme-Muhasebe,Halkla İlişkiler ve Reklamcılık,5111,SÖZ
328,9331,İşletme-Muhasebe,Halkla İlişkiler ve Tanıtım,3198,SÖZ
328,9331,İşletme-Muhasebe,Havacılık Yönetimi,9428,EA
328,9331,İşletme-Muhasebe,Uluslararası Ticaret ve Lojistik,9009,EA
328,8538,Kargo / Kargo Hizmetleri,Halkla İlişkiler ve Reklamcılık,5111,SÖZ
328,8538,Kargo / Kargo Hizmetleri,Halkla İlişkiler ve Tanıtım,3198,SÖZ
328,8538,Kargo / Kargo Hizmetleri,Havacılık Yönetimi,9428,EA
328,8538,Kargo / Kargo Hizmetleri,Uluslararası Ticaret ve Lojistik,9009,EA
328,1229,Mağaza İşletmeciliği,Halkla İlişkiler ve Reklamcılık,5111,SÖZ
328,1229,Mağaza İşletmeciliği,Halkla İlişkiler ve Tanıtım,3198,SÖZ
328,1229,Mağaza İşletmeciliği,Havacılık Yönetimi,9428,EA
328,1229,Mağaza İşletmeciliği,Uluslararası Ticaret ve Lojistik,9009,EA
328,1254,Orta Kademe Yöneticiliği / Orta Kademe Yöneticilik,Halkla İlişkiler ve Reklamcılık,5111,SÖZ
328,1254,Orta Kademe Yöneticiliği / Orta Kademe Yöneticilik,Halkla İlişkiler ve Tanıtım,3198,SÖZ
328,1254,Orta Kademe Yöneticiliği / Orta Kademe Yöneticilik,Havacılık Yönetimi,9428,EA
328,1254,Orta Kademe Yöneticiliği / Orta Kademe Yöneticilik,Uluslararası Ticaret ve Lojistik,9009,EA
328,8623,Raylı Sistemler İşletmeciliği,Halkla İlişkiler ve Reklamcılık,5111,SÖZ
328,8623,Raylı Sistemler İşletmeciliği,Halkla İlişkiler ve Tanıtım,3198,SÖZ
328,8623,Raylı Sistemler İşletmeciliği,Havacılık Yönetimi,9428,EA
328,8623,Raylı Sistemler İşletmeciliği,Uluslararası Ticaret ve Lojistik,9009,EA
328,4351,Sevk ve İdare,Halkla İlişkiler ve Reklamcılık,5111,SÖZ
328,4351,Sevk ve İdare,Halkla İlişkiler ve Tanıtım,3198,SÖZ
328,4351,Sevk ve İdare,Havacılık Yönetimi,9428,EA
328,4351,Sevk ve İdare,Uluslararası Ticaret ve Lojistik,9009,EA
328,4374,Turizm ve Konaklama İşletmeciliği,Halkla İlişkiler ve Reklamcılık,5111,SÖZ
328,4374,Turizm ve Konaklama İşletmeciliği,Halkla İlişkiler ve Tanıtım,3198,SÖZ
328,4374,Turizm ve Konaklama İşletmeciliği,Havacılık Yönetimi,9428,EA
328,4374,Turizm ve Konaklama İşletmeciliği,Uluslararası Ticaret ve Lojistik,9009,EA
329,9598,"Dezenfeksiyon, Sterilizasyon ve Antisepsi",Sağlık Yönetimi,6298,EA
329,1371,"Dezenfeksiyon, Sterilizasyon ve Antisepsi Teknikerliği",Sağlık Yönetimi,6298,EA
329,8582,Ebelik,Sağlık Yönetimi,6298,EA
329,8557,Sağlık Laboratuvarı,Sağlık Yönetimi,6298,EA
330,1145,Dış Ticaret,Halkla İlişkiler ve Reklamcılık,5111,SÖZ
330,1145,Dış Ticaret,Halkla İlişkiler ve Tanıtım,3198,SÖZ
330,1145,Dış Ticaret,Havacılık Yönetimi Tur,9428,EA
330,5346,Lojistik,Halkla İlişkiler ve Reklamcılık,5111,SÖZ
330,5346,Lojistik,Halkla İlişkiler ve Tanıtım,3198,SÖZ
330,5346,Lojistik,Havacılık Yönetimi Tur,9428,EA
330,4312,Lojistik Yönetimi,Halkla İlişkiler ve Reklamcılık,5111,SÖZ
330,4312,Lojistik Yönetimi,Halkla İlişkiler ve Tanıtım,3198,SÖZ
330,4312,Lojistik Yönetimi,Havacılık Yönetimi Tur,9428,EA
330,1300,Seyahat İşletmeciliği,Halkla İlişkiler ve Reklamcılık,5111,SÖZ
330,1300,Seyahat İşletmeciliği,Halkla İlişkiler ve Tanıtım,3198,SÖZ
330,1300,Seyahat İşletmeciliği,Havacılık Yönetimi Tur,9428,EA
330,1301,Seyahat İşletmeciliği ve Tur Operatörlüğü,Halkla İlişkiler ve Reklamcılık,5111,SÖZ
330,1301,Seyahat İşletmeciliği ve Tur Operatörlüğü,Halkla İlişkiler ve Tanıtım,3198,SÖZ
330,1301,Seyahat İşletmeciliği ve Tur Operatörlüğü,Havacılık Yönetimi Tur,9428,EA
330,1302,İşletmeciliği,Halkla İlişkiler ve Reklamcılık,5111,SÖZ
330,1302,İşletmeciliği,Halkla İlişkiler ve Tanıtım,3198,SÖZ
330,1302,İşletmeciliği,Havacılık Yönetimi Tur,9428,EA
330,9184,Seyahat ve Turizm İşletmeciliği,Halkla İlişkiler ve Reklamcılık,5111,SÖZ
330,9184,Seyahat ve Turizm İşletmeciliği,Halkla İlişkiler ve Tanıtım,3198,SÖZ
330,9184,Seyahat ve Turizm İşletmeciliği,Havacılık Yönetimi Tur,9428,EA
330,8573,Turizm,Halkla İlişkiler ve Reklamcılık,5111,SÖZ
330,8573,Turizm,Halkla İlişkiler ve Tanıtım,3198,SÖZ
330,8573,Turizm,Havacılık Yönetimi Tur,9428,EA
330,1335,Turizm İşletmeciliği,Halkla İlişkiler ve Reklamcılık,5111,SÖZ
330,1335,Turizm İşletmeciliği,Halkla İlişkiler ve Tanıtım,3198,SÖZ
330,1335,Turizm İşletmeciliği,Havacılık Yönetimi Tur,9428,EA
330,1336,Turizm İşletmeciliği ve Otelcilik,Halkla İlişkiler ve Reklamcılık,5111,SÖZ
330,1336,Turizm İşletmeciliği ve Otelcilik,Halkla İlişkiler ve Tanıtım,3198,SÖZ
330,1336,Turizm İşletmeciliği ve Otelcilik,Havacılık Yönetimi Tur,9428,EA
330,8574,Turizm Otel Yöneticiliği / Turizm ve Otel Yöneticiliği,Halkla İlişkiler ve Reklamcılık,5111,SÖZ
330,8574,Turizm Otel Yöneticiliği / Turizm ve Otel Yöneticiliği,Halkla İlişkiler ve Tanıtım,3198,SÖZ
330,8574,Turizm Otel Yöneticiliği / Turizm ve Otel Yöneticiliği,Havacılık Yönetimi Tur,9428,EA
330,5368,Turizm ve Otel İşletmeciliği,Halkla İlişkiler ve Reklamcılık,5111,SÖZ
330,5368,Turizm ve Otel İşletmeciliği,Halkla İlişkiler ve Tanıtım,3198,SÖZ
330,5368,Turizm ve Otel İşletmeciliği,Havacılık Yönetimi Tur,9428,EA
330,1338,Turizm ve Otelcilik / Turizm-Otelcilik,Halkla İlişkiler ve Reklamcılık,5111,SÖZ
330,1338,Turizm ve Otelcilik / Turizm-Otelcilik,Halkla İlişkiler ve Tanıtım,3198,SÖZ
330,1338,Turizm ve Otelcilik / Turizm-Otelcilik,Havacılık Yönetimi Tur,9428,EA
330,9078,Turizm ve Seyahat Hizmetleri,Halkla İlişkiler ve Reklamcılık,5111,SÖZ
330,9078,Turizm ve Seyahat Hizmetleri,Halkla İlişkiler ve Tanıtım,3198,SÖZ
330,9078,Turizm ve Seyahat Hizmetleri,Havacılık Yönetimi Tur,9428,EA
330,5370,Turizm ve Seyahat İşletmeciliği,Halkla İlişkiler ve Reklamcılık,5111,SÖZ
330,5370,Turizm ve Seyahat İşletmeciliği,Halkla İlişkiler ve Tanıtım,3198,SÖZ
330,5370,Turizm ve Seyahat İşletmeciliği,Havacılık Yönetimi Tur,9428,EA
330,9529,Turizm ve Seyahat Otel İşletmeciliği,Halkla İlişkiler ve Reklamcılık,5111,SÖZ
330,9529,Turizm ve Seyahat Otel İşletmeciliği,Halkla İlişkiler ve Tanıtım,3198,SÖZ
330,9529,Turizm ve Seyahat Otel İşletmeciliği,Havacılık Yönetimi Tur,9428,EA
330,1339,Turizm Yönetimi,Halkla İlişkiler ve Reklamcılık,5111,SÖZ
330,1339,Turizm Yönetimi,Halkla İlişkiler ve Tanıtım,3198,SÖZ
330,1339,Turizm Yönetimi,Havacılık Yönetimi Tur,9428,EA
330,8575,"Turizm, Konaklama ve Otel İşletmeciliği",Halkla İlişkiler ve Reklamcılık,5111,SÖZ
330,8575,"Turizm, Konaklama ve Otel İşletmeciliği",Halkla İlişkiler ve Tanıtım,3198,SÖZ
330,8575,"Turizm, Konaklama ve Otel İşletmeciliği",Havacılık Yönetimi Tur,9428,EA
330,5375,Uluslararası Lojistik,Halkla İlişkiler ve Reklamcılık,5111,SÖZ
330,5375,Uluslararası Lojistik,Halkla İlişkiler ve Tanıtım,3198,SÖZ
330,5375,Uluslararası Lojistik,Havacılık Yönetimi Tur,9428,EA
330,4392,Uluslararası Taşımacılık ve Lojistik,Halkla İlişkiler ve Reklamcılık,5111,SÖZ
330,4392,Uluslararası Taşımacılık ve Lojistik,Halkla İlişkiler ve Tanıtım,3198,SÖZ
330,4392,Uluslararası Taşımacılık ve Lojistik,Havacılık Yönetimi Tur,9428,EA
330,1342,Uluslararası Taşımacılık Yönetimi,Halkla İlişkiler ve Reklamcılık,5111,SÖZ
330,1342,Uluslararası Taşımacılık Yönetimi,Halkla İlişkiler ve Tanıtım,3198,SÖZ
330,1342,Uluslararası Taşımacılık Yönetimi,Havacılık Yönetimi Tur,9428,EA
330,5376,Uluslararası Ticaret,Halkla İlişkiler ve Reklamcılık,5111,SÖZ
330,5376,Uluslararası Ticaret,Halkla İlişkiler ve Tanıtım,3198,SÖZ
330,5376,Uluslararası Ticaret,Havacılık Yönetimi Tur,9428,EA
330,9112,Uluslararası Ticaret ve Lojistik,Halkla İlişkiler ve Reklamcılık,5111,SÖZ
330,9112,Uluslararası Ticaret ve Lojistik,Halkla İlişkiler ve Tanıtım,3198,SÖZ
330,9112,Uluslararası Ticaret ve Lojistik,Havacılık Yönetimi Tur,9428,EA
330,1343,Uluslararası Ticaret Yönetimi,Halkla İlişkiler ve Reklamcılık,5111,SÖZ
330,1343,Uluslararası Ticaret Yönetimi,Halkla İlişkiler ve Tanıtım,3198,SÖZ
330,1343,Uluslararası Ticaret Yönetimi,Havacılık Yönetimi Tur,9428,EA
331,1496,DİJİTAL SAĞLIK SİSTEMLERİ TEKNİKERLİĞİ,Çalışma Ekonomisi ve Endüstri İlişkileri,3141,EA
331,1496,DİJİTAL SAĞLIK SİSTEMLERİ TEKNİKERLİĞİ,Halkla İlişkiler ve Reklamcılık,5111,SÖZ
331,1496,DİJİTAL SAĞLIK SİSTEMLERİ TEKNİKERLİĞİ,Halkla İlişkiler ve Tanıtım,3198,SÖZ
331,1496,DİJİTAL SAĞLIK SİSTEMLERİ TEKNİKERLİĞİ,İktisat,3213,EA
331,1496,DİJİTAL SAĞLIK SİSTEMLERİ TEKNİKERLİĞİ,İşletme,3226,EA
331,1496,DİJİTAL SAĞLIK SİSTEMLERİ TEKNİKERLİĞİ,Kamu Yönetimi,3237,EA
331,1496,DİJİTAL SAĞLIK SİSTEMLERİ TEKNİKERLİĞİ,Maliye,3254,EA
331,1496,DİJİTAL SAĞLIK SİSTEMLERİ TEKNİKERLİĞİ,Sağlık Yönetimi,6298,EA
331,1496,DİJİTAL SAĞLIK SİSTEMLERİ TEKNİKERLİĞİ,Siyaset Bilimi ve Kamu Yönetimi,3314,EA
331,1496,DİJİTAL SAĞLIK SİSTEMLERİ TEKNİKERLİĞİ,Uluslararası İlişkiler,3352,EA
331,1496,DİJİTAL SAĞLIK SİSTEMLERİ TEKNİKERLİĞİ,Yönetim Bilişim Sistemleri,3361,EA
331,9392,Sağlık Bilgi Sistemleri Teknikerliği,Çalışma Ekonomisi ve Endüstri İlişkileri,3141,EA
331,9392,Sağlık Bilgi Sistemleri Teknikerliği,Halkla İlişkiler ve Reklamcılık,5111,SÖZ
331,9392,Sağlık Bilgi Sistemleri Teknikerliği,Halkla İlişkiler ve Tanıtım,3198,SÖZ
331,9392,Sağlık Bilgi Sistemleri Teknikerliği,İktisat,3213,EA
331,9392,Sağlık Bilgi Sistemleri Teknikerliği,İşletme,3226,EA
331,9392,Sağlık Bilgi Sistemleri Teknikerliği,Kamu Yönetimi,3237,EA
331,9392,Sağlık Bilgi Sistemleri Teknikerliği,Maliye,3254,EA
331,9392,Sağlık Bilgi Sistemleri Teknikerliği,Sağlık Yönetimi,6298,EA
331,9392,Sağlık Bilgi Sistemleri Teknikerliği,Siyaset Bilimi ve Kamu Yönetimi,3314,EA
331,9392,Sağlık Bilgi Sistemleri Teknikerliği,Uluslararası İlişkiler,3352,EA
331,9392,Sağlık Bilgi Sistemleri Teknikerliği,Yönetim Bilişim Sistemleri,3361,EA
331,1511,TELE-SAĞLIK TEKNİKERLİĞİ,Çalışma Ekonomisi ve Endüstri İlişkileri,3141,EA
331,1511,TELE-SAĞLIK TEKNİKERLİĞİ,Halkla İlişkiler ve Reklamcılık,5111,SÖZ
331,1511,TELE-SAĞLIK TEKNİKERLİĞİ,Halkla İlişkiler ve Tanıtım,3198,SÖZ
331,1511,TELE-SAĞLIK TEKNİKERLİĞİ,İktisat,3213,EA
331,1511,TELE-SAĞLIK TEKNİKERLİĞİ,İşletme,3226,EA
331,1511,TELE-SAĞLIK TEKNİKERLİĞİ,Kamu Yönetimi,3237,EA
331,1511,TELE-SAĞLIK TEKNİKERLİĞİ,Maliye,3254,EA
331,1511,TELE-SAĞLIK TEKNİKERLİĞİ,Sağlık Yönetimi,6298,EA
331,1511,TELE-SAĞLIK TEKNİKERLİĞİ,Siyaset Bilimi ve Kamu Yönetimi,3314,EA
331,1511,TELE-SAĞLIK TEKNİKERLİĞİ,Uluslararası İlişkiler,3352,EA
331,1511,TELE-SAĞLIK TEKNİKERLİĞİ,Yönetim Bilişim Sistemleri,3361,EA
331,1512,TIBBİ VERİ İŞLEME TEKNİKERLİĞİ,Çalışma Ekonomisi ve Endüstri İlişkileri,3141,EA
331,1512,TIBBİ VERİ İŞLEME TEKNİKERLİĞİ,Halkla İlişkiler ve Reklamcılık,5111,SÖZ
331,1512,TIBBİ VERİ İŞLEME TEKNİKERLİĞİ,Halkla İlişkiler ve Tanıtım,3198,SÖZ
331,1512,TIBBİ VERİ İŞLEME TEKNİKERLİĞİ,İktisat,3213,EA
331,1512,TIBBİ VERİ İŞLEME TEKNİKERLİĞİ,İşletme,3226,EA
331,1512,TIBBİ VERİ İŞLEME TEKNİKERLİĞİ,Kamu Yönetimi,3237,EA
331,1512,TIBBİ VERİ İŞLEME TEKNİKERLİĞİ,Maliye,3254,EA
331,1512,TIBBİ VERİ İŞLEME TEKNİKERLİĞİ,Sağlık Yönetimi,6298,EA
331,1512,TIBBİ VERİ İŞLEME TEKNİKERLİĞİ,Siyaset Bilimi ve Kamu Yönetimi,3314,EA
331,1512,TIBBİ VERİ İŞLEME TEKNİKERLİĞİ,Uluslararası İlişkiler,3352,EA
331,1512,TIBBİ VERİ İŞLEME TEKNİKERLİĞİ,Yönetim Bilişim Sistemleri,3361,EA
332,5327,Elektronik Ticaret,Uluslararası Ticaret ve Lojistik,9009,EA
332,5327,Elektronik Ticaret,Yönetim Bilişim Sistemleri,3361,EA
332,5332,E-Ticaret,Uluslararası Ticaret ve Lojistik,9009,EA
332,5332,E-Ticaret,Yönetim Bilişim Sistemleri,3361,EA
332,9599,E-Ticaret ve Pazarlama,Uluslararası Ticaret ve Lojistik,9009,EA
332,9599,E-Ticaret ve Pazarlama,Yönetim Bilişim Sistemleri,3361,EA
333,4269,Genel Çalışmalar,İşletme,3226,EA
333,4269,Genel Çalışmalar,Halkla İlişkiler ve Reklamcılık,5111,SÖZ
333,4269,Genel Çalışmalar,Halkla İlişkiler ve Tanıtım,3198,SÖZ
333,4269,Genel Çalışmalar,Havacılık Yönetimi,9428,EA
333,4269,Genel Çalışmalar,Sağlık Yönetimi,6298,EA
333,4269,Genel Çalışmalar,Uluslararası Ticaret ve Lojistik,9009,EA
333,4269,Genel Çalışmalar,Çalışma Ekonomisi ve Endüstri İlişkileri,3141,EA
333,4269,Genel Çalışmalar,İktisat,3213,EA
333,4269,Genel Çalışmalar,Kamu Yönetimi,3237,EA
333,4269,Genel Çalışmalar,Maliye,3254,EA
333,4269,Genel Çalışmalar,Siyaset Bilimi ve Kamu Yönetimi,3314,EA
333,4269,Genel Çalışmalar,Sosyal Hizmet,6318,EA
333,4269,Genel Çalışmalar,Uluslararası İlişkiler,3352,EA
333,6176,Genel İşletme,İşletme,3226,EA
333,6176,Genel İşletme,Halkla İlişkiler ve Reklamcılık,5111,SÖZ
333,6176,Genel İşletme,Halkla İlişkiler ve Tanıtım,3198,SÖZ
333,6176,Genel İşletme,Havacılık Yönetimi,9428,EA
333,6176,Genel İşletme,Sağlık Yönetimi,6298,EA
333,6176,Genel İşletme,Uluslararası Ticaret ve Lojistik,9009,EA
333,6176,Genel İşletme,Çalışma Ekonomisi ve Endüstri İlişkileri,3141,EA
333,6176,Genel İşletme,İktisat,3213,EA
333,6176,Genel İşletme,Kamu Yönetimi,3237,EA
333,6176,Genel İşletme,Maliye,3254,EA
333,6176,Genel İşletme,Siyaset Bilimi ve Kamu Yönetimi,3314,EA
333,6176,Genel İşletme,Sosyal Hizmet,6318,EA
333,6176,Genel İşletme,Uluslararası İlişkiler,3352,EA
333,5339,İş İdaresi,İşletme,3226,EA
333,5339,İş İdaresi,Halkla İlişkiler ve Reklamcılık,5111,SÖZ
333,5339,İş İdaresi,Halkla İlişkiler ve Tanıtım,3198,SÖZ
333,5339,İş İdaresi,Havacılık Yönetimi,9428,EA
333,5339,İş İdaresi,Sağlık Yönetimi,6298,EA
333,5339,İş İdaresi,Uluslararası Ticaret ve Lojistik,9009,EA
333,5339,İş İdaresi,Çalışma Ekonomisi ve Endüstri İlişkileri,3141,EA
333,5339,İş İdaresi,İktisat,3213,EA
333,5339,İş İdaresi,Kamu Yönetimi,3237,EA
333,5339,İş İdaresi,Maliye,3254,EA
333,5339,İş İdaresi,Siyaset Bilimi ve Kamu Yönetimi,3314,EA
333,5339,İş İdaresi,Sosyal Hizmet,6318,EA
333,5339,İş İdaresi,Uluslararası İlişkiler,3352,EA
333,5341,İşletme,İşletme,3226,EA
333,5341,İşletme,Halkla İlişkiler ve Reklamcılık,5111,SÖZ
333,5341,İşletme,Halkla İlişkiler ve Tanıtım,3198,SÖZ
333,5341,İşletme,Havacılık Yönetimi,9428,EA
333,5341,İşletme,Sağlık Yönetimi,6298,EA
333,5341,İşletme,Uluslararası Ticaret ve Lojistik,9009,EA
333,5341,İşletme,Çalışma Ekonomisi ve Endüstri İlişkileri,3141,EA
333,5341,İşletme,İktisat,3213,EA
333,5341,İşletme,Kamu Yönetimi,3237,EA
333,5341,İşletme,Maliye,3254,EA
333,5341,İşletme,Siyaset Bilimi ve Kamu Yönetimi,3314,EA
333,5341,İşletme,Sosyal Hizmet,6318,EA
333,5341,İşletme,Uluslararası İlişkiler,3352,EA
333,4296,İşletme Yönetimi,İşletme,3226,EA
333,4296,İşletme Yönetimi,Halkla İlişkiler ve Reklamcılık,5111,SÖZ
333,4296,İşletme Yönetimi,Halkla İlişkiler ve Tanıtım,3198,SÖZ
333,4296,İşletme Yönetimi,Havacılık Yönetimi,9428,EA
333,4296,İşletme Yönetimi,Sağlık Yönetimi,6298,EA
333,4296,İşletme Yönetimi,Uluslararası Ticaret ve Lojistik,9009,EA
333,4296,İşletme Yönetimi,Çalışma Ekonomisi ve Endüstri İlişkileri,3141,EA
333,4296,İşletme Yönetimi,İktisat,3213,EA
333,4296,İşletme Yönetimi,Kamu Yönetimi,3237,EA
333,4296,İşletme Yönetimi,Maliye,3254,EA
333,4296,İşletme Yönetimi,Siyaset Bilimi ve Kamu Yönetimi,3314,EA
333,4296,İşletme Yönetimi,Sosyal Hizmet,6318,EA
333,4296,İşletme Yönetimi,Uluslararası İlişkiler,3352,EA
333,1207,İşletmecilik,İşletme,3226,EA
333,1207,İşletmecilik,Halkla İlişkiler ve Reklamcılık,5111,SÖZ
333,1207,İşletmecilik,Halkla İlişkiler ve Tanıtım,3198,SÖZ
333,1207,İşletmecilik,Havacılık Yönetimi,9428,EA
333,1207,İşletmecilik,Sağlık Yönetimi,6298,EA
333,1207,İşletmecilik,Uluslararası Ticaret ve Lojistik,9009,EA
333,1207,İşletmecilik,Çalışma Ekonomisi ve Endüstri İlişkileri,3141,EA
333,1207,İşletmecilik,İktisat,3213,EA
333,1207,İşletmecilik,Kamu Yönetimi,3237,EA
333,1207,İşletmecilik,Maliye,3254,EA
333,1207,İşletmecilik,Siyaset Bilimi ve Kamu Yönetimi,3314,EA
333,1207,İşletmecilik,Sosyal Hizmet,6318,EA
333,1207,İşletmecilik,Uluslararası İlişkiler,3352,EA
333,4275,Güvenlik,İşletme,3226,EA
333,4275,Güvenlik,Halkla İlişkiler ve Reklamcılık,5111,SÖZ
333,4275,Güvenlik,Halkla İlişkiler ve Tanıtım,3198,SÖZ
333,4275,Güvenlik,Havacılık Yönetimi,9428,EA
333,4275,Güvenlik,Sağlık Yönetimi,6298,EA
333,4275,Güvenlik,Uluslararası Ticaret ve Lojistik,9009,EA
333,4275,Güvenlik,Çalışma Ekonomisi ve Endüstri İlişkileri,3141,EA
333,4275,Güvenlik,İktisat,3213,EA
333,4275,Güvenlik,Kamu Yönetimi,3237,EA
333,4275,Güvenlik,Maliye,3254,EA
333,4275,Güvenlik,Siyaset Bilimi ve Kamu Yönetimi,3314,EA
333,4275,Güvenlik,Sosyal Hizmet,6318,EA
333,4275,Güvenlik,Uluslararası İlişkiler,3352,EA
333,9483,Güvenlik Bilimleri,İşletme,3226,EA
333,9483,Güvenlik Bilimleri,Halkla İlişkiler ve Reklamcılık,5111,SÖZ
333,9483,Güvenlik Bilimleri,Halkla İlişkiler ve Tanıtım,3198,SÖZ
333,9483,Güvenlik Bilimleri,Havacılık Yönetimi,9428,EA
333,9483,Güvenlik Bilimleri,Sağlık Yönetimi,6298,EA
333,9483,Güvenlik Bilimleri,Uluslararası Ticaret ve Lojistik,9009,EA
333,9483,Güvenlik Bilimleri,Çalışma Ekonomisi ve Endüstri İlişkileri,3141,EA
333,9483,Güvenlik Bilimleri,İktisat,3213,EA
333,9483,Güvenlik Bilimleri,Kamu Yönetimi,3237,EA
333,9483,Güvenlik Bilimleri,Maliye,3254,EA
333,9483,Güvenlik Bilimleri,Siyaset Bilimi ve Kamu Yönetimi,3314,EA
333,9483,Güvenlik Bilimleri,Sosyal Hizmet,6318,EA
333,9483,Güvenlik Bilimleri,Uluslararası İlişkiler,3352,EA
333,9778,Güvenlik Hizmetleri,İşletme,3226,EA
333,9778,Güvenlik Hizmetleri,Halkla İlişkiler ve Reklamcılık,5111,SÖZ
333,9778,Güvenlik Hizmetleri,Halkla İlişkiler ve Tanıtım,3198,SÖZ
333,9778,Güvenlik Hizmetleri,Havacılık Yönetimi,9428,EA
333,9778,Güvenlik Hizmetleri,Sağlık Yönetimi,6298,EA
333,9778,Güvenlik Hizmetleri,Uluslararası Ticaret ve Lojistik,9009,EA
333,9778,Güvenlik Hizmetleri,Çalışma Ekonomisi ve Endüstri İlişkileri,3141,EA
333,9778,Güvenlik Hizmetleri,İktisat,3213,EA
333,9778,Güvenlik Hizmetleri,Kamu Yönetimi,3237,EA
333,9778,Güvenlik Hizmetleri,Maliye,3254,EA
333,9778,Güvenlik Hizmetleri,Siyaset Bilimi ve Kamu Yönetimi,3314,EA
333,9778,Güvenlik Hizmetleri,Sosyal Hizmet,6318,EA
333,9778,Güvenlik Hizmetleri,Uluslararası İlişkiler,3352,EA
333,9181,Güvenlik ve Koruma,İşletme,3226,EA
333,9181,Güvenlik ve Koruma,Halkla İlişkiler ve Reklamcılık,5111,SÖZ
333,9181,Güvenlik ve Koruma,Halkla İlişkiler ve Tanıtım,3198,SÖZ
333,9181,Güvenlik ve Koruma,Havacılık Yönetimi,9428,EA
333,9181,Güvenlik ve Koruma,Sağlık Yönetimi,6298,EA
333,9181,Güvenlik ve Koruma,Uluslararası Ticaret ve Lojistik,9009,EA
333,9181,Güvenlik ve Koruma,Çalışma Ekonomisi ve Endüstri İlişkileri,3141,EA
333,9181,Güvenlik ve Koruma,İktisat,3213,EA
333,9181,Güvenlik ve Koruma,Kamu Yönetimi,3237,EA
333,9181,Güvenlik ve Koruma,Maliye,3254,EA
333,9181,Güvenlik ve Koruma,Siyaset Bilimi ve Kamu Yönetimi,3314,EA
333,9181,Güvenlik ve Koruma,Sosyal Hizmet,6318,EA
333,9181,Güvenlik ve Koruma,Uluslararası İlişkiler,3352,EA
333,4292,İstihbarat,İşletme,3226,EA
333,4292,İstihbarat,Halkla İlişkiler ve Reklamcılık,5111,SÖZ
333,4292,İstihbarat,Halkla İlişkiler ve Tanıtım,3198,SÖZ
333,4292,İstihbarat,Havacılık Yönetimi,9428,EA
333,4292,İstihbarat,Sağlık Yönetimi,6298,EA
333,4292,İstihbarat,Uluslararası Ticaret ve Lojistik,9009,EA
333,4292,İstihbarat,Çalışma Ekonomisi ve Endüstri İlişkileri,3141,EA
333,4292,İstihbarat,İktisat,3213,EA
333,4292,İstihbarat,Kamu Yönetimi,3237,EA
333,4292,İstihbarat,Maliye,3254,EA
333,4292,İstihbarat,Siyaset Bilimi ve Kamu Yönetimi,3314,EA
333,4292,İstihbarat,Sosyal Hizmet,6318,EA
333,4292,İstihbarat,Uluslararası İlişkiler,3352,EA
333,8607,İş Sağlığı ve Güvenliği,İşletme,3226,EA
333,8607,İş Sağlığı ve Güvenliği,Halkla İlişkiler ve Reklamcılık,5111,SÖZ
333,8607,İş Sağlığı ve Güvenliği,Halkla İlişkiler ve Tanıtım,3198,SÖZ
333,8607,İş Sağlığı ve Güvenliği,Havacılık Yönetimi,9428,EA
333,8607,İş Sağlığı ve Güvenliği,Sağlık Yönetimi,6298,EA
333,8607,İş Sağlığı ve Güvenliği,Uluslararası Ticaret ve Lojistik,9009,EA
333,8607,İş Sağlığı ve Güvenliği,Çalışma Ekonomisi ve Endüstri İlişkileri,3141,EA
333,8607,İş Sağlığı ve Güvenliği,İktisat,3213,EA
333,8607,İş Sağlığı ve Güvenliği,Kamu Yönetimi,3237,EA
333,8607,İş Sağlığı ve Güvenliği,Maliye,3254,EA
333,8607,İş Sağlığı ve Güvenliği,Siyaset Bilimi ve Kamu Yönetimi,3314,EA
333,8607,İş Sağlığı ve Güvenliği,Sosyal Hizmet,6318,EA
333,8607,İş Sağlığı ve Güvenliği,Uluslararası İlişkiler,3352,EA
333,1205,İşçi Sağlığı ve İş Güvenliği,İşletme,3226,EA
333,1205,İşçi Sağlığı ve İş Güvenliği,Halkla İlişkiler ve Reklamcılık,5111,SÖZ
333,1205,İşçi Sağlığı ve İş Güvenliği,Halkla İlişkiler ve Tanıtım,3198,SÖZ
333,1205,İşçi Sağlığı ve İş Güvenliği,Havacılık Yönetimi,9428,EA
333,1205,İşçi Sağlığı ve İş Güvenliği,Sağlık Yönetimi,6298,EA
333,1205,İşçi Sağlığı ve İş Güvenliği,Uluslararası Ticaret ve Lojistik,9009,EA
333,1205,İşçi Sağlığı ve İş Güvenliği,Çalışma Ekonomisi ve Endüstri İlişkileri,3141,EA
333,1205,İşçi Sağlığı ve İş Güvenliği,İktisat,3213,EA
333,1205,İşçi Sağlığı ve İş Güvenliği,Kamu Yönetimi,3237,EA
333,1205,İşçi Sağlığı ve İş Güvenliği,Maliye,3254,EA
333,1205,İşçi Sağlığı ve İş Güvenliği,Siyaset Bilimi ve Kamu Yönetimi,3314,EA
333,1205,İşçi Sağlığı ve İş Güvenliği,Sosyal Hizmet,6318,EA
333,1205,İşçi Sağlığı ve İş Güvenliği,Uluslararası İlişkiler,3352,EA
333,8537,İtfaiyecilik ve Sivil Savunma,İşletme,3226,EA
333,8537,İtfaiyecilik ve Sivil Savunma,Halkla İlişkiler ve Reklamcılık,5111,SÖZ
333,8537,İtfaiyecilik ve Sivil Savunma,Halkla İlişkiler ve Tanıtım,3198,SÖZ
333,8537,İtfaiyecilik ve Sivil Savunma,Havacılık Yönetimi,9428,EA
333,8537,İtfaiyecilik ve Sivil Savunma,Sağlık Yönetimi,6298,EA
333,8537,İtfaiyecilik ve Sivil Savunma,Uluslararası Ticaret ve Lojistik,9009,EA
333,8537,İtfaiyecilik ve Sivil Savunma,Çalışma Ekonomisi ve Endüstri İlişkileri,3141,EA
333,8537,İtfaiyecilik ve Sivil Savunma,İktisat,3213,EA
333,8537,İtfaiyecilik ve Sivil Savunma,Kamu Yönetimi,3237,EA
333,8537,İtfaiyecilik ve Sivil Savunma,Maliye,3254,EA
333,8537,İtfaiyecilik ve Sivil Savunma,Siyaset Bilimi ve Kamu Yönetimi,3314,EA
333,8537,İtfaiyecilik ve Sivil Savunma,Sosyal Hizmet,6318,EA
333,8537,İtfaiyecilik ve Sivil Savunma,Uluslararası İlişkiler,3352,EA
333,1208,İtfaiyecilik ve Yangın Güvenliği,İşletme,3226,EA
333,1208,İtfaiyecilik ve Yangın Güvenliği,Halkla İlişkiler ve Reklamcılık,5111,SÖZ
333,1208,İtfaiyecilik ve Yangın Güvenliği,Halkla İlişkiler ve Tanıtım,3198,SÖZ
333,1208,İtfaiyecilik ve Yangın Güvenliği,Havacılık Yönetimi,9428,EA
333,1208,İtfaiyecilik ve Yangın Güvenliği,Sağlık Yönetimi,6298,EA
333,1208,İtfaiyecilik ve Yangın Güvenliği,Uluslararası Ticaret ve Lojistik,9009,EA
333,1208,İtfaiyecilik ve Yangın Güvenliği,Çalışma Ekonomisi ve Endüstri İlişkileri,3141,EA
333,1208,İtfaiyecilik ve Yangın Güvenliği,İktisat,3213,EA
333,1208,İtfaiyecilik ve Yangın Güvenliği,Kamu Yönetimi,3237,EA
333,1208,İtfaiyecilik ve Yangın Güvenliği,Maliye,3254,EA
333,1208,İtfaiyecilik ve Yangın Güvenliği,Siyaset Bilimi ve Kamu Yönetimi,3314,EA
333,1208,İtfaiyecilik ve Yangın Güvenliği,Sosyal Hizmet,6318,EA
333,1208,İtfaiyecilik ve Yangın Güvenliği,Uluslararası İlişkiler,3352,EA
333,5353,Özel Güvenlik ve Koruma,İşletme,3226,EA
333,5353,Özel Güvenlik ve Koruma,Halkla İlişkiler ve Reklamcılık,5111,SÖZ
333,5353,Özel Güvenlik ve Koruma,Halkla İlişkiler ve Tanıtım,3198,SÖZ
333,5353,Özel Güvenlik ve Koruma,Havacılık Yönetimi,9428,EA
333,5353,Özel Güvenlik ve Koruma,Sağlık Yönetimi,6298,EA
333,5353,Özel Güvenlik ve Koruma,Uluslararası Ticaret ve Lojistik,9009,EA
333,5353,Özel Güvenlik ve Koruma,Çalışma Ekonomisi ve Endüstri İlişkileri,3141,EA
333,5353,Özel Güvenlik ve Koruma,İktisat,3213,EA
333,5353,Özel Güvenlik ve Koruma,Kamu Yönetimi,3237,EA
333,5353,Özel Güvenlik ve Koruma,Maliye,3254,EA
333,5353,Özel Güvenlik ve Koruma,Siyaset Bilimi ve Kamu Yönetimi,3314,EA
333,5353,Özel Güvenlik ve Koruma,Sosyal Hizmet,6318,EA
333,5353,Özel Güvenlik ve Koruma,Uluslararası İlişkiler,3352,EA
333,9330,Sağlık Yönetimi,İşletme,3226,EA
333,9330,Sağlık Yönetimi,Halkla İlişkiler ve Reklamcılık,5111,SÖZ
333,9330,Sağlık Yönetimi,Halkla İlişkiler ve Tanıtım,3198,SÖZ
333,9330,Sağlık Yönetimi,Havacılık Yönetimi,9428,EA
333,9330,Sağlık Yönetimi,Sağlık Yönetimi,6298,EA
333,9330,Sağlık Yönetimi,Uluslararası Ticaret ve Lojistik,9009,EA
333,9330,Sağlık Yönetimi,Çalışma Ekonomisi ve Endüstri İlişkileri,3141,EA
333,9330,Sağlık Yönetimi,İktisat,3213,EA
333,9330,Sağlık Yönetimi,Kamu Yönetimi,3237,EA
333,9330,Sağlık Yönetimi,Maliye,3254,EA
333,9330,Sağlık Yönetimi,Siyaset Bilimi ve Kamu Yönetimi,3314,EA
333,9330,Sağlık Yönetimi,Sosyal Hizmet,6318,EA
333,9330,Sağlık Yönetimi,Uluslararası İlişkiler,3352,EA
333,6096,SAVUNMA HİZMETLERİ,İşletme,3226,EA
333,6096,SAVUNMA HİZMETLERİ,Halkla İlişkiler ve Reklamcılık,5111,SÖZ
333,6096,SAVUNMA HİZMETLERİ,Halkla İlişkiler ve Tanıtım,3198,SÖZ
333,6096,SAVUNMA HİZMETLERİ,Havacılık Yönetimi,9428,EA
333,6096,SAVUNMA HİZMETLERİ,Sağlık Yönetimi,6298,EA
333,6096,SAVUNMA HİZMETLERİ,Uluslararası Ticaret ve Lojistik,9009,EA
333,6096,SAVUNMA HİZMETLERİ,Çalışma Ekonomisi ve Endüstri İlişkileri,3141,EA
333,6096,SAVUNMA HİZMETLERİ,İktisat,3213,EA
333,6096,SAVUNMA HİZMETLERİ,Kamu Yönetimi,3237,EA
333,6096,SAVUNMA HİZMETLERİ,Maliye,3254,EA
333,6096,SAVUNMA HİZMETLERİ,Siyaset Bilimi ve Kamu Yönetimi,3314,EA
333,6096,SAVUNMA HİZMETLERİ,Sosyal Hizmet,6318,EA
333,6096,SAVUNMA HİZMETLERİ,Uluslararası İlişkiler,3352,EA
333,5359,Savunma ve Güvenlik,İşletme,3226,EA
333,5359,Savunma ve Güvenlik,Halkla İlişkiler ve Reklamcılık,5111,SÖZ
333,5359,Savunma ve Güvenlik,Halkla İlişkiler ve Tanıtım,3198,SÖZ
333,5359,Savunma ve Güvenlik,Havacılık Yönetimi,9428,EA
333,5359,Savunma ve Güvenlik,Sağlık Yönetimi,6298,EA
333,5359,Savunma ve Güvenlik,Uluslararası Ticaret ve Lojistik,9009,EA
333,5359,Savunma ve Güvenlik,Çalışma Ekonomisi ve Endüstri İlişkileri,3141,EA
333,5359,Savunma ve Güvenlik,İktisat,3213,EA
333,5359,Savunma ve Güvenlik,Kamu Yönetimi,3237,EA
333,5359,Savunma ve Güvenlik,Maliye,3254,EA
333,5359,Savunma ve Güvenlik,Siyaset Bilimi ve Kamu Yönetimi,3314,EA
333,5359,Savunma ve Güvenlik,Sosyal Hizmet,6318,EA
333,5359,Savunma ve Güvenlik,Uluslararası İlişkiler,3352,EA
333,9023,Sivil Savunma ve İtfaiyecilik,İşletme,3226,EA
333,9023,Sivil Savunma ve İtfaiyecilik,Halkla İlişkiler ve Reklamcılık,5111,SÖZ
333,9023,Sivil Savunma ve İtfaiyecilik,Halkla İlişkiler ve Tanıtım,3198,SÖZ
333,9023,Sivil Savunma ve İtfaiyecilik,Havacılık Yönetimi,9428,EA
333,9023,Sivil Savunma ve İtfaiyecilik,Sağlık Yönetimi,6298,EA
333,9023,Sivil Savunma ve İtfaiyecilik,Uluslararası Ticaret ve Lojistik,9009,EA
333,9023,Sivil Savunma ve İtfaiyecilik,Çalışma Ekonomisi ve Endüstri İlişkileri,3141,EA
333,9023,Sivil Savunma ve İtfaiyecilik,İktisat,3213,EA
333,9023,Sivil Savunma ve İtfaiyecilik,Kamu Yönetimi,3237,EA
333,9023,Sivil Savunma ve İtfaiyecilik,Maliye,3254,EA
333,9023,Sivil Savunma ve İtfaiyecilik,Siyaset Bilimi ve Kamu Yönetimi,3314,EA
333,9023,Sivil Savunma ve İtfaiyecilik,Sosyal Hizmet,6318,EA
333,9023,Sivil Savunma ve İtfaiyecilik,Uluslararası İlişkiler,3352,EA
334,1185,Halkla İlişkiler,Sosyoloji,3319,EA
334,1186,Halkla İlişkiler ve Reklamcılık,Sosyoloji,3319,EA
334,8531,Halkla İlişkiler ve Tanıtım,Sosyoloji,3319,EA
335,4278,Harekat,Çalışma Ekonomisi ve Endüstri İlişkileri,3141,EA
335,4278,Harekat,Halkla İlişkiler ve Reklamcılık,5111,SÖZ
335,4278,Harekat,Halkla İlişkiler ve Tanıtım,3198,SÖZ
335,4278,Harekat,Havacılık Yönetimi,9428,EA
335,4278,Harekat,İktisat,3213,EA
335,4278,Harekat,İşletme,3226,EA
335,4278,Harekat,Kamu Yönetimi,3237,EA
335,4278,Harekat,Maliye,3254,EA
335,4278,Harekat,Siyaset Bilimi ve Kamu Yönetimi,3314,EA
335,4278,Harekat,Uluslararası İlişkiler,3352,EA
335,4278,Harekat,Uluslararası Ticaret ve Lojistik,9009,EA
335,4279,Hava Lojistiği,Çalışma Ekonomisi ve Endüstri İlişkileri,3141,EA
335,4279,Hava Lojistiği,Halkla İlişkiler ve Reklamcılık,5111,SÖZ
335,4279,Hava Lojistiği,Halkla İlişkiler ve Tanıtım,3198,SÖZ
335,4279,Hava Lojistiği,Havacılık Yönetimi,9428,EA
335,4279,Hava Lojistiği,İktisat,3213,EA
335,4279,Hava Lojistiği,İşletme,3226,EA
335,4279,Hava Lojistiği,Kamu Yönetimi,3237,EA
335,4279,Hava Lojistiği,Maliye,3254,EA
335,4279,Hava Lojistiği,Siyaset Bilimi ve Kamu Yönetimi,3314,EA
335,4279,Hava Lojistiği,Uluslararası İlişkiler,3352,EA
335,4279,Hava Lojistiği,Uluslararası Ticaret ve Lojistik,9009,EA
336,8536,İnternet İle Pazarlama,Uluslararası Ticaret ve Lojistik,9009,EA
336,4318,Marka İletişimi,Uluslararası Ticaret ve Lojistik,9009,EA
336,1276,Piyasa Araştırmaları ve Pazarlama,Uluslararası Ticaret ve Lojistik,9009,EA
336,1277,Piyasa Araştırmaları ve Reklamcılık,Uluslararası Ticaret ve Lojistik,9009,EA
336,6292,Satış ve Reklam Yönetimi,Uluslararası Ticaret ve Lojistik,9009,EA
336,1293,Satış Yönetimi,Uluslararası Ticaret ve Lojistik,9009,EA
336,1331,Tıbbi Mümessillik ve Pazarlama,Uluslararası Ticaret ve Lojistik,9009,EA
336,9089,Tıbbi Tanıtım ve Pazarlama,Uluslararası Ticaret ve Lojistik,9009,EA
337,9182,Kamu Güvenlik ve Asayişin Sağlanması,Halkla İlişkiler ve Reklamcılık,5111,SÖZ
337,9182,Kamu Güvenlik ve Asayişin Sağlanması,Halkla İlişkiler ve Tanıtım,3198,SÖZ
337,9182,Kamu Güvenlik ve Asayişin Sağlanması,Sosyal Hizmet,6318,EA
337,2110,Sağlık Kurumları İşletmeciliği,Halkla İlişkiler ve Reklamcılık,5111,SÖZ
337,2110,Sağlık Kurumları İşletmeciliği,Halkla İlişkiler ve Tanıtım,3198,SÖZ
337,2110,Sağlık Kurumları İşletmeciliği,Sosyal Hizmet,6318,EA
338,1458,Mahkeme Büro Hizmetleri,Halkla İlişkiler ve Tanıtım,3198,SÖZ
338,1458,Mahkeme Büro Hizmetleri,İşletme,3226,EA
338,1458,Mahkeme Büro Hizmetleri,Kamu Yönetimi,3237,EA
338,1458,Mahkeme Büro Hizmetleri,Siyaset Bilimi ve Kamu Yönetimi,3314,EA
339,9563,Nüfus ve Vatandaşlık,Halkla İlişkiler ve Tanıtım,3198,SÖZ
339,9563,Nüfus ve Vatandaşlık,Kamu Yönetimi,3237,EA
339,9563,Nüfus ve Vatandaşlık,Siyaset Bilimi ve Kamu Yönetimi,3314,EA
340,1268,Pazarlama,Havacılık Yönetimi,9428,EA
340,1268,Pazarlama,Uluslararası Ticaret ve Lojistik,9009,EA
340,8553,Pazarlama ve Satış,Havacılık Yönetimi,9428,EA
340,8553,Pazarlama ve Satış,Uluslararası Ticaret ve Lojistik,9009,EA
340,1269,Perakende Satış ve Mağaza Yönetimi,Havacılık Yönetimi,9428,EA
340,1269,Perakende Satış ve Mağaza Yönetimi,Uluslararası Ticaret ve Lojistik,9009,EA
340,1270,Perakendecilik ve Mağaza Yönetimi,Havacılık Yönetimi,9428,EA
340,1270,Perakendecilik ve Mağaza Yönetimi,Uluslararası Ticaret ve Lojistik,9009,EA
341,2111,Sosyal Bilimler,Sosyoloji,3319,EA
341,2111,Sosyal Bilimler,Uluslararası Ticaret ve Lojistik,9009,EA
342,4352,Sosyal Hizmetler,Halkla İlişkiler ve Reklamcılık,5111,SÖZ
342,4352,Sosyal Hizmetler,Halkla İlişkiler ve Tanıtım,3198,SÖZ
342,4352,Sosyal Hizmetler,Sosyoloji,3319,EA
343,1312,Tapu Kadastro Meslek Yüksekokulu,Çalışma Ekonomisi ve Endüstri İlişkileri,3141,EA
343,1312,Tapu Kadastro Meslek Yüksekokulu,Halkla İlişkiler ve Reklamcılık,5111,SÖZ
343,1312,Tapu Kadastro Meslek Yüksekokulu,Halkla İlişkiler ve Tanıtım,3198,SÖZ
343,1312,Tapu Kadastro Meslek Yüksekokulu,İktisat,3213,EA
343,1312,Tapu Kadastro Meslek Yüksekokulu,İşletme,3226,EA
343,1312,Tapu Kadastro Meslek Yüksekokulu,Maliye,3254,EA
343,1312,Tapu Kadastro Meslek Yüksekokulu,Uluslararası İlişkiler,3352,EA
343,8567,Tapu ve Kadastro / Tapu Kadastro,Çalışma Ekonomisi ve Endüstri İlişkileri,3141,EA
343,8567,Tapu ve Kadastro / Tapu Kadastro,Halkla İlişkiler ve Reklamcılık,5111,SÖZ
343,8567,Tapu ve Kadastro / Tapu Kadastro,Halkla İlişkiler ve Tanıtım,3198,SÖZ
343,8567,Tapu ve Kadastro / Tapu Kadastro,İktisat,3213,EA
343,8567,Tapu ve Kadastro / Tapu Kadastro,İşletme,3226,EA
343,8567,Tapu ve Kadastro / Tapu Kadastro,Maliye,3254,EA
343,8567,Tapu ve Kadastro / Tapu Kadastro,Uluslararası İlişkiler,3352,EA
344,1333,Ticaret ve Yönetim,Halkla İlişkiler ve Reklamcılık,5111,SÖZ
344,1333,Ticaret ve Yönetim,Halkla İlişkiler ve Tanıtım,3198,SÖZ
344,1333,Ticaret ve Yönetim,Havacılık Yönetimi,9428,EA
344,1333,Ticaret ve Yönetim,Uluslararası Ticaret ve Lojistik,9009,EA
344,1333,Ticaret ve Yönetim,Yönetim Bilişim Sistemleri,3361,EA
345,9564,Yeni Medya ve Gazetecilik,Halkla İlişkiler ve Reklamcılık,5111,SÖZ
345,9564,Yeni Medya ve Gazetecilik,Reklamcılık,3291,SÖZ
346,9590,Yöneticilik,Halkla İlişkiler ve Reklamcılık,5111,SÖZ
346,9590,Yöneticilik,Halkla İlişkiler ve Tanıtım,3198,SÖZ
346,9590,Yöneticilik,Havacılık Yönetimi,9428,EA
346,9590,Yöneticilik,Sağlık Yönetimi,6298,EA
346,9590,Yöneticilik,Uluslararası Ticaret ve Lojistik,9009,EA
346,9590,Yöneticilik,Yönetim Bilişim Sistemleri,3361,EA
346,4406,Yönetim,Halkla İlişkiler ve Reklamcılık,5111,SÖZ
346,4406,Yönetim,Halkla İlişkiler ve Tanıtım,3198,SÖZ
346,4406,Yönetim,Havacılık Yönetimi,9428,EA
346,4406,Yönetim,Sağlık Yönetimi,6298,EA
346,4406,Yönetim,Uluslararası Ticaret ve Lojistik,9009,EA
346,4406,Yönetim,Yönetim Bilişim Sistemleri,3361,EA
